{
"type": "FeatureCollection",
"name": "manual_add_candidate_roads",
"crs": { "type": "name", "properties": { "name": "urn:ogc:def:crs:OGC:1.3:CRS84" } },
"features": [
{ "type": "Feature", "properties": { "u": 389414184, "v": 389414186, "key": 0, "osmid": "33995219", "highway": [ "unclassified" ], "oneway": false, "reversed": "False", "length": 11.571451277882977, "lanes": null, "name": null, "ref": null, "bridge": null, "maxspeed": null, "tunnel": null, "manual_add_candidate": true, "priority": 1 }, "geometry": { "type": "LineString", "coordinates": [ [ 141.890203, 43.4334573 ], [ 141.890062699999987, 43.4334785 ] ] } },
{ "type": "Feature", "properties": { "u": 389414186, "v": 389414184, "key": 0, "osmid": "33995219", "highway": [ "unclassified" ], "oneway": false, "reversed": "True", "length": 11.571451277882977, "lanes": null, "name": null, "ref": null, "bridge": null, "maxspeed": null, "tunnel": null, "manual_add_candidate": true, "priority": 1 }, "geometry": { "type": "LineString", "coordinates": [ [ 141.890062699999987, 43.4334785 ], [ 141.890203, 43.4334573 ] ] } },
{ "type": "Feature", "properties": { "u": 389414186, "v": 1938413440, "key": 0, "osmid": "33995219", "highway": [ "unclassified" ], "oneway": false, "reversed": "False", "length": 228.03392004612283, "lanes": null, "name": null, "ref": null, "bridge": null, "maxspeed": null, "tunnel": null, "manual_add_candidate": true, "priority": 1 }, "geometry": { "type": "LineString", "coordinates": [ [ 141.890062699999987, 43.4334785 ], [ 141.8894401, 43.4335751 ], [ 141.8873106, 43.4339382 ] ] } },
{ "type": "Feature", "properties": { "u": 389414192, "v": 1938413440, "key": 0, "osmid": "33995219", "highway": [ "unclassified" ], "oneway": false, "reversed": "True", "length": 51.086860451736413, "lanes": null, "name": null, "ref": null, "bridge": null, "maxspeed": null, "tunnel": null, "manual_add_candidate": true, "priority": 1 }, "geometry": { "type": "LineString", "coordinates": [ [ 141.8866933, 43.4340389 ], [ 141.8873106, 43.4339382 ] ] } },
{ "type": "Feature", "properties": { "u": 501816742, "v": 1938413416, "key": 0, "osmid": "183465927", "highway": [ "unclassified" ], "oneway": false, "reversed": "False", "length": 72.916241743942706, "lanes": null, "name": null, "ref": null, "bridge": null, "maxspeed": null, "tunnel": null, "manual_add_candidate": true, "priority": 1 }, "geometry": { "type": "LineString", "coordinates": [ [ 141.8896581, 43.4318293 ], [ 141.890544, 43.4317023 ] ] } },
{ "type": "Feature", "properties": { "u": 501816742, "v": 5424606150, "key": 0, "osmid": "183465927", "highway": [ "unclassified" ], "oneway": false, "reversed": "True", "length": 55.014255294362144, "lanes": null, "name": null, "ref": null, "bridge": null, "maxspeed": null, "tunnel": null, "manual_add_candidate": true, "priority": 1 }, "geometry": { "type": "LineString", "coordinates": [ [ 141.8896581, 43.4318293 ], [ 141.888993199999987, 43.4319372 ] ] } },
{ "type": "Feature", "properties": { "u": 501824711, "v": 1938412451, "key": 0, "osmid": "761397572", "highway": [ "unclassified" ], "oneway": false, "reversed": "True", "length": 23.974493281771888, "lanes": null, "name": null, "ref": null, "bridge": null, "maxspeed": null, "tunnel": null, "manual_add_candidate": true, "priority": 1 }, "geometry": { "type": "LineString", "coordinates": [ [ 141.8645473, 43.420273 ], [ 141.8648071, 43.4201687 ] ] } },
{ "type": "Feature", "properties": { "u": 501824718, "v": 1938412084, "key": 0, "osmid": "226201642", "highway": [ "unclassified" ], "oneway": false, "reversed": "True", "length": 690.45016719873001, "lanes": null, "name": null, "ref": null, "bridge": null, "maxspeed": null, "tunnel": null, "manual_add_candidate": true, "priority": 1 }, "geometry": { "type": "LineString", "coordinates": [ [ 141.85495, 43.416427 ], [ 141.8633231, 43.4151763 ] ] } },
{ "type": "Feature", "properties": { "u": 501824726, "v": 2350611865, "key": 0, "osmid": "226201610", "highway": [ "unclassified" ], "oneway": false, "reversed": "True", "length": 373.30507211346355, "lanes": null, "name": null, "ref": null, "bridge": null, "maxspeed": null, "tunnel": null, "manual_add_candidate": true, "priority": 1 }, "geometry": { "type": "LineString", "coordinates": [ [ 141.8422165, 43.408044 ], [ 141.8467307, 43.4073258 ] ] } },
{ "type": "Feature", "properties": { "u": 1383046098, "v": 1938411877, "key": 0, "osmid": "183466120", "highway": [ "unclassified" ], "oneway": false, "reversed": "True", "length": 171.50374470132959, "lanes": null, "name": null, "ref": null, "bridge": null, "maxspeed": null, "tunnel": null, "manual_add_candidate": true, "priority": 1 }, "geometry": { "type": "LineString", "coordinates": [ [ 141.8726553, 43.3986056 ], [ 141.8731148, 43.4001114 ] ] } },
{ "type": "Feature", "properties": { "u": 1383046127, "v": 2350611202, "key": 0, "osmid": "226201532", "highway": [ "unclassified" ], "oneway": false, "reversed": "True", "length": 287.16265561375582, "lanes": null, "name": null, "ref": null, "bridge": null, "maxspeed": null, "tunnel": null, "manual_add_candidate": true, "priority": 1 }, "geometry": { "type": "LineString", "coordinates": [ [ 141.851374, 43.3988 ], [ 141.852107, 43.401327 ] ] } },
{ "type": "Feature", "properties": { "u": 1383046127, "v": 2350610714, "key": 0, "osmid": "226201571", "highway": [ "unclassified" ], "oneway": false, "reversed": "False", "length": 276.61804220108178, "lanes": null, "name": null, "ref": null, "bridge": null, "maxspeed": null, "tunnel": null, "manual_add_candidate": true, "priority": 1 }, "geometry": { "type": "LineString", "coordinates": [ [ 141.851374, 43.3988 ], [ 141.850641, 43.39637 ] ] } },
{ "type": "Feature", "properties": { "u": 1726858692, "v": 2350616832, "key": 0, "osmid": "226201395", "highway": [ "unclassified" ], "oneway": false, "reversed": "True", "length": 205.19073686549953, "lanes": null, "name": null, "ref": null, "bridge": null, "maxspeed": null, "tunnel": null, "manual_add_candidate": true, "priority": 1 }, "geometry": { "type": "LineString", "coordinates": [ [ 141.9239073, 43.4516434 ], [ 141.9239045, 43.4518171 ], [ 141.9238513, 43.451986 ], [ 141.9237708, 43.4521133 ], [ 141.9236122, 43.4523097 ], [ 141.9234315, 43.4524533 ], [ 141.923272200000014, 43.4525305 ], [ 141.9231063, 43.4525949 ], [ 141.9227932, 43.4526577 ], [ 141.9222197, 43.4527416 ] ] } },
{ "type": "Feature", "properties": { "u": 1726858692, "v": 1938413563, "key": 0, "osmid": "226201773", "highway": [ "unclassified" ], "oneway": false, "reversed": "False", "length": 467.80397889641267, "lanes": null, "name": null, "ref": null, "bridge": null, "maxspeed": null, "tunnel": null, "manual_add_candidate": true, "priority": 1 }, "geometry": { "type": "LineString", "coordinates": [ [ 141.9239073, 43.4516434 ], [ 141.9238852, 43.4514987 ], [ 141.9237923, 43.451178 ], [ 141.9235825, 43.4504509 ], [ 141.923547899999988, 43.4503313 ], [ 141.9227376, 43.4475236 ] ] } },
{ "type": "Feature", "properties": { "u": 1938411876, "v": 1938411880, "key": 0, "osmid": "183466216", "highway": [ "unclassified" ], "oneway": false, "reversed": "True", "length": 479.26799459459266, "lanes": null, "name": null, "ref": null, "bridge": null, "maxspeed": null, "tunnel": null, "manual_add_candidate": true, "priority": 1 }, "geometry": { "type": "LineString", "coordinates": [ [ 141.8962875, 43.3996833 ], [ 141.8904851, 43.4005799 ] ] } },
{ "type": "Feature", "properties": { "u": 1938411876, "v": 2350610972, "key": 0, "osmid": "183466216", "highway": [ "unclassified" ], "oneway": false, "reversed": "False", "length": 494.60000139529689, "lanes": null, "name": null, "ref": null, "bridge": null, "maxspeed": null, "tunnel": null, "manual_add_candidate": true, "priority": 1 }, "geometry": { "type": "LineString", "coordinates": [ [ 141.8962875, 43.3996833 ], [ 141.900353700000011, 43.3990584 ], [ 141.9021472, 43.398801 ], [ 141.902283399999988, 43.3987871 ] ] } },
{ "type": "Feature", "properties": { "u": 1938411877, "v": 1383046098, "key": 0, "osmid": "183466120", "highway": [ "unclassified" ], "oneway": false, "reversed": "False", "length": 171.50374470132959, "lanes": null, "name": null, "ref": null, "bridge": null, "maxspeed": null, "tunnel": null, "manual_add_candidate": true, "priority": 1 }, "geometry": { "type": "LineString", "coordinates": [ [ 141.8731148, 43.4001114 ], [ 141.8726553, 43.3986056 ] ] } },
{ "type": "Feature", "properties": { "u": 1938411877, "v": 1938411906, "key": 0, "osmid": [ 183466120, 183465984, 183466167 ], "highway": [ "unclassified" ], "oneway": false, "reversed": "True", "length": 344.86254205251248, "lanes": null, "name": null, "ref": null, "bridge": "yes", "maxspeed": null, "tunnel": null, "manual_add_candidate": true, "priority": 1 }, "geometry": { "type": "LineString", "coordinates": [ [ 141.8731148, 43.4001114 ], [ 141.8735001, 43.4014314 ], [ 141.8736141, 43.4018357 ], [ 141.8740044, 43.4031447 ] ] } },
{ "type": "Feature", "properties": { "u": 1938411880, "v": 1938411876, "key": 0, "osmid": "183466216", "highway": [ "unclassified" ], "oneway": false, "reversed": "False", "length": 479.26799459459266, "lanes": null, "name": null, "ref": null, "bridge": null, "maxspeed": null, "tunnel": null, "manual_add_candidate": true, "priority": 1 }, "geometry": { "type": "LineString", "coordinates": [ [ 141.8904851, 43.4005799 ], [ 141.8962875, 43.3996833 ] ] } },
{ "type": "Feature", "properties": { "u": 1938411880, "v": 2350611177, "key": 0, "osmid": "183466216", "highway": [ "unclassified" ], "oneway": false, "reversed": "True", "length": 241.93507630982339, "lanes": null, "name": null, "ref": null, "bridge": null, "maxspeed": null, "tunnel": null, "manual_add_candidate": true, "priority": 1 }, "geometry": { "type": "LineString", "coordinates": [ [ 141.8904851, 43.4005799 ], [ 141.89026530000001, 43.4006141 ], [ 141.8875568, 43.4010352 ] ] } },
{ "type": "Feature", "properties": { "u": 1938411889, "v": 1938411892, "key": 0, "osmid": "183466216", "highway": [ "unclassified" ], "oneway": false, "reversed": "True", "length": 10.79629741939571, "lanes": null, "name": null, "ref": null, "bridge": null, "maxspeed": null, "tunnel": null, "manual_add_candidate": true, "priority": 1 }, "geometry": { "type": "LineString", "coordinates": [ [ 141.8809708, 43.4020568 ], [ 141.880842800000011, 43.4020847 ] ] } },
{ "type": "Feature", "properties": { "u": 1938411889, "v": 2350611235, "key": 0, "osmid": "183466216", "highway": [ "unclassified" ], "oneway": false, "reversed": "False", "length": 211.44450558751811, "lanes": null, "name": null, "ref": null, "bridge": null, "maxspeed": null, "tunnel": null, "manual_add_candidate": true, "priority": 1 }, "geometry": { "type": "LineString", "coordinates": [ [ 141.8809708, 43.4020568 ], [ 141.8827192, 43.4017821 ], [ 141.8827637, 43.4017753 ], [ 141.8835298, 43.4016579 ] ] } },
{ "type": "Feature", "properties": { "u": 1938411892, "v": 1938411889, "key": 0, "osmid": "183466216", "highway": [ "unclassified" ], "oneway": false, "reversed": "False", "length": 10.79629741939571, "lanes": null, "name": null, "ref": null, "bridge": null, "maxspeed": null, "tunnel": null, "manual_add_candidate": true, "priority": 1 }, "geometry": { "type": "LineString", "coordinates": [ [ 141.880842800000011, 43.4020847 ], [ 141.8809708, 43.4020568 ] ] } },
{ "type": "Feature", "properties": { "u": 1938411892, "v": 2350611395, "key": 0, "osmid": "183466216", "highway": [ "unclassified" ], "oneway": false, "reversed": "True", "length": 361.76184606742186, "lanes": null, "name": null, "ref": null, "bridge": null, "maxspeed": null, "tunnel": null, "manual_add_candidate": true, "priority": 1 }, "geometry": { "type": "LineString", "coordinates": [ [ 141.880842800000011, 43.4020847 ], [ 141.8764646, 43.4027674 ] ] } },
{ "type": "Feature", "properties": { "u": 1938411906, "v": 1938411952, "key": 0, "osmid": "183466167", "highway": [ "unclassified" ], "oneway": false, "reversed": "True", "length": 321.26908684116682, "lanes": null, "name": null, "ref": null, "bridge": null, "maxspeed": null, "tunnel": null, "manual_add_candidate": true, "priority": 1 }, "geometry": { "type": "LineString", "coordinates": [ [ 141.8740044, 43.4031447 ], [ 141.8748162, 43.4059731 ] ] } },
{ "type": "Feature", "properties": { "u": 1938411906, "v": 2350611395, "key": 0, "osmid": "183466216", "highway": [ "unclassified" ], "oneway": false, "reversed": "False", "length": 203.1332929409119, "lanes": null, "name": null, "ref": null, "bridge": null, "maxspeed": null, "tunnel": null, "manual_add_candidate": true, "priority": 1 }, "geometry": { "type": "LineString", "coordinates": [ [ 141.8740044, 43.4031447 ], [ 141.8764646, 43.4027674 ] ] } },
{ "type": "Feature", "properties": { "u": 1938411906, "v": 2350611537, "key": 0, "osmid": "183466216", "highway": [ "unclassified" ], "oneway": false, "reversed": "True", "length": 277.02570632683995, "lanes": null, "name": null, "ref": null, "bridge": null, "maxspeed": null, "tunnel": null, "manual_add_candidate": true, "priority": 1 }, "geometry": { "type": "LineString", "coordinates": [ [ 141.8740044, 43.4031447 ], [ 141.8706527, 43.403671 ] ] } },
{ "type": "Feature", "properties": { "u": 1938411906, "v": 1938411877, "key": 0, "osmid": [ 183465984, 183466120, 183466167 ], "highway": [ "unclassified" ], "oneway": false, "reversed": "False", "length": 344.86254205251248, "lanes": null, "name": null, "ref": null, "bridge": "yes", "maxspeed": null, "tunnel": null, "manual_add_candidate": true, "priority": 1 }, "geometry": { "type": "LineString", "coordinates": [ [ 141.8740044, 43.4031447 ], [ 141.8736141, 43.4018357 ], [ 141.8735001, 43.4014314 ], [ 141.8731148, 43.4001114 ] ] } },
{ "type": "Feature", "properties": { "u": 1938411936, "v": 2350611537, "key": 0, "osmid": "183466216", "highway": [ "unclassified" ], "oneway": false, "reversed": "False", "length": 446.42928142641034, "lanes": null, "name": null, "ref": null, "bridge": null, "maxspeed": null, "tunnel": null, "manual_add_candidate": true, "priority": 1 }, "geometry": { "type": "LineString", "coordinates": [ [ 141.86525, 43.4045146 ], [ 141.8706527, 43.403671 ] ] } },
{ "type": "Feature", "properties": { "u": 1938411936, "v": 1938411958, "key": 0, "osmid": [ 183466072, 183466186 ], "highway": [ "unclassified" ], "oneway": false, "reversed": "False", "length": 491.37917462881336, "lanes": null, "name": null, "ref": null, "bridge": null, "maxspeed": null, "tunnel": null, "manual_add_candidate": true, "priority": 1 }, "geometry": { "type": "LineString", "coordinates": [ [ 141.86525, 43.4045146 ], [ 141.8661241, 43.4072856 ], [ 141.868251500000014, 43.406976 ] ] } },
{ "type": "Feature", "properties": { "u": 1938411936, "v": 1938411948, "key": 0, "osmid": "183466214", "highway": [ "unclassified" ], "oneway": false, "reversed": "False", "length": 375.69563895471197, "lanes": null, "name": null, "ref": null, "bridge": null, "maxspeed": null, "tunnel": null, "manual_add_candidate": true, "priority": 1 }, "geometry": { "type": "LineString", "coordinates": [ [ 141.86525, 43.4045146 ], [ 141.8617515, 43.4050668 ], [ 141.8613633, 43.4052181 ], [ 141.8608922, 43.4055219 ] ] } },
{ "type": "Feature", "properties": { "u": 1938411937, "v": 2350611775, "key": 0, "osmid": "226201593", "highway": [ "unclassified" ], "oneway": false, "reversed": "True", "length": 545.75053241746764, "lanes": null, "name": null, "ref": null, "bridge": null, "maxspeed": null, "tunnel": null, "manual_add_candidate": true, "priority": 1 }, "geometry": { "type": "LineString", "coordinates": [ [ 141.8977007, 43.4046985 ], [ 141.8910912, 43.4057138 ] ] } },
{ "type": "Feature", "properties": { "u": 1938411939, "v": 1938411942, "key": 0, "osmid": "183466186", "highway": [ "unclassified" ], "oneway": false, "reversed": "True", "length": 9.9960230901591771, "lanes": null, "name": null, "ref": null, "bridge": null, "maxspeed": null, "tunnel": null, "manual_add_candidate": true, "priority": 1 }, "geometry": { "type": "LineString", "coordinates": [ [ 141.8817602, 43.4048596 ], [ 141.8816392, 43.4048784 ] ] } },
{ "type": "Feature", "properties": { "u": 1938411942, "v": 1938411939, "key": 0, "osmid": "183466186", "highway": [ "unclassified" ], "oneway": false, "reversed": "False", "length": 9.9960230901591771, "lanes": null, "name": null, "ref": null, "bridge": null, "maxspeed": null, "tunnel": null, "manual_add_candidate": true, "priority": 1 }, "geometry": { "type": "LineString", "coordinates": [ [ 141.8816392, 43.4048784 ], [ 141.8817602, 43.4048596 ] ] } },
{ "type": "Feature", "properties": { "u": 1938411942, "v": 2350611754, "key": 0, "osmid": "183466186", "highway": [ "unclassified" ], "oneway": false, "reversed": "True", "length": 349.94940087711632, "lanes": null, "name": null, "ref": null, "bridge": null, "maxspeed": null, "tunnel": null, "manual_add_candidate": true, "priority": 1 }, "geometry": { "type": "LineString", "coordinates": [ [ 141.8816392, 43.4048784 ], [ 141.8774071, 43.40555 ] ] } },
{ "type": "Feature", "properties": { "u": 1938411948, "v": 10043621314, "key": 0, "osmid": [ 183466154, 183465932, 183466214 ], "highway": [ "unclassified" ], "oneway": false, "reversed": "False", "length": 877.73368828188791, "lanes": null, "name": null, "ref": null, "bridge": "yes", "maxspeed": null, "tunnel": null, "manual_add_candidate": true, "priority": 1 }, "geometry": { "type": "LineString", "coordinates": [ [ 141.8608922, 43.4055219 ], [ 141.8607704, 43.405727 ], [ 141.860676899999987, 43.4060013 ], [ 141.8606681, 43.4062577 ], [ 141.860804, 43.4068379 ], [ 141.861593, 43.4097012 ], [ 141.861607, 43.4097405 ], [ 141.8617562, 43.4102152 ], [ 141.8617784, 43.4102879 ], [ 141.8620535, 43.4111586 ], [ 141.862708700000013, 43.4132319 ] ] } },
{ "type": "Feature", "properties": { "u": 1938411948, "v": 1938411936, "key": 0, "osmid": "183466214", "highway": [ "unclassified" ], "oneway": false, "reversed": "True", "length": 375.69563895471191, "lanes": null, "name": null, "ref": null, "bridge": null, "maxspeed": null, "tunnel": null, "manual_add_candidate": true, "priority": 1 }, "geometry": { "type": "LineString", "coordinates": [ [ 141.8608922, 43.4055219 ], [ 141.8613633, 43.4052181 ], [ 141.8617515, 43.4050668 ], [ 141.86525, 43.4045146 ] ] } },
{ "type": "Feature", "properties": { "u": 1938411948, "v": 2350611692, "key": 0, "osmid": [ 226201639, 226201544, 226201515, 226201625, 226201466 ], "highway": [ "unclassified" ], "oneway": false, "reversed": [ false, true ], "length": 85.923295304914234, "lanes": null, "name": null, "ref": null, "bridge": "yes", "maxspeed": null, "tunnel": null, "manual_add_candidate": true, "priority": 1 }, "geometry": { "type": "LineString", "coordinates": [ [ 141.8608922, 43.4055219 ], [ 141.8607812, 43.4054518 ], [ 141.8606566, 43.4053959 ], [ 141.860192399999988, 43.4051456 ], [ 141.8601143, 43.4051095 ], [ 141.860028, 43.4050736 ] ] } },
{ "type": "Feature", "properties": { "u": 1938411952, "v": 1938411906, "key": 0, "osmid": "183466167", "highway": [ "unclassified" ], "oneway": false, "reversed": "False", "length": 321.26908684116682, "lanes": null, "name": null, "ref": null, "bridge": null, "maxspeed": null, "tunnel": null, "manual_add_candidate": true, "priority": 1 }, "geometry": { "type": "LineString", "coordinates": [ [ 141.8748162, 43.4059731 ], [ 141.8740044, 43.4031447 ] ] } },
{ "type": "Feature", "properties": { "u": 1938411952, "v": 2350611754, "key": 0, "osmid": "183466186", "highway": [ "unclassified" ], "oneway": false, "reversed": "False", "length": 214.5252403227752, "lanes": null, "name": null, "ref": null, "bridge": null, "maxspeed": null, "tunnel": null, "manual_add_candidate": true, "priority": 1 }, "geometry": { "type": "LineString", "coordinates": [ [ 141.8748162, 43.4059731 ], [ 141.8774071, 43.40555 ] ] } },
{ "type": "Feature", "properties": { "u": 1938411952, "v": 2350611823, "key": 0, "osmid": "183466186", "highway": [ "unclassified" ], "oneway": false, "reversed": "True", "length": 260.29316493780397, "lanes": null, "name": null, "ref": null, "bridge": null, "maxspeed": null, "tunnel": null, "manual_add_candidate": true, "priority": 1 }, "geometry": { "type": "LineString", "coordinates": [ [ 141.8748162, 43.4059731 ], [ 141.8716614, 43.4064491 ] ] } },
{ "type": "Feature", "properties": { "u": 1938411952, "v": 2350612061, "key": 0, "osmid": [ 183465993, 183465905, 183466167 ], "highway": [ "unclassified" ], "oneway": false, "reversed": "True", "length": 468.96992449367895, "lanes": null, "name": null, "ref": null, "bridge": "yes", "maxspeed": null, "tunnel": null, "manual_add_candidate": true, "priority": 1 }, "geometry": { "type": "LineString", "coordinates": [ [ 141.8748162, 43.4059731 ], [ 141.8753328, 43.4077218 ], [ 141.8753486, 43.4077752 ], [ 141.875492799999989, 43.4082879 ], [ 141.8755126, 43.4083478 ], [ 141.876088, 43.4100878 ] ] } },
{ "type": "Feature", "properties": { "u": 1938411958, "v": 1938412017, "key": 0, "osmid": "183466003", "highway": [ "unclassified" ], "oneway": false, "reversed": "False", "length": 310.10349791693244, "lanes": null, "name": null, "ref": null, "bridge": null, "maxspeed": null, "tunnel": null, "manual_add_candidate": true, "priority": 1 }, "geometry": { "type": "LineString", "coordinates": [ [ 141.868251500000014, 43.406976 ], [ 141.86908, 43.4096991 ] ] } },
{ "type": "Feature", "properties": { "u": 1938411958, "v": 2350611823, "key": 0, "osmid": "183466186", "highway": [ "unclassified" ], "oneway": false, "reversed": "False", "length": 281.62232220971987, "lanes": null, "name": null, "ref": null, "bridge": null, "maxspeed": null, "tunnel": null, "manual_add_candidate": true, "priority": 1 }, "geometry": { "type": "LineString", "coordinates": [ [ 141.868251500000014, 43.406976 ], [ 141.8716614, 43.4064491 ] ] } },
{ "type": "Feature", "properties": { "u": 1938411958, "v": 1938411936, "key": 0, "osmid": [ 183466072, 183466186 ], "highway": [ "unclassified" ], "oneway": false, "reversed": "True", "length": 491.37917462881336, "lanes": null, "name": null, "ref": null, "bridge": null, "maxspeed": null, "tunnel": null, "manual_add_candidate": true, "priority": 1 }, "geometry": { "type": "LineString", "coordinates": [ [ 141.868251500000014, 43.406976 ], [ 141.8661241, 43.4072856 ], [ 141.86525, 43.4045146 ] ] } },
{ "type": "Feature", "properties": { "u": 1938412005, "v": 2350611929, "key": 0, "osmid": "183466057", "highway": [ "unclassified" ], "oneway": false, "reversed": "True", "length": 12.262413735319228, "lanes": null, "name": null, "ref": null, "bridge": null, "maxspeed": null, "tunnel": null, "manual_add_candidate": true, "priority": 1 }, "geometry": { "type": "LineString", "coordinates": [ [ 141.905362, 43.408641 ], [ 141.9052139, 43.4086652 ] ] } },
{ "type": "Feature", "properties": { "u": 1938412009, "v": 2350611929, "key": 0, "osmid": "183466057", "highway": [ "unclassified" ], "oneway": false, "reversed": "False", "length": 483.16725156499359, "lanes": null, "name": null, "ref": null, "bridge": null, "maxspeed": null, "tunnel": null, "manual_add_candidate": true, "priority": 1 }, "geometry": { "type": "LineString", "coordinates": [ [ 141.8993783, 43.4096185 ], [ 141.9052139, 43.4086652 ] ] } },
{ "type": "Feature", "properties": { "u": 1938412009, "v": 3010041350, "key": 0, "osmid": "183466057", "highway": [ "unclassified" ], "oneway": false, "reversed": "True", "length": 565.134819373857, "lanes": null, "name": null, "ref": null, "bridge": null, "maxspeed": null, "tunnel": null, "manual_add_candidate": true, "priority": 1 }, "geometry": { "type": "LineString", "coordinates": [ [ 141.8993783, 43.4096185 ], [ 141.892536299999989, 43.4106795 ] ] } },
{ "type": "Feature", "properties": { "u": 1938412017, "v": 1938411958, "key": 0, "osmid": "183466003", "highway": [ "unclassified" ], "oneway": false, "reversed": "True", "length": 310.10349791693244, "lanes": null, "name": null, "ref": null, "bridge": null, "maxspeed": null, "tunnel": null, "manual_add_candidate": true, "priority": 1 }, "geometry": { "type": "LineString", "coordinates": [ [ 141.86908, 43.4096991 ], [ 141.868251500000014, 43.406976 ] ] } },
{ "type": "Feature", "properties": { "u": 1938412034, "v": 1938412036, "key": 0, "osmid": "183466228", "highway": [ "unclassified" ], "oneway": false, "reversed": "True", "length": 10.973169496484926, "lanes": null, "name": null, "ref": null, "bridge": null, "maxspeed": null, "tunnel": null, "manual_add_candidate": true, "priority": 1 }, "geometry": { "type": "LineString", "coordinates": [ [ 141.883879400000012, 43.4120007 ], [ 141.8837464, 43.4120208 ] ] } },
{ "type": "Feature", "properties": { "u": 1938412034, "v": 3010041350, "key": 0, "osmid": [ 183466040, 183466057, 183466228 ], "highway": [ "unclassified" ], "oneway": false, "reversed": "False", "length": 714.54670346785247, "lanes": null, "name": null, "ref": null, "bridge": "yes", "maxspeed": null, "tunnel": null, "manual_add_candidate": true, "priority": 1 }, "geometry": { "type": "LineString", "coordinates": [ [ 141.883879400000012, 43.4120007 ], [ 141.8856388, 43.4117285 ], [ 141.885684, 43.4117218 ], [ 141.888580600000012, 43.4112938 ], [ 141.888937700000014, 43.4112374 ], [ 141.892536299999989, 43.4106795 ] ] } },
{ "type": "Feature", "properties": { "u": 1938412036, "v": 1938412034, "key": 0, "osmid": "183466228", "highway": [ "unclassified" ], "oneway": false, "reversed": "False", "length": 10.973169496484926, "lanes": null, "name": null, "ref": null, "bridge": null, "maxspeed": null, "tunnel": null, "manual_add_candidate": true, "priority": 1 }, "geometry": { "type": "LineString", "coordinates": [ [ 141.8837464, 43.4120208 ], [ 141.883879400000012, 43.4120007 ] ] } },
{ "type": "Feature", "properties": { "u": 1938412036, "v": 1938412062, "key": 0, "osmid": "183466228", "highway": [ "unclassified" ], "oneway": false, "reversed": "True", "length": 559.18306052525156, "lanes": null, "name": null, "ref": null, "bridge": null, "maxspeed": null, "tunnel": null, "manual_add_candidate": true, "priority": 1 }, "geometry": { "type": "LineString", "coordinates": [ [ 141.8837464, 43.4120208 ], [ 141.8769773, 43.4130744 ] ] } },
{ "type": "Feature", "properties": { "u": 1938412062, "v": 2350612061, "key": 0, "osmid": "183465905", "highway": [ "unclassified" ], "oneway": false, "reversed": "False", "length": 339.77550682959753, "lanes": null, "name": null, "ref": null, "bridge": null, "maxspeed": null, "tunnel": null, "manual_add_candidate": true, "priority": 1 }, "geometry": { "type": "LineString", "coordinates": [ [ 141.8769773, 43.4130744 ], [ 141.876088, 43.4100878 ] ] } },
{ "type": "Feature", "properties": { "u": 1938412062, "v": 1938412092, "key": 0, "osmid": "183465905", "highway": [ "unclassified" ], "oneway": false, "reversed": "True", "length": 288.3327582883943, "lanes": null, "name": null, "ref": null, "bridge": null, "maxspeed": null, "tunnel": null, "manual_add_candidate": true, "priority": 1 }, "geometry": { "type": "LineString", "coordinates": [ [ 141.8769773, 43.4130744 ], [ 141.877739100000014, 43.4156077 ] ] } },
{ "type": "Feature", "properties": { "u": 1938412062, "v": 1938412036, "key": 0, "osmid": "183466228", "highway": [ "unclassified" ], "oneway": false, "reversed": "False", "length": 559.18306052525156, "lanes": null, "name": null, "ref": null, "bridge": null, "maxspeed": null, "tunnel": null, "manual_add_candidate": true, "priority": 1 }, "geometry": { "type": "LineString", "coordinates": [ [ 141.8769773, 43.4130744 ], [ 141.8837464, 43.4120208 ] ] } },
{ "type": "Feature", "properties": { "u": 1938412062, "v": 2350612857, "key": 0, "osmid": "183466228", "highway": [ "unclassified" ], "oneway": false, "reversed": "True", "length": 381.60704182783348, "lanes": null, "name": null, "ref": null, "bridge": null, "maxspeed": null, "tunnel": null, "manual_add_candidate": true, "priority": 1 }, "geometry": { "type": "LineString", "coordinates": [ [ 141.8769773, 43.4130744 ], [ 141.8733427, 43.4136283 ], [ 141.872358100000014, 43.413794 ] ] } },
{ "type": "Feature", "properties": { "u": 1938412068, "v": 1938412079, "key": 0, "osmid": "183466132", "highway": [ "unclassified" ], "oneway": false, "reversed": "False", "length": 394.1105552009152, "lanes": null, "name": null, "ref": null, "bridge": null, "maxspeed": null, "tunnel": null, "manual_add_candidate": true, "priority": 1 }, "geometry": { "type": "LineString", "coordinates": [ [ 141.9057561, 43.4137891 ], [ 141.9009771, 43.4145039 ] ] } },
{ "type": "Feature", "properties": { "u": 1938412068, "v": 2350612795, "key": 0, "osmid": "226201737", "highway": [ "unclassified" ], "oneway": false, "reversed": "True", "length": 186.62005038519388, "lanes": null, "name": null, "ref": null, "bridge": null, "maxspeed": null, "tunnel": null, "manual_add_candidate": true, "priority": 1 }, "geometry": { "type": "LineString", "coordinates": [ [ 141.9057561, 43.4137891 ], [ 141.908017, 43.4134435 ] ] } },
{ "type": "Feature", "properties": { "u": 1938412068, "v": 1938412323, "key": 0, "osmid": [ 761596092, 761596093, 435242782 ], "highway": [ "unclassified" ], "oneway": false, "reversed": "True", "length": 561.86558135755422, "lanes": null, "name": null, "ref": null, "bridge": "yes", "maxspeed": null, "tunnel": null, "manual_add_candidate": true, "priority": 1 }, "geometry": { "type": "LineString", "coordinates": [ [ 141.9057561, 43.4137891 ], [ 141.906267500000013, 43.4155395 ], [ 141.906792599999989, 43.4173841 ], [ 141.90688080000001, 43.4177077 ], [ 141.9071949, 43.4187327 ] ] } },
{ "type": "Feature", "properties": { "u": 1938412075, "v": 2350612813, "key": 0, "osmid": "226201832", "highway": [ "unclassified" ], "oneway": false, "reversed": "False", "length": 119.85270044390822, "lanes": null, "name": null, "ref": null, "bridge": null, "maxspeed": null, "tunnel": null, "manual_add_candidate": true, "priority": 1 }, "geometry": { "type": "LineString", "coordinates": [ [ 141.8508747, 43.4140953 ], [ 141.851081, 43.413911 ], [ 141.851166, 43.413838 ], [ 141.85130190000001, 43.413752 ], [ 141.851768, 43.4136191 ], [ 141.8520862, 43.4135237 ] ] } },
{ "type": "Feature", "properties": { "u": 1938412079, "v": 1938412068, "key": 0, "osmid": "183466132", "highway": [ "unclassified" ], "oneway": false, "reversed": "True", "length": 394.1105552009152, "lanes": null, "name": null, "ref": null, "bridge": null, "maxspeed": null, "tunnel": null, "manual_add_candidate": true, "priority": 1 }, "geometry": { "type": "LineString", "coordinates": [ [ 141.9009771, 43.4145039 ], [ 141.9057561, 43.4137891 ] ] } },
{ "type": "Feature", "properties": { "u": 1938412084, "v": 1938412451, "key": 0, "osmid": "183466154", "highway": [ "unclassified" ], "oneway": false, "reversed": "False", "length": 567.92255371577824, "lanes": null, "name": null, "ref": null, "bridge": null, "maxspeed": null, "tunnel": null, "manual_add_candidate": true, "priority": 1 }, "geometry": { "type": "LineString", "coordinates": [ [ 141.8633231, 43.4151763 ], [ 141.8648071, 43.4201687 ] ] } },
{ "type": "Feature", "properties": { "u": 1938412084, "v": 10043621314, "key": 0, "osmid": "183466154", "highway": [ "unclassified" ], "oneway": false, "reversed": "True", "length": 221.83008302896175, "lanes": null, "name": null, "ref": null, "bridge": null, "maxspeed": null, "tunnel": null, "manual_add_candidate": true, "priority": 1 }, "geometry": { "type": "LineString", "coordinates": [ [ 141.8633231, 43.4151763 ], [ 141.862708700000013, 43.4132319 ] ] } },
{ "type": "Feature", "properties": { "u": 1938412084, "v": 501824718, "key": 0, "osmid": "226201642", "highway": [ "unclassified" ], "oneway": false, "reversed": "False", "length": 690.45016719873001, "lanes": null, "name": null, "ref": null, "bridge": null, "maxspeed": null, "tunnel": null, "manual_add_candidate": true, "priority": 1 }, "geometry": { "type": "LineString", "coordinates": [ [ 141.8633231, 43.4151763 ], [ 141.85495, 43.416427 ] ] } },
{ "type": "Feature", "properties": { "u": 1938412084, "v": 2350612889, "key": 0, "osmid": "183466228", "highway": [ "unclassified" ], "oneway": false, "reversed": "False", "length": 605.49271920436308, "lanes": null, "name": null, "ref": null, "bridge": null, "maxspeed": null, "tunnel": null, "manual_add_candidate": true, "priority": 1 }, "geometry": { "type": "LineString", "coordinates": [ [ 141.8633231, 43.4151763 ], [ 141.8638968, 43.4151518 ], [ 141.8706628, 43.4140916 ] ] } },
{ "type": "Feature", "properties": { "u": 1938412092, "v": 1938412062, "key": 0, "osmid": "183465905", "highway": [ "unclassified" ], "oneway": false, "reversed": "False", "length": 288.3327582883943, "lanes": null, "name": null, "ref": null, "bridge": null, "maxspeed": null, "tunnel": null, "manual_add_candidate": true, "priority": 1 }, "geometry": { "type": "LineString", "coordinates": [ [ 141.877739100000014, 43.4156077 ], [ 141.8769773, 43.4130744 ] ] } },
{ "type": "Feature", "properties": { "u": 1938412092, "v": 1938412102, "key": 0, "osmid": "183465905", "highway": [ "unclassified" ], "oneway": false, "reversed": "True", "length": 81.412553183615302, "lanes": null, "name": null, "ref": null, "bridge": null, "maxspeed": null, "tunnel": null, "manual_add_candidate": true, "priority": 1 }, "geometry": { "type": "LineString", "coordinates": [ [ 141.877739100000014, 43.4156077 ], [ 141.877949699999988, 43.4163237 ] ] } },
{ "type": "Feature", "properties": { "u": 1938412092, "v": 1938412100, "key": 0, "osmid": "183466200", "highway": [ "unclassified" ], "oneway": false, "reversed": "False", "length": 342.50789500951265, "lanes": null, "name": null, "ref": null, "bridge": null, "maxspeed": null, "tunnel": null, "manual_add_candidate": true, "priority": 1 }, "geometry": { "type": "LineString", "coordinates": [ [ 141.877739100000014, 43.4156077 ], [ 141.880462, 43.4151794 ], [ 141.8807735, 43.4162114 ] ] } },
{ "type": "Feature", "properties": { "u": 1938412100, "v": 1938412135, "key": 0, "osmid": "183466001", "highway": [ "unclassified" ], "oneway": false, "reversed": "False", "length": 111.47339164342199, "lanes": null, "name": null, "ref": null, "bridge": null, "maxspeed": null, "tunnel": null, "manual_add_candidate": true, "priority": 1 }, "geometry": { "type": "LineString", "coordinates": [ [ 141.8807735, 43.4162114 ], [ 141.8794259, 43.4164278 ] ] } },
{ "type": "Feature", "properties": { "u": 1938412100, "v": 1938412151, "key": 0, "osmid": "183466200", "highway": [ "unclassified" ], "oneway": false, "reversed": "False", "length": 50.513085048328321, "lanes": null, "name": null, "ref": null, "bridge": null, "maxspeed": null, "tunnel": null, "manual_add_candidate": true, "priority": 1 }, "geometry": { "type": "LineString", "coordinates": [ [ 141.8807735, 43.4162114 ], [ 141.8809089, 43.4166549 ] ] } },
{ "type": "Feature", "properties": { "u": 1938412100, "v": 1938412092, "key": 0, "osmid": "183466200", "highway": [ "unclassified" ], "oneway": false, "reversed": "True", "length": 342.50789500951265, "lanes": null, "name": null, "ref": null, "bridge": null, "maxspeed": null, "tunnel": null, "manual_add_candidate": true, "priority": 1 }, "geometry": { "type": "LineString", "coordinates": [ [ 141.8807735, 43.4162114 ], [ 141.880462, 43.4151794 ], [ 141.877739100000014, 43.4156077 ] ] } },
{ "type": "Feature", "properties": { "u": 1938412101, "v": 1938412135, "key": 0, "osmid": "183466202", "highway": [ "unclassified" ], "oneway": false, "reversed": "True", "length": 12.640675920064222, "lanes": null, "name": null, "ref": null, "bridge": null, "maxspeed": null, "tunnel": null, "manual_add_candidate": true, "priority": 1 }, "geometry": { "type": "LineString", "coordinates": [ [ 141.8793915, 43.4163169 ], [ 141.8794259, 43.4164278 ] ] } },
{ "type": "Feature", "properties": { "u": 1938412102, "v": 1938412092, "key": 0, "osmid": "183465905", "highway": [ "unclassified" ], "oneway": false, "reversed": "False", "length": 81.412553183615302, "lanes": null, "name": null, "ref": null, "bridge": null, "maxspeed": null, "tunnel": null, "manual_add_candidate": true, "priority": 1 }, "geometry": { "type": "LineString", "coordinates": [ [ 141.877949699999988, 43.4163237 ], [ 141.877739100000014, 43.4156077 ] ] } },
{ "type": "Feature", "properties": { "u": 1938412102, "v": 1938412265, "key": 0, "osmid": "183465905", "highway": [ "unclassified" ], "oneway": false, "reversed": "True", "length": 193.68111271765642, "lanes": null, "name": null, "ref": null, "bridge": null, "maxspeed": null, "tunnel": null, "manual_add_candidate": true, "priority": 1 }, "geometry": { "type": "LineString", "coordinates": [ [ 141.877949699999988, 43.4163237 ], [ 141.878446, 43.4180278 ] ] } },
{ "type": "Feature", "properties": { "u": 1938412102, "v": 1938412131, "key": 0, "osmid": "183466229", "highway": [ "unclassified" ], "oneway": false, "reversed": "True", "length": 49.190373542210054, "lanes": null, "name": null, "ref": null, "bridge": null, "maxspeed": null, "tunnel": null, "manual_add_candidate": true, "priority": 1 }, "geometry": { "type": "LineString", "coordinates": [ [ 141.877949699999988, 43.4163237 ], [ 141.877356, 43.4164223 ] ] } },
{ "type": "Feature", "properties": { "u": 1938412131, "v": 1938412176, "key": 0, "osmid": "183466098", "highway": [ "unclassified" ], "oneway": false, "reversed": "False", "length": 69.143044853819674, "lanes": null, "name": null, "ref": null, "bridge": null, "maxspeed": null, "tunnel": null, "manual_add_candidate": true, "priority": 1 }, "geometry": { "type": "LineString", "coordinates": [ [ 141.877356, 43.4164223 ], [ 141.877539899999988, 43.4170296 ] ] } },
{ "type": "Feature", "properties": { "u": 1938412131, "v": 1938412102, "key": 0, "osmid": "183466229", "highway": [ "unclassified" ], "oneway": false, "reversed": "False", "length": 49.190373542210054, "lanes": null, "name": null, "ref": null, "bridge": null, "maxspeed": null, "tunnel": null, "manual_add_candidate": true, "priority": 1 }, "geometry": { "type": "LineString", "coordinates": [ [ 141.877356, 43.4164223 ], [ 141.877949699999988, 43.4163237 ] ] } },
{ "type": "Feature", "properties": { "u": 1938412131, "v": 1938412144, "key": 0, "osmid": "183466229", "highway": [ "unclassified" ], "oneway": false, "reversed": "True", "length": 48.296621161297587, "lanes": null, "name": null, "ref": null, "bridge": null, "maxspeed": null, "tunnel": null, "manual_add_candidate": true, "priority": 1 }, "geometry": { "type": "LineString", "coordinates": [ [ 141.877356, 43.4164223 ], [ 141.8767747, 43.4165241 ] ] } },
{ "type": "Feature", "properties": { "u": 1938412135, "v": 1938412100, "key": 0, "osmid": "183466001", "highway": [ "unclassified" ], "oneway": false, "reversed": "True", "length": 111.47339164342199, "lanes": null, "name": null, "ref": null, "bridge": null, "maxspeed": null, "tunnel": null, "manual_add_candidate": true, "priority": 1 }, "geometry": { "type": "LineString", "coordinates": [ [ 141.8794259, 43.4164278 ], [ 141.8807735, 43.4162114 ] ] } },
{ "type": "Feature", "properties": { "u": 1938412135, "v": 1938412101, "key": 0, "osmid": "183466202", "highway": [ "unclassified" ], "oneway": false, "reversed": "False", "length": 12.640675920064222, "lanes": null, "name": null, "ref": null, "bridge": null, "maxspeed": null, "tunnel": null, "manual_add_candidate": true, "priority": 1 }, "geometry": { "type": "LineString", "coordinates": [ [ 141.8794259, 43.4164278 ], [ 141.8793915, 43.4163169 ] ] } },
{ "type": "Feature", "properties": { "u": 1938412135, "v": 1938412141, "key": 0, "osmid": "183466202", "highway": [ "unclassified" ], "oneway": false, "reversed": "True", "length": 5.0938645418113522, "lanes": null, "name": null, "ref": null, "bridge": null, "maxspeed": null, "tunnel": null, "manual_add_candidate": true, "priority": 1 }, "geometry": { "type": "LineString", "coordinates": [ [ 141.8794259, 43.4164278 ], [ 141.8794397, 43.4164725 ] ] } },
{ "type": "Feature", "properties": { "u": 1938412138, "v": 1938412146, "key": 0, "osmid": "183466170", "highway": [ "unclassified" ], "oneway": false, "reversed": "True", "length": 15.893886949950101, "lanes": null, "name": null, "ref": null, "bridge": null, "maxspeed": null, "tunnel": null, "manual_add_candidate": true, "priority": 1 }, "geometry": { "type": "LineString", "coordinates": [ [ 141.8785227, 43.4164583 ], [ 141.8785637, 43.4165981 ] ] } },
{ "type": "Feature", "properties": { "u": 1938412141, "v": 1938412146, "key": 0, "osmid": "183465958", "highway": [ "unclassified" ], "oneway": false, "reversed": "False", "length": 72.119273069948051, "lanes": null, "name": null, "ref": null, "bridge": null, "maxspeed": null, "tunnel": null, "manual_add_candidate": true, "priority": 1 }, "geometry": { "type": "LineString", "coordinates": [ [ 141.8794397, 43.4164725 ], [ 141.8785637, 43.4165981 ] ] } },
{ "type": "Feature", "properties": { "u": 1938412141, "v": 1938412135, "key": 0, "osmid": "183466202", "highway": [ "unclassified" ], "oneway": false, "reversed": "False", "length": 5.0938645418113522, "lanes": null, "name": null, "ref": null, "bridge": null, "maxspeed": null, "tunnel": null, "manual_add_candidate": true, "priority": 1 }, "geometry": { "type": "LineString", "coordinates": [ [ 141.8794397, 43.4164725 ], [ 141.8794259, 43.4164278 ] ] } },
{ "type": "Feature", "properties": { "u": 1938412141, "v": 1938412160, "key": 0, "osmid": "183466202", "highway": [ "unclassified" ], "oneway": false, "reversed": "True", "length": 46.400939773008524, "lanes": null, "name": null, "ref": null, "bridge": null, "maxspeed": null, "tunnel": null, "manual_add_candidate": true, "priority": 1 }, "geometry": { "type": "LineString", "coordinates": [ [ 141.8794397, 43.4164725 ], [ 141.879565899999989, 43.4168796 ] ] } },
{ "type": "Feature", "properties": { "u": 1938412144, "v": 1938412185, "key": 0, "osmid": "183466135", "highway": [ "unclassified" ], "oneway": false, "reversed": "True", "length": 69.283371340741525, "lanes": null, "name": null, "ref": null, "bridge": null, "maxspeed": null, "tunnel": null, "manual_add_candidate": true, "priority": 1 }, "geometry": { "type": "LineString", "coordinates": [ [ 141.8767747, 43.4165241 ], [ 141.876963499999988, 43.4171319 ] ] } },
{ "type": "Feature", "properties": { "u": 1938412144, "v": 1938412131, "key": 0, "osmid": "183466229", "highway": [ "unclassified" ], "oneway": false, "reversed": "False", "length": 48.296621161297587, "lanes": null, "name": null, "ref": null, "bridge": null, "maxspeed": null, "tunnel": null, "manual_add_candidate": true, "priority": 1 }, "geometry": { "type": "LineString", "coordinates": [ [ 141.8767747, 43.4165241 ], [ 141.877356, 43.4164223 ] ] } },
{ "type": "Feature", "properties": { "u": 1938412144, "v": 1938412149, "key": 0, "osmid": "183466229", "highway": [ "unclassified" ], "oneway": false, "reversed": "True", "length": 46.365433664474878, "lanes": null, "name": null, "ref": null, "bridge": null, "maxspeed": null, "tunnel": null, "manual_add_candidate": true, "priority": 1 }, "geometry": { "type": "LineString", "coordinates": [ [ 141.8767747, 43.4165241 ], [ 141.8762166, 43.4166217 ] ] } },
{ "type": "Feature", "properties": { "u": 1938412146, "v": 1938412141, "key": 0, "osmid": "183465958", "highway": [ "unclassified" ], "oneway": false, "reversed": "True", "length": 72.119273069948051, "lanes": null, "name": null, "ref": null, "bridge": null, "maxspeed": null, "tunnel": null, "manual_add_candidate": true, "priority": 1 }, "geometry": { "type": "LineString", "coordinates": [ [ 141.8785637, 43.4165981 ], [ 141.8794397, 43.4164725 ] ] } },
{ "type": "Feature", "properties": { "u": 1938412146, "v": 1938412138, "key": 0, "osmid": "183466170", "highway": [ "unclassified" ], "oneway": false, "reversed": "False", "length": 15.893886949950101, "lanes": null, "name": null, "ref": null, "bridge": null, "maxspeed": null, "tunnel": null, "manual_add_candidate": true, "priority": 1 }, "geometry": { "type": "LineString", "coordinates": [ [ 141.8785637, 43.4165981 ], [ 141.8785227, 43.4164583 ] ] } },
{ "type": "Feature", "properties": { "u": 1938412146, "v": 1938412210, "key": 0, "osmid": "183466170", "highway": [ "unclassified" ], "oneway": false, "reversed": "True", "length": 96.412635490026773, "lanes": null, "name": null, "ref": null, "bridge": null, "maxspeed": null, "tunnel": null, "manual_add_candidate": true, "priority": 1 }, "geometry": { "type": "LineString", "coordinates": [ [ 141.8785637, 43.4165981 ], [ 141.8788126, 43.4174461 ] ] } },
{ "type": "Feature", "properties": { "u": 1938412149, "v": 1938412191, "key": 0, "osmid": "183466143", "highway": [ "unclassified" ], "oneway": false, "reversed": "False", "length": 68.906892197643728, "lanes": null, "name": null, "ref": null, "bridge": null, "maxspeed": null, "tunnel": null, "manual_add_candidate": true, "priority": 1 }, "geometry": { "type": "LineString", "coordinates": [ [ 141.8762166, 43.4166217 ], [ 141.8764019, 43.4172266 ] ] } },
{ "type": "Feature", "properties": { "u": 1938412149, "v": 1938412144, "key": 0, "osmid": "183466229", "highway": [ "unclassified" ], "oneway": false, "reversed": "False", "length": 46.365433664474878, "lanes": null, "name": null, "ref": null, "bridge": null, "maxspeed": null, "tunnel": null, "manual_add_candidate": true, "priority": 1 }, "geometry": { "type": "LineString", "coordinates": [ [ 141.8762166, 43.4166217 ], [ 141.8767747, 43.4165241 ] ] } },
{ "type": "Feature", "properties": { "u": 1938412149, "v": 1938412158, "key": 0, "osmid": "183466229", "highway": [ "unclassified" ], "oneway": false, "reversed": "True", "length": 46.710856489775772, "lanes": null, "name": null, "ref": null, "bridge": null, "maxspeed": null, "tunnel": null, "manual_add_candidate": true, "priority": 1 }, "geometry": { "type": "LineString", "coordinates": [ [ 141.8762166, 43.4166217 ], [ 141.875654200000014, 43.4167196 ] ] } },
{ "type": "Feature", "properties": { "u": 1938412151, "v": 1938412160, "key": 0, "osmid": "183466031", "highway": [ "unclassified" ], "oneway": false, "reversed": "True", "length": 111.31337566592107, "lanes": null, "name": null, "ref": null, "bridge": null, "maxspeed": null, "tunnel": null, "manual_add_candidate": true, "priority": 1 }, "geometry": { "type": "LineString", "coordinates": [ [ 141.8809089, 43.4166549 ], [ 141.879565899999989, 43.4168796 ] ] } },
{ "type": "Feature", "properties": { "u": 1938412151, "v": 1938412183, "key": 0, "osmid": "183466200", "highway": [ "unclassified" ], "oneway": false, "reversed": "False", "length": 51.052574782210108, "lanes": null, "name": null, "ref": null, "bridge": null, "maxspeed": null, "tunnel": null, "manual_add_candidate": true, "priority": 1 }, "geometry": { "type": "LineString", "coordinates": [ [ 141.8809089, 43.4166549 ], [ 141.88103430000001, 43.4171049 ] ] } },
{ "type": "Feature", "properties": { "u": 1938412151, "v": 1938412100, "key": 0, "osmid": "183466200", "highway": [ "unclassified" ], "oneway": false, "reversed": "True", "length": 50.513085048328321, "lanes": null, "name": null, "ref": null, "bridge": null, "maxspeed": null, "tunnel": null, "manual_add_candidate": true, "priority": 1 }, "geometry": { "type": "LineString", "coordinates": [ [ 141.8809089, 43.4166549 ], [ 141.8807735, 43.4162114 ] ] } },
{ "type": "Feature", "properties": { "u": 1938412158, "v": 1938412201, "key": 0, "osmid": "183466164", "highway": [ "unclassified" ], "oneway": false, "reversed": "True", "length": 68.48216262161381, "lanes": null, "name": null, "ref": null, "bridge": null, "maxspeed": null, "tunnel": null, "manual_add_candidate": true, "priority": 1 }, "geometry": { "type": "LineString", "coordinates": [ [ 141.875654200000014, 43.4167196 ], [ 141.8758388, 43.4173207 ] ] } },
{ "type": "Feature", "properties": { "u": 1938412158, "v": 1938412149, "key": 0, "osmid": "183466229", "highway": [ "unclassified" ], "oneway": false, "reversed": "False", "length": 46.710856489775772, "lanes": null, "name": null, "ref": null, "bridge": null, "maxspeed": null, "tunnel": null, "manual_add_candidate": true, "priority": 1 }, "geometry": { "type": "LineString", "coordinates": [ [ 141.875654200000014, 43.4167196 ], [ 141.8762166, 43.4166217 ] ] } },
{ "type": "Feature", "properties": { "u": 1938412158, "v": 1938412216, "key": 0, "osmid": "183466229", "highway": [ "unclassified" ], "oneway": false, "reversed": "True", "length": 167.37799303699904, "lanes": null, "name": null, "ref": null, "bridge": null, "maxspeed": null, "tunnel": null, "manual_add_candidate": true, "priority": 1 }, "geometry": { "type": "LineString", "coordinates": [ [ 141.875654200000014, 43.4167196 ], [ 141.874525799999986, 43.4169043 ], [ 141.8744682, 43.4169511 ], [ 141.874445, 43.4170273 ], [ 141.8746156, 43.4175367 ] ] } },
{ "type": "Feature", "properties": { "u": 1938412160, "v": 1938412151, "key": 0, "osmid": "183466031", "highway": [ "unclassified" ], "oneway": false, "reversed": "False", "length": 111.31337566592107, "lanes": null, "name": null, "ref": null, "bridge": null, "maxspeed": null, "tunnel": null, "manual_add_candidate": true, "priority": 1 }, "geometry": { "type": "LineString", "coordinates": [ [ 141.879565899999989, 43.4168796 ], [ 141.8809089, 43.4166549 ] ] } },
{ "type": "Feature", "properties": { "u": 1938412160, "v": 1938412141, "key": 0, "osmid": "183466202", "highway": [ "unclassified" ], "oneway": false, "reversed": "False", "length": 46.400939773008524, "lanes": null, "name": null, "ref": null, "bridge": null, "maxspeed": null, "tunnel": null, "manual_add_candidate": true, "priority": 1 }, "geometry": { "type": "LineString", "coordinates": [ [ 141.879565899999989, 43.4168796 ], [ 141.8794397, 43.4164725 ] ] } },
{ "type": "Feature", "properties": { "u": 1938412160, "v": 1938412198, "key": 0, "osmid": "183466202", "highway": [ "unclassified" ], "oneway": false, "reversed": "True", "length": 49.032762294560726, "lanes": null, "name": null, "ref": null, "bridge": null, "maxspeed": null, "tunnel": null, "manual_add_candidate": true, "priority": 1 }, "geometry": { "type": "LineString", "coordinates": [ [ 141.879565899999989, 43.4168796 ], [ 141.8796992, 43.4173098 ] ] } },
{ "type": "Feature", "properties": { "u": 1938412163, "v": 7113759937, "key": 0, "osmid": "761397573", "highway": [ "unclassified" ], "oneway": false, "reversed": "False", "length": 58.715007348098524, "lanes": null, "name": null, "ref": null, "bridge": null, "maxspeed": null, "tunnel": null, "manual_add_candidate": true, "priority": 1 }, "geometry": { "type": "LineString", "coordinates": [ [ 141.8852822, 43.4169534 ], [ 141.8845717, 43.4170651 ] ] } },
{ "type": "Feature", "properties": { "u": 1938412163, "v": 3010041354, "key": 0, "osmid": [ 183465992, 236724222, 183466047 ], "highway": [ "unclassified" ], "oneway": false, "reversed": "True", "length": 718.68761399153664, "lanes": null, "name": null, "ref": null, "bridge": "yes", "maxspeed": null, "tunnel": null, "manual_add_candidate": true, "priority": 1 }, "geometry": { "type": "LineString", "coordinates": [ [ 141.8852822, 43.4169534 ], [ 141.8870809, 43.4166683 ], [ 141.887132900000012, 43.4166602 ], [ 141.8890015, 43.4163843 ], [ 141.8892069, 43.4163537 ], [ 141.889307699999989, 43.4163378 ], [ 141.893982099999988, 43.4155978 ] ] } },
{ "type": "Feature", "properties": { "u": 1938412176, "v": 1938412274, "key": 0, "osmid": "183466098", "highway": [ "unclassified" ], "oneway": false, "reversed": "False", "length": 123.41879319205532, "lanes": null, "name": null, "ref": null, "bridge": null, "maxspeed": null, "tunnel": null, "manual_add_candidate": true, "priority": 1 }, "geometry": { "type": "LineString", "coordinates": [ [ 141.877539899999988, 43.4170296 ], [ 141.877872, 43.418113 ] ] } },
{ "type": "Feature", "properties": { "u": 1938412176, "v": 1938412131, "key": 0, "osmid": "183466098", "highway": [ "unclassified" ], "oneway": false, "reversed": "True", "length": 69.143044853819674, "lanes": null, "name": null, "ref": null, "bridge": null, "maxspeed": null, "tunnel": null, "manual_add_candidate": true, "priority": 1 }, "geometry": { "type": "LineString", "coordinates": [ [ 141.877539899999988, 43.4170296 ], [ 141.877356, 43.4164223 ] ] } },
{ "type": "Feature", "properties": { "u": 1938412176, "v": 1938412185, "key": 0, "osmid": "183466191", "highway": [ "unclassified" ], "oneway": false, "reversed": "True", "length": 47.92467621790891, "lanes": null, "name": null, "ref": null, "bridge": null, "maxspeed": null, "tunnel": null, "manual_add_candidate": true, "priority": 1 }, "geometry": { "type": "LineString", "coordinates": [ [ 141.877539899999988, 43.4170296 ], [ 141.876963499999988, 43.4171319 ] ] } },
{ "type": "Feature", "properties": { "u": 1938412179, "v": 1938412256, "key": 0, "osmid": "183466105", "highway": [ "unclassified" ], "oneway": false, "reversed": "True", "length": 98.816253961352416, "lanes": null, "name": null, "ref": null, "bridge": null, "maxspeed": null, "tunnel": null, "manual_add_candidate": true, "priority": 1 }, "geometry": { "type": "LineString", "coordinates": [ [ 141.8844798, 43.4170795 ], [ 141.8847371, 43.4179483 ] ] } },
{ "type": "Feature", "properties": { "u": 1938412179, "v": 1938412188, "key": 0, "osmid": "761397573", "highway": [ "unclassified" ], "oneway": false, "reversed": "False", "length": 58.416590631612337, "lanes": null, "name": null, "ref": null, "bridge": null, "maxspeed": null, "tunnel": null, "manual_add_candidate": true, "priority": 1 }, "geometry": { "type": "LineString", "coordinates": [ [ 141.8844798, 43.4170795 ], [ 141.8837729, 43.4171906 ] ] } },
{ "type": "Feature", "properties": { "u": 1938412179, "v": 7113759937, "key": 0, "osmid": "761397573", "highway": [ "unclassified" ], "oneway": false, "reversed": "True", "length": 7.5933914427692937, "lanes": null, "name": null, "ref": null, "bridge": null, "maxspeed": null, "tunnel": null, "manual_add_candidate": true, "priority": 1 }, "geometry": { "type": "LineString", "coordinates": [ [ 141.8844798, 43.4170795 ], [ 141.8845717, 43.4170651 ] ] } },
{ "type": "Feature", "properties": { "u": 1938412183, "v": 1938412198, "key": 0, "osmid": "183466092", "highway": [ "unclassified" ], "oneway": false, "reversed": "True", "length": 110.21481509604509, "lanes": null, "name": null, "ref": null, "bridge": null, "maxspeed": null, "tunnel": null, "manual_add_candidate": true, "priority": 1 }, "geometry": { "type": "LineString", "coordinates": [ [ 141.88103430000001, 43.4171049 ], [ 141.8796992, 43.4173098 ] ] } },
{ "type": "Feature", "properties": { "u": 1938412183, "v": 1938412220, "key": 0, "osmid": "183466200", "highway": [ "unclassified" ], "oneway": false, "reversed": "False", "length": 56.096095608065589, "lanes": null, "name": null, "ref": null, "bridge": null, "maxspeed": null, "tunnel": null, "manual_add_candidate": true, "priority": 1 }, "geometry": { "type": "LineString", "coordinates": [ [ 141.88103430000001, 43.4171049 ], [ 141.8811854, 43.4175973 ] ] } },
{ "type": "Feature", "properties": { "u": 1938412183, "v": 1938412151, "key": 0, "osmid": "183466200", "highway": [ "unclassified" ], "oneway": false, "reversed": "True", "length": 51.052574782210108, "lanes": null, "name": null, "ref": null, "bridge": null, "maxspeed": null, "tunnel": null, "manual_add_candidate": true, "priority": 1 }, "geometry": { "type": "LineString", "coordinates": [ [ 141.88103430000001, 43.4171049 ], [ 141.8809089, 43.4166549 ] ] } },
{ "type": "Feature", "properties": { "u": 1938412185, "v": 1938412144, "key": 0, "osmid": "183466135", "highway": [ "unclassified" ], "oneway": false, "reversed": "False", "length": 69.283371340741525, "lanes": null, "name": null, "ref": null, "bridge": null, "maxspeed": null, "tunnel": null, "manual_add_candidate": true, "priority": 1 }, "geometry": { "type": "LineString", "coordinates": [ [ 141.876963499999988, 43.4171319 ], [ 141.8767747, 43.4165241 ] ] } },
{ "type": "Feature", "properties": { "u": 1938412185, "v": 1938412286, "key": 0, "osmid": "183466135", "highway": [ "unclassified" ], "oneway": false, "reversed": "True", "length": 122.42890770405452, "lanes": null, "name": null, "ref": null, "bridge": null, "maxspeed": null, "tunnel": null, "manual_add_candidate": true, "priority": 1 }, "geometry": { "type": "LineString", "coordinates": [ [ 141.876963499999988, 43.4171319 ], [ 141.8772973, 43.4182059 ] ] } },
{ "type": "Feature", "properties": { "u": 1938412185, "v": 1938412176, "key": 0, "osmid": "183466191", "highway": [ "unclassified" ], "oneway": false, "reversed": "False", "length": 47.92467621790891, "lanes": null, "name": null, "ref": null, "bridge": null, "maxspeed": null, "tunnel": null, "manual_add_candidate": true, "priority": 1 }, "geometry": { "type": "LineString", "coordinates": [ [ 141.876963499999988, 43.4171319 ], [ 141.877539899999988, 43.4170296 ] ] } },
{ "type": "Feature", "properties": { "u": 1938412185, "v": 1938412191, "key": 0, "osmid": "183466191", "highway": [ "unclassified" ], "oneway": false, "reversed": "True", "length": 46.565900227350028, "lanes": null, "name": null, "ref": null, "bridge": null, "maxspeed": null, "tunnel": null, "manual_add_candidate": true, "priority": 1 }, "geometry": { "type": "LineString", "coordinates": [ [ 141.876963499999988, 43.4171319 ], [ 141.8764019, 43.4172266 ] ] } },
{ "type": "Feature", "properties": { "u": 1938412188, "v": 1938412268, "key": 0, "osmid": "183466147", "highway": [ "unclassified" ], "oneway": false, "reversed": "True", "length": 99.050051989546091, "lanes": null, "name": null, "ref": null, "bridge": null, "maxspeed": null, "tunnel": null, "manual_add_candidate": true, "priority": 1 }, "geometry": { "type": "LineString", "coordinates": [ [ 141.8837729, 43.4171906 ], [ 141.884027300000014, 43.418062 ] ] } },
{ "type": "Feature", "properties": { "u": 1938412188, "v": 1938412195, "key": 0, "osmid": "761397573", "highway": [ "unclassified" ], "oneway": false, "reversed": "False", "length": 52.80708474833795, "lanes": null, "name": null, "ref": null, "bridge": null, "maxspeed": null, "tunnel": null, "manual_add_candidate": true, "priority": 1 }, "geometry": { "type": "LineString", "coordinates": [ [ 141.8837729, 43.4171906 ], [ 141.8831339, 43.4172911 ] ] } },
{ "type": "Feature", "properties": { "u": 1938412188, "v": 1938412179, "key": 0, "osmid": "761397573", "highway": [ "unclassified" ], "oneway": false, "reversed": "True", "length": 58.416590631612337, "lanes": null, "name": null, "ref": null, "bridge": null, "maxspeed": null, "tunnel": null, "manual_add_candidate": true, "priority": 1 }, "geometry": { "type": "LineString", "coordinates": [ [ 141.8837729, 43.4171906 ], [ 141.8844798, 43.4170795 ] ] } },
{ "type": "Feature", "properties": { "u": 1938412191, "v": 1938412303, "key": 0, "osmid": "183466143", "highway": [ "unclassified" ], "oneway": false, "reversed": "False", "length": 121.99009166736289, "lanes": null, "name": null, "ref": null, "bridge": null, "maxspeed": null, "tunnel": null, "manual_add_candidate": true, "priority": 1 }, "geometry": { "type": "LineString", "coordinates": [ [ 141.8764019, 43.4172266 ], [ 141.876729899999987, 43.4182975 ] ] } },
{ "type": "Feature", "properties": { "u": 1938412191, "v": 1938412149, "key": 0, "osmid": "183466143", "highway": [ "unclassified" ], "oneway": false, "reversed": "True", "length": 68.906892197643728, "lanes": null, "name": null, "ref": null, "bridge": null, "maxspeed": null, "tunnel": null, "manual_add_candidate": true, "priority": 1 }, "geometry": { "type": "LineString", "coordinates": [ [ 141.8764019, 43.4172266 ], [ 141.8762166, 43.4166217 ] ] } },
{ "type": "Feature", "properties": { "u": 1938412191, "v": 1938412185, "key": 0, "osmid": "183466191", "highway": [ "unclassified" ], "oneway": false, "reversed": "False", "length": 46.565900227350028, "lanes": null, "name": null, "ref": null, "bridge": null, "maxspeed": null, "tunnel": null, "manual_add_candidate": true, "priority": 1 }, "geometry": { "type": "LineString", "coordinates": [ [ 141.8764019, 43.4172266 ], [ 141.876963499999988, 43.4171319 ] ] } },
{ "type": "Feature", "properties": { "u": 1938412191, "v": 1938412201, "key": 0, "osmid": "183466191", "highway": [ "unclassified" ], "oneway": false, "reversed": "True", "length": 46.668850105507509, "lanes": null, "name": null, "ref": null, "bridge": null, "maxspeed": null, "tunnel": null, "manual_add_candidate": true, "priority": 1 }, "geometry": { "type": "LineString", "coordinates": [ [ 141.8764019, 43.4172266 ], [ 141.8758388, 43.4173207 ] ] } },
{ "type": "Feature", "properties": { "u": 1938412195, "v": 1938412283, "key": 0, "osmid": "183466210", "highway": [ "unclassified" ], "oneway": false, "reversed": "False", "length": 99.252206599666508, "lanes": null, "name": null, "ref": null, "bridge": null, "maxspeed": null, "tunnel": null, "manual_add_candidate": true, "priority": 1 }, "geometry": { "type": "LineString", "coordinates": [ [ 141.8831339, 43.4172911 ], [ 141.8834038, 43.4181619 ] ] } },
{ "type": "Feature", "properties": { "u": 1938412195, "v": 1938412204, "key": 0, "osmid": "761397573", "highway": [ "unclassified" ], "oneway": false, "reversed": "False", "length": 44.986396899359974, "lanes": null, "name": null, "ref": null, "bridge": null, "maxspeed": null, "tunnel": null, "manual_add_candidate": true, "priority": 1 }, "geometry": { "type": "LineString", "coordinates": [ [ 141.8831339, 43.4172911 ], [ 141.8825895, 43.4173766 ] ] } },
{ "type": "Feature", "properties": { "u": 1938412195, "v": 1938412188, "key": 0, "osmid": "761397573", "highway": [ "unclassified" ], "oneway": false, "reversed": "True", "length": 52.80708474833795, "lanes": null, "name": null, "ref": null, "bridge": null, "maxspeed": null, "tunnel": null, "manual_add_candidate": true, "priority": 1 }, "geometry": { "type": "LineString", "coordinates": [ [ 141.8831339, 43.4172911 ], [ 141.8837729, 43.4171906 ] ] } },
{ "type": "Feature", "properties": { "u": 1938412198, "v": 1938412183, "key": 0, "osmid": "183466092", "highway": [ "unclassified" ], "oneway": false, "reversed": "False", "length": 110.21481509604509, "lanes": null, "name": null, "ref": null, "bridge": null, "maxspeed": null, "tunnel": null, "manual_add_candidate": true, "priority": 1 }, "geometry": { "type": "LineString", "coordinates": [ [ 141.8796992, 43.4173098 ], [ 141.88103430000001, 43.4171049 ] ] } },
{ "type": "Feature", "properties": { "u": 1938412198, "v": 1938412210, "key": 0, "osmid": "183466092", "highway": [ "unclassified" ], "oneway": false, "reversed": "True", "length": 73.195504715804361, "lanes": null, "name": null, "ref": null, "bridge": null, "maxspeed": null, "tunnel": null, "manual_add_candidate": true, "priority": 1 }, "geometry": { "type": "LineString", "coordinates": [ [ 141.8796992, 43.4173098 ], [ 141.8788126, 43.4174461 ] ] } },
{ "type": "Feature", "properties": { "u": 1938412198, "v": 1938412160, "key": 0, "osmid": "183466202", "highway": [ "unclassified" ], "oneway": false, "reversed": "False", "length": 49.032762294560726, "lanes": null, "name": null, "ref": null, "bridge": null, "maxspeed": null, "tunnel": null, "manual_add_candidate": true, "priority": 1 }, "geometry": { "type": "LineString", "coordinates": [ [ 141.8796992, 43.4173098 ], [ 141.879565899999989, 43.4168796 ] ] } },
{ "type": "Feature", "properties": { "u": 1938412198, "v": 1938412242, "key": 0, "osmid": "183466202", "highway": [ "unclassified" ], "oneway": false, "reversed": "True", "length": 56.635563538789711, "lanes": null, "name": null, "ref": null, "bridge": null, "maxspeed": null, "tunnel": null, "manual_add_candidate": true, "priority": 1 }, "geometry": { "type": "LineString", "coordinates": [ [ 141.8796992, 43.4173098 ], [ 141.879853200000014, 43.4178067 ] ] } },
{ "type": "Feature", "properties": { "u": 1938412201, "v": 1938412158, "key": 0, "osmid": "183466164", "highway": [ "unclassified" ], "oneway": false, "reversed": "False", "length": 68.48216262161381, "lanes": null, "name": null, "ref": null, "bridge": null, "maxspeed": null, "tunnel": null, "manual_add_candidate": true, "priority": 1 }, "geometry": { "type": "LineString", "coordinates": [ [ 141.8758388, 43.4173207 ], [ 141.875654200000014, 43.4167196 ] ] } },
{ "type": "Feature", "properties": { "u": 1938412201, "v": 1938412228, "key": 0, "osmid": "183466164", "highway": [ "unclassified" ], "oneway": false, "reversed": "True", "length": 50.469289364376976, "lanes": null, "name": null, "ref": null, "bridge": null, "maxspeed": null, "tunnel": null, "manual_add_candidate": true, "priority": 1 }, "geometry": { "type": "LineString", "coordinates": [ [ 141.8758388, 43.4173207 ], [ 141.8759748, 43.4177637 ] ] } },
{ "type": "Feature", "properties": { "u": 1938412201, "v": 1938412191, "key": 0, "osmid": "183466191", "highway": [ "unclassified" ], "oneway": false, "reversed": "False", "length": 46.668850105507509, "lanes": null, "name": null, "ref": null, "bridge": null, "maxspeed": null, "tunnel": null, "manual_add_candidate": true, "priority": 1 }, "geometry": { "type": "LineString", "coordinates": [ [ 141.8758388, 43.4173207 ], [ 141.8764019, 43.4172266 ] ] } },
{ "type": "Feature", "properties": { "u": 1938412201, "v": 1938412216, "key": 0, "osmid": "183466191", "highway": [ "unclassified" ], "oneway": false, "reversed": "True", "length": 101.67337392069234, "lanes": null, "name": null, "ref": null, "bridge": null, "maxspeed": null, "tunnel": null, "manual_add_candidate": true, "priority": 1 }, "geometry": { "type": "LineString", "coordinates": [ [ 141.8758388, 43.4173207 ], [ 141.8746156, 43.4175367 ] ] } },
{ "type": "Feature", "properties": { "u": 1938412204, "v": 1938412291, "key": 0, "osmid": "183466082", "highway": [ "unclassified" ], "oneway": false, "reversed": "False", "length": 99.133560423863145, "lanes": null, "name": null, "ref": null, "bridge": null, "maxspeed": null, "tunnel": null, "manual_add_candidate": true, "priority": 1 }, "geometry": { "type": "LineString", "coordinates": [ [ 141.8825895, 43.4173766 ], [ 141.8828576, 43.4182466 ] ] } },
{ "type": "Feature", "properties": { "u": 1938412204, "v": 1938412214, "key": 0, "osmid": "761397573", "highway": [ "unclassified" ], "oneway": false, "reversed": "False", "length": 62.894823573802519, "lanes": null, "name": null, "ref": null, "bridge": null, "maxspeed": null, "tunnel": null, "manual_add_candidate": true, "priority": 1 }, "geometry": { "type": "LineString", "coordinates": [ [ 141.8825895, 43.4173766 ], [ 141.881828399999989, 43.4174962 ] ] } },
{ "type": "Feature", "properties": { "u": 1938412204, "v": 1938412195, "key": 0, "osmid": "761397573", "highway": [ "unclassified" ], "oneway": false, "reversed": "True", "length": 44.986396899359974, "lanes": null, "name": null, "ref": null, "bridge": null, "maxspeed": null, "tunnel": null, "manual_add_candidate": true, "priority": 1 }, "geometry": { "type": "LineString", "coordinates": [ [ 141.8825895, 43.4173766 ], [ 141.8831339, 43.4172911 ] ] } },
{ "type": "Feature", "properties": { "u": 1938412210, "v": 1938412198, "key": 0, "osmid": "183466092", "highway": [ "unclassified" ], "oneway": false, "reversed": "False", "length": 73.195504715804361, "lanes": null, "name": null, "ref": null, "bridge": null, "maxspeed": null, "tunnel": null, "manual_add_candidate": true, "priority": 1 }, "geometry": { "type": "LineString", "coordinates": [ [ 141.8788126, 43.4174461 ], [ 141.8796992, 43.4173098 ] ] } },
{ "type": "Feature", "properties": { "u": 1938412210, "v": 1938412146, "key": 0, "osmid": "183466170", "highway": [ "unclassified" ], "oneway": false, "reversed": "False", "length": 96.412635490026773, "lanes": null, "name": null, "ref": null, "bridge": null, "maxspeed": null, "tunnel": null, "manual_add_candidate": true, "priority": 1 }, "geometry": { "type": "LineString", "coordinates": [ [ 141.8788126, 43.4174461 ], [ 141.8785637, 43.4165981 ] ] } },
{ "type": "Feature", "properties": { "u": 1938412210, "v": 1938412252, "key": 0, "osmid": "183466170", "highway": [ "unclassified" ], "oneway": false, "reversed": "True", "length": 56.961571628537527, "lanes": null, "name": null, "ref": null, "bridge": null, "maxspeed": null, "tunnel": null, "manual_add_candidate": true, "priority": 1 }, "geometry": { "type": "LineString", "coordinates": [ [ 141.8788126, 43.4174461 ], [ 141.8789597, 43.4179471 ] ] } },
{ "type": "Feature", "properties": { "u": 1938412214, "v": 1938412261, "key": 0, "osmid": "183466224", "highway": [ "unclassified" ], "oneway": false, "reversed": "True", "length": 52.766752129297608, "lanes": null, "name": null, "ref": null, "bridge": null, "maxspeed": null, "tunnel": null, "manual_add_candidate": true, "priority": 1 }, "geometry": { "type": "LineString", "coordinates": [ [ 141.881828399999989, 43.4174962 ], [ 141.881960099999986, 43.417961 ] ] } },
{ "type": "Feature", "properties": { "u": 1938412214, "v": 1938412220, "key": 0, "osmid": "761397573", "highway": [ "unclassified" ], "oneway": false, "reversed": "False", "length": 53.136704249688961, "lanes": null, "name": null, "ref": null, "bridge": null, "maxspeed": null, "tunnel": null, "manual_add_candidate": true, "priority": 1 }, "geometry": { "type": "LineString", "coordinates": [ [ 141.881828399999989, 43.4174962 ], [ 141.8811854, 43.4175973 ] ] } },
{ "type": "Feature", "properties": { "u": 1938412214, "v": 1938412204, "key": 0, "osmid": "761397573", "highway": [ "unclassified" ], "oneway": false, "reversed": "True", "length": 62.894823573802519, "lanes": null, "name": null, "ref": null, "bridge": null, "maxspeed": null, "tunnel": null, "manual_add_candidate": true, "priority": 1 }, "geometry": { "type": "LineString", "coordinates": [ [ 141.881828399999989, 43.4174962 ], [ 141.8825895, 43.4173766 ] ] } },
{ "type": "Feature", "properties": { "u": 1938412216, "v": 1938412201, "key": 0, "osmid": "183466191", "highway": [ "unclassified" ], "oneway": false, "reversed": "False", "length": 101.67337392069234, "lanes": null, "name": null, "ref": null, "bridge": null, "maxspeed": null, "tunnel": null, "manual_add_candidate": true, "priority": 1 }, "geometry": { "type": "LineString", "coordinates": [ [ 141.8746156, 43.4175367 ], [ 141.8758388, 43.4173207 ] ] } },
{ "type": "Feature", "properties": { "u": 1938412216, "v": 1938412259, "key": 0, "osmid": "183466229", "highway": [ "unclassified" ], "oneway": false, "reversed": "True", "length": 48.848634162361726, "lanes": null, "name": null, "ref": null, "bridge": null, "maxspeed": null, "tunnel": null, "manual_add_candidate": true, "priority": 1 }, "geometry": { "type": "LineString", "coordinates": [ [ 141.8746156, 43.4175367 ], [ 141.874753700000014, 43.4179644 ] ] } },
{ "type": "Feature", "properties": { "u": 1938412216, "v": 1938412158, "key": 0, "osmid": "183466229", "highway": [ "unclassified" ], "oneway": false, "reversed": "False", "length": 167.37799303699904, "lanes": null, "name": null, "ref": null, "bridge": null, "maxspeed": null, "tunnel": null, "manual_add_candidate": true, "priority": 1 }, "geometry": { "type": "LineString", "coordinates": [ [ 141.8746156, 43.4175367 ], [ 141.874445, 43.4170273 ], [ 141.8744682, 43.4169511 ], [ 141.874525799999986, 43.4169043 ], [ 141.875654200000014, 43.4167196 ] ] } },
{ "type": "Feature", "properties": { "u": 1938412220, "v": 1938412183, "key": 0, "osmid": "183466200", "highway": [ "unclassified" ], "oneway": false, "reversed": "True", "length": 56.096095608065589, "lanes": null, "name": null, "ref": null, "bridge": null, "maxspeed": null, "tunnel": null, "manual_add_candidate": true, "priority": 1 }, "geometry": { "type": "LineString", "coordinates": [ [ 141.8811854, 43.4175973 ], [ 141.88103430000001, 43.4171049 ] ] } },
{ "type": "Feature", "properties": { "u": 1938412220, "v": 1938412222, "key": 0, "osmid": "761397573", "highway": [ "unclassified" ], "oneway": false, "reversed": "False", "length": 16.495062911796083, "lanes": null, "name": null, "ref": null, "bridge": null, "maxspeed": null, "tunnel": null, "manual_add_candidate": true, "priority": 1 }, "geometry": { "type": "LineString", "coordinates": [ [ 141.8811854, 43.4175973 ], [ 141.8809858, 43.4176287 ] ] } },
{ "type": "Feature", "properties": { "u": 1938412220, "v": 1938412214, "key": 0, "osmid": "761397573", "highway": [ "unclassified" ], "oneway": false, "reversed": "True", "length": 53.136704249688961, "lanes": null, "name": null, "ref": null, "bridge": null, "maxspeed": null, "tunnel": null, "manual_add_candidate": true, "priority": 1 }, "geometry": { "type": "LineString", "coordinates": [ [ 141.8811854, 43.4175973 ], [ 141.881828399999989, 43.4174962 ] ] } },
{ "type": "Feature", "properties": { "u": 1938412222, "v": 1938412277, "key": 0, "osmid": "183465981", "highway": [ "unclassified" ], "oneway": false, "reversed": "True", "length": 52.785818932356676, "lanes": null, "name": null, "ref": null, "bridge": null, "maxspeed": null, "tunnel": null, "manual_add_candidate": true, "priority": 1 }, "geometry": { "type": "LineString", "coordinates": [ [ 141.8809858, 43.4176287 ], [ 141.8811245, 43.4180926 ] ] } },
{ "type": "Feature", "properties": { "u": 1938412222, "v": 1938412226, "key": 0, "osmid": "761397573", "highway": [ "unclassified" ], "oneway": false, "reversed": "False", "length": 70.215618395415433, "lanes": null, "name": null, "ref": null, "bridge": null, "maxspeed": null, "tunnel": null, "manual_add_candidate": true, "priority": 1 }, "geometry": { "type": "LineString", "coordinates": [ [ 141.8809858, 43.4176287 ], [ 141.880136099999987, 43.4177622 ] ] } },
{ "type": "Feature", "properties": { "u": 1938412222, "v": 1938412220, "key": 0, "osmid": "761397573", "highway": [ "unclassified" ], "oneway": false, "reversed": "True", "length": 16.495062911796083, "lanes": null, "name": null, "ref": null, "bridge": null, "maxspeed": null, "tunnel": null, "manual_add_candidate": true, "priority": 1 }, "geometry": { "type": "LineString", "coordinates": [ [ 141.8809858, 43.4176287 ], [ 141.8811854, 43.4175973 ] ] } },
{ "type": "Feature", "properties": { "u": 1938412226, "v": 1938412289, "key": 0, "osmid": "183466193", "highway": [ "unclassified" ], "oneway": false, "reversed": "False", "length": 52.75956538925503, "lanes": null, "name": null, "ref": null, "bridge": null, "maxspeed": null, "tunnel": null, "manual_add_candidate": true, "priority": 1 }, "geometry": { "type": "LineString", "coordinates": [ [ 141.880136099999987, 43.4177622 ], [ 141.8802739, 43.418226 ] ] } },
{ "type": "Feature", "properties": { "u": 1938412226, "v": 1938412242, "key": 0, "osmid": "761397573", "highway": [ "unclassified" ], "oneway": false, "reversed": "False", "length": 23.378859896642595, "lanes": null, "name": null, "ref": null, "bridge": null, "maxspeed": null, "tunnel": null, "manual_add_candidate": true, "priority": 1 }, "geometry": { "type": "LineString", "coordinates": [ [ 141.880136099999987, 43.4177622 ], [ 141.879853200000014, 43.4178067 ] ] } },
{ "type": "Feature", "properties": { "u": 1938412226, "v": 1938412222, "key": 0, "osmid": "761397573", "highway": [ "unclassified" ], "oneway": false, "reversed": "True", "length": 70.215618395415433, "lanes": null, "name": null, "ref": null, "bridge": null, "maxspeed": null, "tunnel": null, "manual_add_candidate": true, "priority": 1 }, "geometry": { "type": "LineString", "coordinates": [ [ 141.880136099999987, 43.4177622 ], [ 141.8809858, 43.4176287 ] ] } },
{ "type": "Feature", "properties": { "u": 1938412228, "v": 1938412259, "key": 0, "osmid": "183465996", "highway": [ "unclassified" ], "oneway": false, "reversed": "True", "length": 101.11884430370918, "lanes": null, "name": null, "ref": null, "bridge": null, "maxspeed": null, "tunnel": null, "manual_add_candidate": true, "priority": 1 }, "geometry": { "type": "LineString", "coordinates": [ [ 141.8759748, 43.4177637 ], [ 141.874753700000014, 43.4179644 ] ] } },
{ "type": "Feature", "properties": { "u": 1938412228, "v": 1938412201, "key": 0, "osmid": "183466164", "highway": [ "unclassified" ], "oneway": false, "reversed": "False", "length": 50.469289364376976, "lanes": null, "name": null, "ref": null, "bridge": null, "maxspeed": null, "tunnel": null, "manual_add_candidate": true, "priority": 1 }, "geometry": { "type": "LineString", "coordinates": [ [ 141.8759748, 43.4177637 ], [ 141.8758388, 43.4173207 ] ] } },
{ "type": "Feature", "properties": { "u": 1938412228, "v": 1938412305, "key": 0, "osmid": "183466164", "highway": [ "unclassified" ], "oneway": false, "reversed": "True", "length": 70.917470296369743, "lanes": null, "name": null, "ref": null, "bridge": null, "maxspeed": null, "tunnel": null, "manual_add_candidate": true, "priority": 1 }, "geometry": { "type": "LineString", "coordinates": [ [ 141.8759748, 43.4177637 ], [ 141.8761652, 43.4183863 ] ] } },
{ "type": "Feature", "properties": { "u": 1938412242, "v": 1938412198, "key": 0, "osmid": "183466202", "highway": [ "unclassified" ], "oneway": false, "reversed": "False", "length": 56.635563538789711, "lanes": null, "name": null, "ref": null, "bridge": null, "maxspeed": null, "tunnel": null, "manual_add_candidate": true, "priority": 1 }, "geometry": { "type": "LineString", "coordinates": [ [ 141.879853200000014, 43.4178067 ], [ 141.8796992, 43.4173098 ] ] } },
{ "type": "Feature", "properties": { "u": 1938412242, "v": 1938412249, "key": 0, "osmid": "761397573", "highway": [ "unclassified" ], "oneway": false, "reversed": "False", "length": 66.686192876198731, "lanes": null, "name": null, "ref": null, "bridge": null, "maxspeed": null, "tunnel": null, "manual_add_candidate": true, "priority": 1 }, "geometry": { "type": "LineString", "coordinates": [ [ 141.879853200000014, 43.4178067 ], [ 141.8790453, 43.4179304 ] ] } },
{ "type": "Feature", "properties": { "u": 1938412242, "v": 1938412226, "key": 0, "osmid": "761397573", "highway": [ "unclassified" ], "oneway": false, "reversed": "True", "length": 23.378859896642595, "lanes": null, "name": null, "ref": null, "bridge": null, "maxspeed": null, "tunnel": null, "manual_add_candidate": true, "priority": 1 }, "geometry": { "type": "LineString", "coordinates": [ [ 141.879853200000014, 43.4178067 ], [ 141.880136099999987, 43.4177622 ] ] } },
{ "type": "Feature", "properties": { "u": 1938412244, "v": 1938412256, "key": 0, "osmid": "761397575", "highway": [ "unclassified" ], "oneway": false, "reversed": "True", "length": 67.343025688125394, "lanes": null, "name": null, "ref": null, "bridge": null, "maxspeed": null, "tunnel": null, "manual_add_candidate": true, "priority": 1 }, "geometry": { "type": "LineString", "coordinates": [ [ 141.8855513, 43.4178178 ], [ 141.8847371, 43.4179483 ] ] } },
{ "type": "Feature", "properties": { "u": 1938412249, "v": 1938412333, "key": 0, "osmid": "183465930", "highway": [ "unclassified" ], "oneway": false, "reversed": "False", "length": 100.98153851801045, "lanes": null, "name": null, "ref": null, "bridge": null, "maxspeed": null, "tunnel": null, "manual_add_candidate": true, "priority": 1 }, "geometry": { "type": "LineString", "coordinates": [ [ 141.8790453, 43.4179304 ], [ 141.8792987, 43.4188197 ] ] } },
{ "type": "Feature", "properties": { "u": 1938412249, "v": 1938412252, "key": 0, "osmid": "761397573", "highway": [ "unclassified" ], "oneway": false, "reversed": "False", "length": 7.1587456605474875, "lanes": null, "name": null, "ref": null, "bridge": null, "maxspeed": null, "tunnel": null, "manual_add_candidate": true, "priority": 1 }, "geometry": { "type": "LineString", "coordinates": [ [ 141.8790453, 43.4179304 ], [ 141.8789597, 43.4179471 ] ] } },
{ "type": "Feature", "properties": { "u": 1938412249, "v": 1938412242, "key": 0, "osmid": "761397573", "highway": [ "unclassified" ], "oneway": false, "reversed": "True", "length": 66.686192876198731, "lanes": null, "name": null, "ref": null, "bridge": null, "maxspeed": null, "tunnel": null, "manual_add_candidate": true, "priority": 1 }, "geometry": { "type": "LineString", "coordinates": [ [ 141.8790453, 43.4179304 ], [ 141.879853200000014, 43.4178067 ] ] } },
{ "type": "Feature", "properties": { "u": 1938412252, "v": 1938412210, "key": 0, "osmid": "183466170", "highway": [ "unclassified" ], "oneway": false, "reversed": "False", "length": 56.961571628537527, "lanes": null, "name": null, "ref": null, "bridge": null, "maxspeed": null, "tunnel": null, "manual_add_candidate": true, "priority": 1 }, "geometry": { "type": "LineString", "coordinates": [ [ 141.8789597, 43.4179471 ], [ 141.8788126, 43.4174461 ] ] } },
{ "type": "Feature", "properties": { "u": 1938412252, "v": 1938412265, "key": 0, "osmid": "761397573", "highway": [ "unclassified" ], "oneway": false, "reversed": "False", "length": 42.449576539157334, "lanes": null, "name": null, "ref": null, "bridge": null, "maxspeed": null, "tunnel": null, "manual_add_candidate": true, "priority": 1 }, "geometry": { "type": "LineString", "coordinates": [ [ 141.8789597, 43.4179471 ], [ 141.878446, 43.4180278 ] ] } },
{ "type": "Feature", "properties": { "u": 1938412252, "v": 1938412249, "key": 0, "osmid": "761397573", "highway": [ "unclassified" ], "oneway": false, "reversed": "True", "length": 7.1587456605474875, "lanes": null, "name": null, "ref": null, "bridge": null, "maxspeed": null, "tunnel": null, "manual_add_candidate": true, "priority": 1 }, "geometry": { "type": "LineString", "coordinates": [ [ 141.8789597, 43.4179471 ], [ 141.8790453, 43.4179304 ] ] } },
{ "type": "Feature", "properties": { "u": 1938412256, "v": 1938412179, "key": 0, "osmid": "183466105", "highway": [ "unclassified" ], "oneway": false, "reversed": "False", "length": 98.816253961352416, "lanes": null, "name": null, "ref": null, "bridge": null, "maxspeed": null, "tunnel": null, "manual_add_candidate": true, "priority": 1 }, "geometry": { "type": "LineString", "coordinates": [ [ 141.8847371, 43.4179483 ], [ 141.8844798, 43.4170795 ] ] } },
{ "type": "Feature", "properties": { "u": 1938412256, "v": 1938412326, "key": 0, "osmid": "183466105", "highway": [ "unclassified" ], "oneway": false, "reversed": "True", "length": 91.917382924616987, "lanes": null, "name": null, "ref": null, "bridge": null, "maxspeed": null, "tunnel": null, "manual_add_candidate": true, "priority": 1 }, "geometry": { "type": "LineString", "coordinates": [ [ 141.8847371, 43.4179483 ], [ 141.884978, 43.4187562 ] ] } },
{ "type": "Feature", "properties": { "u": 1938412256, "v": 1938412244, "key": 0, "osmid": "761397575", "highway": [ "unclassified" ], "oneway": false, "reversed": "False", "length": 67.343025688125394, "lanes": null, "name": null, "ref": null, "bridge": null, "maxspeed": null, "tunnel": null, "manual_add_candidate": true, "priority": 1 }, "geometry": { "type": "LineString", "coordinates": [ [ 141.8847371, 43.4179483 ], [ 141.8855513, 43.4178178 ] ] } },
{ "type": "Feature", "properties": { "u": 1938412256, "v": 1938412268, "key": 0, "osmid": "761397575", "highway": [ "unclassified" ], "oneway": false, "reversed": "True", "length": 58.706319833890021, "lanes": null, "name": null, "ref": null, "bridge": null, "maxspeed": null, "tunnel": null, "manual_add_candidate": true, "priority": 1 }, "geometry": { "type": "LineString", "coordinates": [ [ 141.8847371, 43.4179483 ], [ 141.884027300000014, 43.418062 ] ] } },
{ "type": "Feature", "properties": { "u": 1938412259, "v": 1938412228, "key": 0, "osmid": "183465996", "highway": [ "unclassified" ], "oneway": false, "reversed": "False", "length": 101.11884430370918, "lanes": null, "name": null, "ref": null, "bridge": null, "maxspeed": null, "tunnel": null, "manual_add_candidate": true, "priority": 1 }, "geometry": { "type": "LineString", "coordinates": [ [ 141.874753700000014, 43.4179644 ], [ 141.8759748, 43.4177637 ] ] } },
{ "type": "Feature", "properties": { "u": 1938412259, "v": 1938412216, "key": 0, "osmid": "183466229", "highway": [ "unclassified" ], "oneway": false, "reversed": "False", "length": 48.848634162361726, "lanes": null, "name": null, "ref": null, "bridge": null, "maxspeed": null, "tunnel": null, "manual_add_candidate": true, "priority": 1 }, "geometry": { "type": "LineString", "coordinates": [ [ 141.874753700000014, 43.4179644 ], [ 141.8746156, 43.4175367 ] ] } },
{ "type": "Feature", "properties": { "u": 1938412259, "v": 1938412313, "key": 0, "osmid": "183466229", "highway": [ "unclassified" ], "oneway": false, "reversed": "True", "length": 69.978397231322404, "lanes": null, "name": null, "ref": null, "bridge": null, "maxspeed": null, "tunnel": null, "manual_add_candidate": true, "priority": 1 }, "geometry": { "type": "LineString", "coordinates": [ [ 141.874753700000014, 43.4179644 ], [ 141.874956200000014, 43.4185763 ] ] } },
{ "type": "Feature", "properties": { "u": 1938412261, "v": 1938412277, "key": 0, "osmid": "183466110", "highway": [ "unclassified" ], "oneway": false, "reversed": "True", "length": 69.057513917783808, "lanes": null, "name": null, "ref": null, "bridge": null, "maxspeed": null, "tunnel": null, "manual_add_candidate": true, "priority": 1 }, "geometry": { "type": "LineString", "coordinates": [ [ 141.881960099999986, 43.417961 ], [ 141.8811245, 43.4180926 ] ] } },
{ "type": "Feature", "properties": { "u": 1938412261, "v": 1938412214, "key": 0, "osmid": "183466224", "highway": [ "unclassified" ], "oneway": false, "reversed": "False", "length": 52.766752129297608, "lanes": null, "name": null, "ref": null, "bridge": null, "maxspeed": null, "tunnel": null, "manual_add_candidate": true, "priority": 1 }, "geometry": { "type": "LineString", "coordinates": [ [ 141.881960099999986, 43.417961 ], [ 141.881828399999989, 43.4174962 ] ] } },
{ "type": "Feature", "properties": { "u": 1938412261, "v": 1938412307, "key": 0, "osmid": "183466224", "highway": [ "unclassified" ], "oneway": false, "reversed": "True", "length": 46.943451057734087, "lanes": null, "name": null, "ref": null, "bridge": null, "maxspeed": null, "tunnel": null, "manual_add_candidate": true, "priority": 1 }, "geometry": { "type": "LineString", "coordinates": [ [ 141.881960099999986, 43.417961 ], [ 141.8820773, 43.4183745 ] ] } },
{ "type": "Feature", "properties": { "u": 1938412265, "v": 1938412102, "key": 0, "osmid": "183465905", "highway": [ "unclassified" ], "oneway": false, "reversed": "False", "length": 193.68111271765642, "lanes": null, "name": null, "ref": null, "bridge": null, "maxspeed": null, "tunnel": null, "manual_add_candidate": true, "priority": 1 }, "geometry": { "type": "LineString", "coordinates": [ [ 141.878446, 43.4180278 ], [ 141.877949699999988, 43.4163237 ] ] } },
{ "type": "Feature", "properties": { "u": 1938412265, "v": 1938412341, "key": 0, "osmid": "183465905", "highway": [ "unclassified" ], "oneway": false, "reversed": "True", "length": 100.82566859797802, "lanes": null, "name": null, "ref": null, "bridge": null, "maxspeed": null, "tunnel": null, "manual_add_candidate": true, "priority": 1 }, "geometry": { "type": "LineString", "coordinates": [ [ 141.878446, 43.4180278 ], [ 141.878703800000011, 43.418915 ] ] } },
{ "type": "Feature", "properties": { "u": 1938412265, "v": 1938412274, "key": 0, "osmid": "761397573", "highway": [ "unclassified" ], "oneway": false, "reversed": "False", "length": 47.318598589715613, "lanes": null, "name": null, "ref": null, "bridge": null, "maxspeed": null, "tunnel": null, "manual_add_candidate": true, "priority": 1 }, "geometry": { "type": "LineString", "coordinates": [ [ 141.878446, 43.4180278 ], [ 141.877872, 43.418113 ] ] } },
{ "type": "Feature", "properties": { "u": 1938412265, "v": 1938412252, "key": 0, "osmid": "761397573", "highway": [ "unclassified" ], "oneway": false, "reversed": "True", "length": 42.449576539157334, "lanes": null, "name": null, "ref": null, "bridge": null, "maxspeed": null, "tunnel": null, "manual_add_candidate": true, "priority": 1 }, "geometry": { "type": "LineString", "coordinates": [ [ 141.878446, 43.4180278 ], [ 141.8789597, 43.4179471 ] ] } },
{ "type": "Feature", "properties": { "u": 1938412268, "v": 1938412188, "key": 0, "osmid": "183466147", "highway": [ "unclassified" ], "oneway": false, "reversed": "False", "length": 99.050051989546091, "lanes": null, "name": null, "ref": null, "bridge": null, "maxspeed": null, "tunnel": null, "manual_add_candidate": true, "priority": 1 }, "geometry": { "type": "LineString", "coordinates": [ [ 141.884027300000014, 43.418062 ], [ 141.8837729, 43.4171906 ] ] } },
{ "type": "Feature", "properties": { "u": 1938412268, "v": 1938412337, "key": 0, "osmid": "183466147", "highway": [ "unclassified" ], "oneway": false, "reversed": "True", "length": 91.74795523810532, "lanes": null, "name": null, "ref": null, "bridge": null, "maxspeed": null, "tunnel": null, "manual_add_candidate": true, "priority": 1 }, "geometry": { "type": "LineString", "coordinates": [ [ 141.884027300000014, 43.418062 ], [ 141.8842826, 43.418866 ] ] } },
{ "type": "Feature", "properties": { "u": 1938412268, "v": 1938412256, "key": 0, "osmid": "761397575", "highway": [ "unclassified" ], "oneway": false, "reversed": "False", "length": 58.706319833890021, "lanes": null, "name": null, "ref": null, "bridge": null, "maxspeed": null, "tunnel": null, "manual_add_candidate": true, "priority": 1 }, "geometry": { "type": "LineString", "coordinates": [ [ 141.884027300000014, 43.418062 ], [ 141.8847371, 43.4179483 ] ] } },
{ "type": "Feature", "properties": { "u": 1938412268, "v": 1938412283, "key": 0, "osmid": "761397575", "highway": [ "unclassified" ], "oneway": false, "reversed": "True", "length": 51.569086600548196, "lanes": null, "name": null, "ref": null, "bridge": null, "maxspeed": null, "tunnel": null, "manual_add_candidate": true, "priority": 1 }, "geometry": { "type": "LineString", "coordinates": [ [ 141.884027300000014, 43.418062 ], [ 141.8834038, 43.4181619 ] ] } },
{ "type": "Feature", "properties": { "u": 1938412274, "v": 1938412176, "key": 0, "osmid": "183466098", "highway": [ "unclassified" ], "oneway": false, "reversed": "True", "length": 123.41879319205532, "lanes": null, "name": null, "ref": null, "bridge": null, "maxspeed": null, "tunnel": null, "manual_add_candidate": true, "priority": 1 }, "geometry": { "type": "LineString", "coordinates": [ [ 141.877872, 43.418113 ], [ 141.877539899999988, 43.4170296 ] ] } },
{ "type": "Feature", "properties": { "u": 1938412274, "v": 1938412286, "key": 0, "osmid": "761397573", "highway": [ "unclassified" ], "oneway": false, "reversed": "False", "length": 47.552548953561121, "lanes": null, "name": null, "ref": null, "bridge": null, "maxspeed": null, "tunnel": null, "manual_add_candidate": true, "priority": 1 }, "geometry": { "type": "LineString", "coordinates": [ [ 141.877872, 43.418113 ], [ 141.8772973, 43.4182059 ] ] } },
{ "type": "Feature", "properties": { "u": 1938412274, "v": 1938412265, "key": 0, "osmid": "761397573", "highway": [ "unclassified" ], "oneway": false, "reversed": "True", "length": 47.318598589715613, "lanes": null, "name": null, "ref": null, "bridge": null, "maxspeed": null, "tunnel": null, "manual_add_candidate": true, "priority": 1 }, "geometry": { "type": "LineString", "coordinates": [ [ 141.877872, 43.418113 ], [ 141.878446, 43.4180278 ] ] } },
{ "type": "Feature", "properties": { "u": 1938412277, "v": 1938412222, "key": 0, "osmid": "183465981", "highway": [ "unclassified" ], "oneway": false, "reversed": "False", "length": 52.785818932356676, "lanes": null, "name": null, "ref": null, "bridge": null, "maxspeed": null, "tunnel": null, "manual_add_candidate": true, "priority": 1 }, "geometry": { "type": "LineString", "coordinates": [ [ 141.8811245, 43.4180926 ], [ 141.8809858, 43.4176287 ] ] } },
{ "type": "Feature", "properties": { "u": 1938412277, "v": 1938412261, "key": 0, "osmid": "183466110", "highway": [ "unclassified" ], "oneway": false, "reversed": "False", "length": 69.057513917783808, "lanes": null, "name": null, "ref": null, "bridge": null, "maxspeed": null, "tunnel": null, "manual_add_candidate": true, "priority": 1 }, "geometry": { "type": "LineString", "coordinates": [ [ 141.8811245, 43.4180926 ], [ 141.881960099999986, 43.417961 ] ] } },
{ "type": "Feature", "properties": { "u": 1938412277, "v": 1938412289, "key": 0, "osmid": "183466110", "highway": [ "unclassified" ], "oneway": false, "reversed": "True", "length": 70.283806121519959, "lanes": null, "name": null, "ref": null, "bridge": null, "maxspeed": null, "tunnel": null, "manual_add_candidate": true, "priority": 1 }, "geometry": { "type": "LineString", "coordinates": [ [ 141.8811245, 43.4180926 ], [ 141.8802739, 43.418226 ] ] } },
{ "type": "Feature", "properties": { "u": 1938412283, "v": 1938412344, "key": 0, "osmid": "183466210", "highway": [ "unclassified" ], "oneway": false, "reversed": "False", "length": 91.591633307528255, "lanes": null, "name": null, "ref": null, "bridge": null, "maxspeed": null, "tunnel": null, "manual_add_candidate": true, "priority": 1 }, "geometry": { "type": "LineString", "coordinates": [ [ 141.8834038, 43.4181619 ], [ 141.8836283, 43.4189693 ] ] } },
{ "type": "Feature", "properties": { "u": 1938412283, "v": 1938412195, "key": 0, "osmid": "183466210", "highway": [ "unclassified" ], "oneway": false, "reversed": "True", "length": 99.252206599666508, "lanes": null, "name": null, "ref": null, "bridge": null, "maxspeed": null, "tunnel": null, "manual_add_candidate": true, "priority": 1 }, "geometry": { "type": "LineString", "coordinates": [ [ 141.8834038, 43.4181619 ], [ 141.8831339, 43.4172911 ] ] } },
{ "type": "Feature", "properties": { "u": 1938412283, "v": 1938412268, "key": 0, "osmid": "761397575", "highway": [ "unclassified" ], "oneway": false, "reversed": "False", "length": 51.569086600548196, "lanes": null, "name": null, "ref": null, "bridge": null, "maxspeed": null, "tunnel": null, "manual_add_candidate": true, "priority": 1 }, "geometry": { "type": "LineString", "coordinates": [ [ 141.8834038, 43.4181619 ], [ 141.884027300000014, 43.418062 ] ] } },
{ "type": "Feature", "properties": { "u": 1938412283, "v": 1938412291, "key": 0, "osmid": "761397575", "highway": [ "unclassified" ], "oneway": false, "reversed": "True", "length": 45.109230210836671, "lanes": null, "name": null, "ref": null, "bridge": null, "maxspeed": null, "tunnel": null, "manual_add_candidate": true, "priority": 1 }, "geometry": { "type": "LineString", "coordinates": [ [ 141.8834038, 43.4181619 ], [ 141.8828576, 43.4182466 ] ] } },
{ "type": "Feature", "properties": { "u": 1938412286, "v": 1938412185, "key": 0, "osmid": "183466135", "highway": [ "unclassified" ], "oneway": false, "reversed": "False", "length": 122.42890770405452, "lanes": null, "name": null, "ref": null, "bridge": null, "maxspeed": null, "tunnel": null, "manual_add_candidate": true, "priority": 1 }, "geometry": { "type": "LineString", "coordinates": [ [ 141.8772973, 43.4182059 ], [ 141.876963499999988, 43.4171319 ] ] } },
{ "type": "Feature", "properties": { "u": 1938412286, "v": 1938412303, "key": 0, "osmid": "761397573", "highway": [ "unclassified" ], "oneway": false, "reversed": "False", "length": 46.945559212179269, "lanes": null, "name": null, "ref": null, "bridge": null, "maxspeed": null, "tunnel": null, "manual_add_candidate": true, "priority": 1 }, "geometry": { "type": "LineString", "coordinates": [ [ 141.8772973, 43.4182059 ], [ 141.876729899999987, 43.4182975 ] ] } },
{ "type": "Feature", "properties": { "u": 1938412286, "v": 1938412274, "key": 0, "osmid": "761397573", "highway": [ "unclassified" ], "oneway": false, "reversed": "True", "length": 47.552548953561121, "lanes": null, "name": null, "ref": null, "bridge": null, "maxspeed": null, "tunnel": null, "manual_add_candidate": true, "priority": 1 }, "geometry": { "type": "LineString", "coordinates": [ [ 141.8772973, 43.4182059 ], [ 141.877872, 43.418113 ] ] } },
{ "type": "Feature", "properties": { "u": 1938412289, "v": 1938412277, "key": 0, "osmid": "183466110", "highway": [ "unclassified" ], "oneway": false, "reversed": "False", "length": 70.283806121519959, "lanes": null, "name": null, "ref": null, "bridge": null, "maxspeed": null, "tunnel": null, "manual_add_candidate": true, "priority": 1 }, "geometry": { "type": "LineString", "coordinates": [ [ 141.8802739, 43.418226 ], [ 141.8811245, 43.4180926 ] ] } },
{ "type": "Feature", "properties": { "u": 1938412289, "v": 1938412315, "key": 0, "osmid": "183466193", "highway": [ "unclassified" ], "oneway": false, "reversed": "False", "length": 47.504521255447671, "lanes": null, "name": null, "ref": null, "bridge": null, "maxspeed": null, "tunnel": null, "manual_add_candidate": true, "priority": 1 }, "geometry": { "type": "LineString", "coordinates": [ [ 141.8802739, 43.418226 ], [ 141.880398, 43.4186436 ] ] } },
{ "type": "Feature", "properties": { "u": 1938412289, "v": 1938412226, "key": 0, "osmid": "183466193", "highway": [ "unclassified" ], "oneway": false, "reversed": "True", "length": 52.75956538925503, "lanes": null, "name": null, "ref": null, "bridge": null, "maxspeed": null, "tunnel": null, "manual_add_candidate": true, "priority": 1 }, "geometry": { "type": "LineString", "coordinates": [ [ 141.8802739, 43.418226 ], [ 141.880136099999987, 43.4177622 ] ] } },
{ "type": "Feature", "properties": { "u": 1938412291, "v": 1938412204, "key": 0, "osmid": "183466082", "highway": [ "unclassified" ], "oneway": false, "reversed": "True", "length": 99.133560423863145, "lanes": null, "name": null, "ref": null, "bridge": null, "maxspeed": null, "tunnel": null, "manual_add_candidate": true, "priority": 1 }, "geometry": { "type": "LineString", "coordinates": [ [ 141.8828576, 43.4182466 ], [ 141.8825895, 43.4173766 ] ] } },
{ "type": "Feature", "properties": { "u": 1938412291, "v": 1938412349, "key": 0, "osmid": "761397574", "highway": [ "unclassified" ], "oneway": false, "reversed": "False", "length": 91.751249720499587, "lanes": null, "name": null, "ref": null, "bridge": null, "maxspeed": null, "tunnel": null, "manual_add_candidate": true, "priority": 1 }, "geometry": { "type": "LineString", "coordinates": [ [ 141.8828576, 43.4182466 ], [ 141.883105199999989, 43.4190519 ] ] } },
{ "type": "Feature", "properties": { "u": 1938412291, "v": 1938412283, "key": 0, "osmid": "761397575", "highway": [ "unclassified" ], "oneway": false, "reversed": "False", "length": 45.109230210836671, "lanes": null, "name": null, "ref": null, "bridge": null, "maxspeed": null, "tunnel": null, "manual_add_candidate": true, "priority": 1 }, "geometry": { "type": "LineString", "coordinates": [ [ 141.8828576, 43.4182466 ], [ 141.8834038, 43.4181619 ] ] } },
{ "type": "Feature", "properties": { "u": 1938412291, "v": 1938412307, "key": 0, "osmid": "761397576", "highway": [ "unclassified" ], "oneway": false, "reversed": "True", "length": 64.607323431827794, "lanes": null, "name": null, "ref": null, "bridge": null, "maxspeed": null, "tunnel": null, "manual_add_candidate": true, "priority": 1 }, "geometry": { "type": "LineString", "coordinates": [ [ 141.8828576, 43.4182466 ], [ 141.8820773, 43.4183745 ] ] } },
{ "type": "Feature", "properties": { "u": 1938412303, "v": 1938412191, "key": 0, "osmid": "183466143", "highway": [ "unclassified" ], "oneway": false, "reversed": "True", "length": 121.99009166736289, "lanes": null, "name": null, "ref": null, "bridge": null, "maxspeed": null, "tunnel": null, "manual_add_candidate": true, "priority": 1 }, "geometry": { "type": "LineString", "coordinates": [ [ 141.876729899999987, 43.4182975 ], [ 141.8764019, 43.4172266 ] ] } },
{ "type": "Feature", "properties": { "u": 1938412303, "v": 1938412305, "key": 0, "osmid": "761397573", "highway": [ "unclassified" ], "oneway": false, "reversed": "False", "length": 46.66577073611834, "lanes": null, "name": null, "ref": null, "bridge": null, "maxspeed": null, "tunnel": null, "manual_add_candidate": true, "priority": 1 }, "geometry": { "type": "LineString", "coordinates": [ [ 141.876729899999987, 43.4182975 ], [ 141.8761652, 43.4183863 ] ] } },
{ "type": "Feature", "properties": { "u": 1938412303, "v": 1938412286, "key": 0, "osmid": "761397573", "highway": [ "unclassified" ], "oneway": false, "reversed": "True", "length": 46.945559212179269, "lanes": null, "name": null, "ref": null, "bridge": null, "maxspeed": null, "tunnel": null, "manual_add_candidate": true, "priority": 1 }, "geometry": { "type": "LineString", "coordinates": [ [ 141.876729899999987, 43.4182975 ], [ 141.8772973, 43.4182059 ] ] } },
{ "type": "Feature", "properties": { "u": 1938412305, "v": 1938412228, "key": 0, "osmid": "183466164", "highway": [ "unclassified" ], "oneway": false, "reversed": "False", "length": 70.917470296369743, "lanes": null, "name": null, "ref": null, "bridge": null, "maxspeed": null, "tunnel": null, "manual_add_candidate": true, "priority": 1 }, "geometry": { "type": "LineString", "coordinates": [ [ 141.8761652, 43.4183863 ], [ 141.8759748, 43.4177637 ] ] } },
{ "type": "Feature", "properties": { "u": 1938412305, "v": 1938412313, "key": 0, "osmid": "761397573", "highway": [ "unclassified" ], "oneway": false, "reversed": "False", "length": 99.906562150337962, "lanes": null, "name": null, "ref": null, "bridge": null, "maxspeed": null, "tunnel": null, "manual_add_candidate": true, "priority": 1 }, "geometry": { "type": "LineString", "coordinates": [ [ 141.8761652, 43.4183863 ], [ 141.874956200000014, 43.4185763 ] ] } },
{ "type": "Feature", "properties": { "u": 1938412305, "v": 1938412303, "key": 0, "osmid": "761397573", "highway": [ "unclassified" ], "oneway": false, "reversed": "True", "length": 46.66577073611834, "lanes": null, "name": null, "ref": null, "bridge": null, "maxspeed": null, "tunnel": null, "manual_add_candidate": true, "priority": 1 }, "geometry": { "type": "LineString", "coordinates": [ [ 141.8761652, 43.4183863 ], [ 141.876729899999987, 43.4182975 ] ] } },
{ "type": "Feature", "properties": { "u": 1938412307, "v": 1938412315, "key": 0, "osmid": "183466222", "highway": [ "unclassified" ], "oneway": false, "reversed": "True", "length": 138.89325942605871, "lanes": null, "name": null, "ref": null, "bridge": null, "maxspeed": null, "tunnel": null, "manual_add_candidate": true, "priority": 1 }, "geometry": { "type": "LineString", "coordinates": [ [ 141.8820773, 43.4183745 ], [ 141.880398, 43.4186436 ] ] } },
{ "type": "Feature", "properties": { "u": 1938412307, "v": 1938412261, "key": 0, "osmid": "183466224", "highway": [ "unclassified" ], "oneway": false, "reversed": "False", "length": 46.943451057734087, "lanes": null, "name": null, "ref": null, "bridge": null, "maxspeed": null, "tunnel": null, "manual_add_candidate": true, "priority": 1 }, "geometry": { "type": "LineString", "coordinates": [ [ 141.8820773, 43.4183745 ], [ 141.881960099999986, 43.417961 ] ] } },
{ "type": "Feature", "properties": { "u": 1938412307, "v": 1938412330, "key": 0, "osmid": "183466224", "highway": [ "unclassified" ], "oneway": false, "reversed": "True", "length": 45.718341121852198, "lanes": null, "name": null, "ref": null, "bridge": null, "maxspeed": null, "tunnel": null, "manual_add_candidate": true, "priority": 1 }, "geometry": { "type": "LineString", "coordinates": [ [ 141.8820773, 43.4183745 ], [ 141.8821915, 43.4187772 ] ] } },
{ "type": "Feature", "properties": { "u": 1938412307, "v": 1938412291, "key": 0, "osmid": "761397576", "highway": [ "unclassified" ], "oneway": false, "reversed": "False", "length": 64.607323431827794, "lanes": null, "name": null, "ref": null, "bridge": null, "maxspeed": null, "tunnel": null, "manual_add_candidate": true, "priority": 1 }, "geometry": { "type": "LineString", "coordinates": [ [ 141.8820773, 43.4183745 ], [ 141.8828576, 43.4182466 ] ] } },
{ "type": "Feature", "properties": { "u": 1938412313, "v": 1938412259, "key": 0, "osmid": "183466229", "highway": [ "unclassified" ], "oneway": false, "reversed": "False", "length": 69.978397231322404, "lanes": null, "name": null, "ref": null, "bridge": null, "maxspeed": null, "tunnel": null, "manual_add_candidate": true, "priority": 1 }, "geometry": { "type": "LineString", "coordinates": [ [ 141.874956200000014, 43.4185763 ], [ 141.874753700000014, 43.4179644 ] ] } },
{ "type": "Feature", "properties": { "u": 1938412313, "v": 2350613650, "key": 0, "osmid": "761397572", "highway": [ "unclassified" ], "oneway": false, "reversed": "False", "length": 237.95260919523935, "lanes": null, "name": null, "ref": null, "bridge": null, "maxspeed": null, "tunnel": null, "manual_add_candidate": true, "priority": 1 }, "geometry": { "type": "LineString", "coordinates": [ [ 141.874956200000014, 43.4185763 ], [ 141.8720698, 43.4190052 ] ] } },
{ "type": "Feature", "properties": { "u": 1938412313, "v": 1938412305, "key": 0, "osmid": "761397573", "highway": [ "unclassified" ], "oneway": false, "reversed": "True", "length": 99.906562150337962, "lanes": null, "name": null, "ref": null, "bridge": null, "maxspeed": null, "tunnel": null, "manual_add_candidate": true, "priority": 1 }, "geometry": { "type": "LineString", "coordinates": [ [ 141.874956200000014, 43.4185763 ], [ 141.8761652, 43.4183863 ] ] } },
{ "type": "Feature", "properties": { "u": 1938412315, "v": 1938412346, "key": 0, "osmid": "183466193", "highway": [ "unclassified" ], "oneway": false, "reversed": "False", "length": 45.092881397605808, "lanes": null, "name": null, "ref": null, "bridge": null, "maxspeed": null, "tunnel": null, "manual_add_candidate": true, "priority": 1 }, "geometry": { "type": "LineString", "coordinates": [ [ 141.880398, 43.4186436 ], [ 141.880515800000012, 43.41904 ] ] } },
{ "type": "Feature", "properties": { "u": 1938412315, "v": 1938412289, "key": 0, "osmid": "183466193", "highway": [ "unclassified" ], "oneway": false, "reversed": "True", "length": 47.504521255447671, "lanes": null, "name": null, "ref": null, "bridge": null, "maxspeed": null, "tunnel": null, "manual_add_candidate": true, "priority": 1 }, "geometry": { "type": "LineString", "coordinates": [ [ 141.880398, 43.4186436 ], [ 141.8802739, 43.418226 ] ] } },
{ "type": "Feature", "properties": { "u": 1938412315, "v": 1938412307, "key": 0, "osmid": "183466222", "highway": [ "unclassified" ], "oneway": false, "reversed": "False", "length": 138.89325942605871, "lanes": null, "name": null, "ref": null, "bridge": null, "maxspeed": null, "tunnel": null, "manual_add_candidate": true, "priority": 1 }, "geometry": { "type": "LineString", "coordinates": [ [ 141.880398, 43.4186436 ], [ 141.8820773, 43.4183745 ] ] } },
{ "type": "Feature", "properties": { "u": 1938412315, "v": 1938412333, "key": 0, "osmid": "183466222", "highway": [ "unclassified" ], "oneway": false, "reversed": "True", "length": 90.92032626671579, "lanes": null, "name": null, "ref": null, "bridge": null, "maxspeed": null, "tunnel": null, "manual_add_candidate": true, "priority": 1 }, "geometry": { "type": "LineString", "coordinates": [ [ 141.880398, 43.4186436 ], [ 141.8792987, 43.4188197 ] ] } },
{ "type": "Feature", "properties": { "u": 1938412320, "v": 1938412326, "key": 0, "osmid": "183465904", "highway": [ "unclassified" ], "oneway": false, "reversed": "True", "length": 66.757974575632389, "lanes": null, "name": null, "ref": null, "bridge": null, "maxspeed": null, "tunnel": null, "manual_add_candidate": true, "priority": 1 }, "geometry": { "type": "LineString", "coordinates": [ [ 141.885785700000014, 43.4186287 ], [ 141.884978, 43.4187562 ] ] } },
{ "type": "Feature", "properties": { "u": 1938412323, "v": 1938412767, "key": 0, "osmid": "435242782", "highway": [ "unclassified" ], "oneway": false, "reversed": "True", "length": 565.53909526567793, "lanes": null, "name": null, "ref": null, "bridge": null, "maxspeed": null, "tunnel": null, "manual_add_candidate": true, "priority": 1 }, "geometry": { "type": "LineString", "coordinates": [ [ 141.9071949, 43.4187327 ], [ 141.9086058, 43.4237144 ] ] } },
{ "type": "Feature", "properties": { "u": 1938412323, "v": 1938412068, "key": 0, "osmid": [ 761596092, 761596093, 435242782 ], "highway": [ "unclassified" ], "oneway": false, "reversed": "False", "length": 561.86558135755422, "lanes": null, "name": null, "ref": null, "bridge": "yes", "maxspeed": null, "tunnel": null, "manual_add_candidate": true, "priority": 1 }, "geometry": { "type": "LineString", "coordinates": [ [ 141.9071949, 43.4187327 ], [ 141.90688080000001, 43.4177077 ], [ 141.906792599999989, 43.4173841 ], [ 141.906267500000013, 43.4155395 ], [ 141.9057561, 43.4137891 ] ] } },
{ "type": "Feature", "properties": { "u": 1938412326, "v": 1938412320, "key": 0, "osmid": "183465904", "highway": [ "unclassified" ], "oneway": false, "reversed": "False", "length": 66.757974575632389, "lanes": null, "name": null, "ref": null, "bridge": null, "maxspeed": null, "tunnel": null, "manual_add_candidate": true, "priority": 1 }, "geometry": { "type": "LineString", "coordinates": [ [ 141.884978, 43.4187562 ], [ 141.885785700000014, 43.4186287 ] ] } },
{ "type": "Feature", "properties": { "u": 1938412326, "v": 1938412337, "key": 0, "osmid": "183465904", "highway": [ "unclassified" ], "oneway": false, "reversed": "True", "length": 57.476695910849209, "lanes": null, "name": null, "ref": null, "bridge": null, "maxspeed": null, "tunnel": null, "manual_add_candidate": true, "priority": 1 }, "geometry": { "type": "LineString", "coordinates": [ [ 141.884978, 43.4187562 ], [ 141.8842826, 43.418866 ] ] } },
{ "type": "Feature", "properties": { "u": 1938412326, "v": 1938412256, "key": 0, "osmid": "183466105", "highway": [ "unclassified" ], "oneway": false, "reversed": "False", "length": 91.917382924616987, "lanes": null, "name": null, "ref": null, "bridge": null, "maxspeed": null, "tunnel": null, "manual_add_candidate": true, "priority": 1 }, "geometry": { "type": "LineString", "coordinates": [ [ 141.884978, 43.4187562 ], [ 141.8847371, 43.4179483 ] ] } },
{ "type": "Feature", "properties": { "u": 1938412330, "v": 1938412346, "key": 0, "osmid": "183466107", "highway": [ "unclassified" ], "oneway": false, "reversed": "False", "length": 138.45892893250056, "lanes": null, "name": null, "ref": null, "bridge": null, "maxspeed": null, "tunnel": null, "manual_add_candidate": true, "priority": 1 }, "geometry": { "type": "LineString", "coordinates": [ [ 141.8821915, 43.4187772 ], [ 141.880515800000012, 43.41904 ] ] } },
{ "type": "Feature", "properties": { "u": 1938412330, "v": 1938412307, "key": 0, "osmid": "183466224", "highway": [ "unclassified" ], "oneway": false, "reversed": "False", "length": 45.718341121852198, "lanes": null, "name": null, "ref": null, "bridge": null, "maxspeed": null, "tunnel": null, "manual_add_candidate": true, "priority": 1 }, "geometry": { "type": "LineString", "coordinates": [ [ 141.8821915, 43.4187772 ], [ 141.8820773, 43.4183745 ] ] } },
{ "type": "Feature", "properties": { "u": 1938412330, "v": 1938412352, "key": 0, "osmid": "183466224", "highway": [ "unclassified" ], "oneway": false, "reversed": "True", "length": 45.51440675244811, "lanes": null, "name": null, "ref": null, "bridge": null, "maxspeed": null, "tunnel": null, "manual_add_candidate": true, "priority": 1 }, "geometry": { "type": "LineString", "coordinates": [ [ 141.8821915, 43.4187772 ], [ 141.8823142, 43.4191767 ] ] } },
{ "type": "Feature", "properties": { "u": 1938412333, "v": 1938412249, "key": 0, "osmid": "183465930", "highway": [ "unclassified" ], "oneway": false, "reversed": "True", "length": 100.98153851801045, "lanes": null, "name": null, "ref": null, "bridge": null, "maxspeed": null, "tunnel": null, "manual_add_candidate": true, "priority": 1 }, "geometry": { "type": "LineString", "coordinates": [ [ 141.8792987, 43.4188197 ], [ 141.8790453, 43.4179304 ] ] } },
{ "type": "Feature", "properties": { "u": 1938412333, "v": 1938412315, "key": 0, "osmid": "183466222", "highway": [ "unclassified" ], "oneway": false, "reversed": "False", "length": 90.92032626671579, "lanes": null, "name": null, "ref": null, "bridge": null, "maxspeed": null, "tunnel": null, "manual_add_candidate": true, "priority": 1 }, "geometry": { "type": "LineString", "coordinates": [ [ 141.8792987, 43.4188197 ], [ 141.880398, 43.4186436 ] ] } },
{ "type": "Feature", "properties": { "u": 1938412333, "v": 1938412341, "key": 0, "osmid": "183466222", "highway": [ "unclassified" ], "oneway": false, "reversed": "True", "length": 49.202601674146379, "lanes": null, "name": null, "ref": null, "bridge": null, "maxspeed": null, "tunnel": null, "manual_add_candidate": true, "priority": 1 }, "geometry": { "type": "LineString", "coordinates": [ [ 141.8792987, 43.4188197 ], [ 141.878703800000011, 43.418915 ] ] } },
{ "type": "Feature", "properties": { "u": 1938412337, "v": 1938412326, "key": 0, "osmid": "183465904", "highway": [ "unclassified" ], "oneway": false, "reversed": "False", "length": 57.476695910849209, "lanes": null, "name": null, "ref": null, "bridge": null, "maxspeed": null, "tunnel": null, "manual_add_candidate": true, "priority": 1 }, "geometry": { "type": "LineString", "coordinates": [ [ 141.8842826, 43.418866 ], [ 141.884978, 43.4187562 ] ] } },
{ "type": "Feature", "properties": { "u": 1938412337, "v": 1938412344, "key": 0, "osmid": "183465904", "highway": [ "unclassified" ], "oneway": false, "reversed": "True", "length": 54.079329956733119, "lanes": null, "name": null, "ref": null, "bridge": null, "maxspeed": null, "tunnel": null, "manual_add_candidate": true, "priority": 1 }, "geometry": { "type": "LineString", "coordinates": [ [ 141.8842826, 43.418866 ], [ 141.8836283, 43.4189693 ] ] } },
{ "type": "Feature", "properties": { "u": 1938412337, "v": 1938412268, "key": 0, "osmid": "183466147", "highway": [ "unclassified" ], "oneway": false, "reversed": "False", "length": 91.74795523810532, "lanes": null, "name": null, "ref": null, "bridge": null, "maxspeed": null, "tunnel": null, "manual_add_candidate": true, "priority": 1 }, "geometry": { "type": "LineString", "coordinates": [ [ 141.8842826, 43.418866 ], [ 141.884027300000014, 43.418062 ] ] } },
{ "type": "Feature", "properties": { "u": 1938412341, "v": 1938412265, "key": 0, "osmid": "183465905", "highway": [ "unclassified" ], "oneway": false, "reversed": "False", "length": 100.82566859797802, "lanes": null, "name": null, "ref": null, "bridge": null, "maxspeed": null, "tunnel": null, "manual_add_candidate": true, "priority": 1 }, "geometry": { "type": "LineString", "coordinates": [ [ 141.878703800000011, 43.418915 ], [ 141.878446, 43.4180278 ] ] } },
{ "type": "Feature", "properties": { "u": 1938412341, "v": 1938412356, "key": 0, "osmid": "183465905", "highway": [ "unclassified" ], "oneway": false, "reversed": "True", "length": 45.222636907571072, "lanes": null, "name": null, "ref": null, "bridge": null, "maxspeed": null, "tunnel": null, "manual_add_candidate": true, "priority": 1 }, "geometry": { "type": "LineString", "coordinates": [ [ 141.878703800000011, 43.418915 ], [ 141.8788136, 43.4193138 ] ] } },
{ "type": "Feature", "properties": { "u": 1938412341, "v": 1938412333, "key": 0, "osmid": "183466222", "highway": [ "unclassified" ], "oneway": false, "reversed": "False", "length": 49.202601674146379, "lanes": null, "name": null, "ref": null, "bridge": null, "maxspeed": null, "tunnel": null, "manual_add_candidate": true, "priority": 1 }, "geometry": { "type": "LineString", "coordinates": [ [ 141.878703800000011, 43.418915 ], [ 141.8792987, 43.4188197 ] ] } },
{ "type": "Feature", "properties": { "u": 1938412344, "v": 1938412337, "key": 0, "osmid": "183465904", "highway": [ "unclassified" ], "oneway": false, "reversed": "False", "length": 54.079329956733119, "lanes": null, "name": null, "ref": null, "bridge": null, "maxspeed": null, "tunnel": null, "manual_add_candidate": true, "priority": 1 }, "geometry": { "type": "LineString", "coordinates": [ [ 141.8836283, 43.4189693 ], [ 141.8842826, 43.418866 ] ] } },
{ "type": "Feature", "properties": { "u": 1938412344, "v": 1938412349, "key": 0, "osmid": "183465904", "highway": [ "unclassified" ], "oneway": false, "reversed": "True", "length": 43.23562193011783, "lanes": null, "name": null, "ref": null, "bridge": null, "maxspeed": null, "tunnel": null, "manual_add_candidate": true, "priority": 1 }, "geometry": { "type": "LineString", "coordinates": [ [ 141.8836283, 43.4189693 ], [ 141.883105199999989, 43.4190519 ] ] } },
{ "type": "Feature", "properties": { "u": 1938412344, "v": 1938412283, "key": 0, "osmid": "183466210", "highway": [ "unclassified" ], "oneway": false, "reversed": "True", "length": 91.591633307528255, "lanes": null, "name": null, "ref": null, "bridge": null, "maxspeed": null, "tunnel": null, "manual_add_candidate": true, "priority": 1 }, "geometry": { "type": "LineString", "coordinates": [ [ 141.8836283, 43.4189693 ], [ 141.8834038, 43.4181619 ] ] } },
{ "type": "Feature", "properties": { "u": 1938412344, "v": 1938412415, "key": 0, "osmid": "183466210", "highway": [ "unclassified" ], "oneway": false, "reversed": "False", "length": 182.94044203594854, "lanes": null, "name": null, "ref": null, "bridge": null, "maxspeed": null, "tunnel": null, "manual_add_candidate": true, "priority": 1 }, "geometry": { "type": "LineString", "coordinates": [ [ 141.8836283, 43.4189693 ], [ 141.8837757, 43.4194836 ], [ 141.8834459, 43.4198539 ], [ 141.8833477, 43.419893 ], [ 141.8825433, 43.4200182 ] ] } },
{ "type": "Feature", "properties": { "u": 1938412346, "v": 1938412356, "key": 0, "osmid": "183466107", "highway": [ "unclassified" ], "oneway": false, "reversed": "False", "length": 140.81054314897898, "lanes": null, "name": null, "ref": null, "bridge": null, "maxspeed": null, "tunnel": null, "manual_add_candidate": true, "priority": 1 }, "geometry": { "type": "LineString", "coordinates": [ [ 141.880515800000012, 43.41904 ], [ 141.8788136, 43.4193138 ] ] } },
{ "type": "Feature", "properties": { "u": 1938412346, "v": 1938412330, "key": 0, "osmid": "183466107", "highway": [ "unclassified" ], "oneway": false, "reversed": "True", "length": 138.45892893250056, "lanes": null, "name": null, "ref": null, "bridge": null, "maxspeed": null, "tunnel": null, "manual_add_candidate": true, "priority": 1 }, "geometry": { "type": "LineString", "coordinates": [ [ 141.880515800000012, 43.41904 ], [ 141.8821915, 43.4187772 ] ] } },
{ "type": "Feature", "properties": { "u": 1938412346, "v": 1938412375, "key": 0, "osmid": "183466193", "highway": [ "unclassified" ], "oneway": false, "reversed": "False", "length": 45.707069607805877, "lanes": null, "name": null, "ref": null, "bridge": null, "maxspeed": null, "tunnel": null, "manual_add_candidate": true, "priority": 1 }, "geometry": { "type": "LineString", "coordinates": [ [ 141.880515800000012, 43.41904 ], [ 141.8806352, 43.4194418 ] ] } },
{ "type": "Feature", "properties": { "u": 1938412346, "v": 1938412315, "key": 0, "osmid": "183466193", "highway": [ "unclassified" ], "oneway": false, "reversed": "True", "length": 45.092881397605808, "lanes": null, "name": null, "ref": null, "bridge": null, "maxspeed": null, "tunnel": null, "manual_add_candidate": true, "priority": 1 }, "geometry": { "type": "LineString", "coordinates": [ [ 141.880515800000012, 43.41904 ], [ 141.880398, 43.4186436 ] ] } },
{ "type": "Feature", "properties": { "u": 1938412349, "v": 1938412344, "key": 0, "osmid": "183465904", "highway": [ "unclassified" ], "oneway": false, "reversed": "False", "length": 43.23562193011783, "lanes": null, "name": null, "ref": null, "bridge": null, "maxspeed": null, "tunnel": null, "manual_add_candidate": true, "priority": 1 }, "geometry": { "type": "LineString", "coordinates": [ [ 141.883105199999989, 43.4190519 ], [ 141.8836283, 43.4189693 ] ] } },
{ "type": "Feature", "properties": { "u": 1938412349, "v": 1938412352, "key": 0, "osmid": "183465904", "highway": [ "unclassified" ], "oneway": false, "reversed": "True", "length": 65.375745669939448, "lanes": null, "name": null, "ref": null, "bridge": null, "maxspeed": null, "tunnel": null, "manual_add_candidate": true, "priority": 1 }, "geometry": { "type": "LineString", "coordinates": [ [ 141.883105199999989, 43.4190519 ], [ 141.8823142, 43.4191767 ] ] } },
{ "type": "Feature", "properties": { "u": 1938412349, "v": 1938412291, "key": 0, "osmid": "761397574", "highway": [ "unclassified" ], "oneway": false, "reversed": "True", "length": 91.751249720499587, "lanes": null, "name": null, "ref": null, "bridge": null, "maxspeed": null, "tunnel": null, "manual_add_candidate": true, "priority": 1 }, "geometry": { "type": "LineString", "coordinates": [ [ 141.883105199999989, 43.4190519 ], [ 141.8828576, 43.4182466 ] ] } },
{ "type": "Feature", "properties": { "u": 1938412352, "v": 1938412349, "key": 0, "osmid": "183465904", "highway": [ "unclassified" ], "oneway": false, "reversed": "False", "length": 65.375745669939448, "lanes": null, "name": null, "ref": null, "bridge": null, "maxspeed": null, "tunnel": null, "manual_add_candidate": true, "priority": 1 }, "geometry": { "type": "LineString", "coordinates": [ [ 141.8823142, 43.4191767 ], [ 141.883105199999989, 43.4190519 ] ] } },
{ "type": "Feature", "properties": { "u": 1938412352, "v": 1938412354, "key": 0, "osmid": "183465904", "highway": [ "unclassified" ], "oneway": false, "reversed": "True", "length": 61.130034335131022, "lanes": null, "name": null, "ref": null, "bridge": null, "maxspeed": null, "tunnel": null, "manual_add_candidate": true, "priority": 1 }, "geometry": { "type": "LineString", "coordinates": [ [ 141.8823142, 43.4191767 ], [ 141.8815746, 43.4192935 ] ] } },
{ "type": "Feature", "properties": { "u": 1938412352, "v": 1938412330, "key": 0, "osmid": "183466224", "highway": [ "unclassified" ], "oneway": false, "reversed": "False", "length": 45.51440675244811, "lanes": null, "name": null, "ref": null, "bridge": null, "maxspeed": null, "tunnel": null, "manual_add_candidate": true, "priority": 1 }, "geometry": { "type": "LineString", "coordinates": [ [ 141.8823142, 43.4191767 ], [ 141.8821915, 43.4187772 ] ] } },
{ "type": "Feature", "properties": { "u": 1938412352, "v": 1938412415, "key": 0, "osmid": "183466224", "highway": [ "unclassified" ], "oneway": false, "reversed": "True", "length": 95.382613702390941, "lanes": null, "name": null, "ref": null, "bridge": null, "maxspeed": null, "tunnel": null, "manual_add_candidate": true, "priority": 1 }, "geometry": { "type": "LineString", "coordinates": [ [ 141.8823142, 43.4191767 ], [ 141.8825433, 43.4200182 ] ] } },
{ "type": "Feature", "properties": { "u": 1938412354, "v": 1938412352, "key": 0, "osmid": "183465904", "highway": [ "unclassified" ], "oneway": false, "reversed": "False", "length": 61.130034335131022, "lanes": null, "name": null, "ref": null, "bridge": null, "maxspeed": null, "tunnel": null, "manual_add_candidate": true, "priority": 1 }, "geometry": { "type": "LineString", "coordinates": [ [ 141.8815746, 43.4192935 ], [ 141.8823142, 43.4191767 ] ] } },
{ "type": "Feature", "properties": { "u": 1938412354, "v": 1938412373, "key": 0, "osmid": "183465904", "highway": [ "unclassified" ], "oneway": false, "reversed": "True", "length": 69.748901074277356, "lanes": null, "name": null, "ref": null, "bridge": null, "maxspeed": null, "tunnel": null, "manual_add_candidate": true, "priority": 1 }, "geometry": { "type": "LineString", "coordinates": [ [ 141.8815746, 43.4192935 ], [ 141.880730699999987, 43.4194267 ] ] } },
{ "type": "Feature", "properties": { "u": 1938412354, "v": 1938412453, "key": 0, "osmid": "183466160", "highway": [ "unclassified" ], "oneway": false, "reversed": "False", "length": 102.25314673937993, "lanes": null, "name": null, "ref": null, "bridge": null, "maxspeed": null, "tunnel": null, "manual_add_candidate": true, "priority": 1 }, "geometry": { "type": "LineString", "coordinates": [ [ 141.8815746, 43.4192935 ], [ 141.881874, 43.420187 ] ] } },
{ "type": "Feature", "properties": { "u": 1938412356, "v": 1938412341, "key": 0, "osmid": "183465905", "highway": [ "unclassified" ], "oneway": false, "reversed": "False", "length": 45.222636907571072, "lanes": null, "name": null, "ref": null, "bridge": null, "maxspeed": null, "tunnel": null, "manual_add_candidate": true, "priority": 1 }, "geometry": { "type": "LineString", "coordinates": [ [ 141.8788136, 43.4193138 ], [ 141.878703800000011, 43.418915 ] ] } },
{ "type": "Feature", "properties": { "u": 1938412356, "v": 1938412385, "key": 0, "osmid": "183465905", "highway": [ "unclassified" ], "oneway": false, "reversed": "True", "length": 45.160219494929841, "lanes": null, "name": null, "ref": null, "bridge": null, "maxspeed": null, "tunnel": null, "manual_add_candidate": true, "priority": 1 }, "geometry": { "type": "LineString", "coordinates": [ [ 141.8788136, 43.4193138 ], [ 141.878926299999989, 43.4197116 ] ] } },
{ "type": "Feature", "properties": { "u": 1938412356, "v": 1938412346, "key": 0, "osmid": "183466107", "highway": [ "unclassified" ], "oneway": false, "reversed": "True", "length": 140.81054314897898, "lanes": null, "name": null, "ref": null, "bridge": null, "maxspeed": null, "tunnel": null, "manual_add_candidate": true, "priority": 1 }, "geometry": { "type": "LineString", "coordinates": [ [ 141.8788136, 43.4193138 ], [ 141.880515800000012, 43.41904 ] ] } },
{ "type": "Feature", "properties": { "u": 1938412373, "v": 1938412354, "key": 0, "osmid": "183465904", "highway": [ "unclassified" ], "oneway": false, "reversed": "False", "length": 69.748901074277356, "lanes": null, "name": null, "ref": null, "bridge": null, "maxspeed": null, "tunnel": null, "manual_add_candidate": true, "priority": 1 }, "geometry": { "type": "LineString", "coordinates": [ [ 141.880730699999987, 43.4194267 ], [ 141.8815746, 43.4192935 ] ] } },
{ "type": "Feature", "properties": { "u": 1938412373, "v": 1938412375, "key": 0, "osmid": "183465904", "highway": [ "unclassified" ], "oneway": false, "reversed": "True", "length": 7.8937540257024423, "lanes": null, "name": null, "ref": null, "bridge": null, "maxspeed": null, "tunnel": null, "manual_add_candidate": true, "priority": 1 }, "geometry": { "type": "LineString", "coordinates": [ [ 141.880730699999987, 43.4194267 ], [ 141.8806352, 43.4194418 ] ] } },
{ "type": "Feature", "properties": { "u": 1938412373, "v": 1938412396, "key": 0, "osmid": "183466175", "highway": [ "unclassified" ], "oneway": false, "reversed": "False", "length": 45.250819309828444, "lanes": null, "name": null, "ref": null, "bridge": null, "maxspeed": null, "tunnel": null, "manual_add_candidate": true, "priority": 1 }, "geometry": { "type": "LineString", "coordinates": [ [ 141.880730699999987, 43.4194267 ], [ 141.8808482, 43.4198246 ] ] } },
{ "type": "Feature", "properties": { "u": 1938412375, "v": 1938412373, "key": 0, "osmid": "183465904", "highway": [ "unclassified" ], "oneway": false, "reversed": "False", "length": 7.8937540257024423, "lanes": null, "name": null, "ref": null, "bridge": null, "maxspeed": null, "tunnel": null, "manual_add_candidate": true, "priority": 1 }, "geometry": { "type": "LineString", "coordinates": [ [ 141.8806352, 43.4194418 ], [ 141.880730699999987, 43.4194267 ] ] } },
{ "type": "Feature", "properties": { "u": 1938412375, "v": 1938412380, "key": 0, "osmid": "183465904", "highway": [ "unclassified" ], "oneway": false, "reversed": "True", "length": 65.618389551737536, "lanes": null, "name": null, "ref": null, "bridge": null, "maxspeed": null, "tunnel": null, "manual_add_candidate": true, "priority": 1 }, "geometry": { "type": "LineString", "coordinates": [ [ 141.8806352, 43.4194418 ], [ 141.87984130000001, 43.4195672 ] ] } },
{ "type": "Feature", "properties": { "u": 1938412375, "v": 1938412346, "key": 0, "osmid": "183466193", "highway": [ "unclassified" ], "oneway": false, "reversed": "True", "length": 45.707069607805877, "lanes": null, "name": null, "ref": null, "bridge": null, "maxspeed": null, "tunnel": null, "manual_add_candidate": true, "priority": 1 }, "geometry": { "type": "LineString", "coordinates": [ [ 141.8806352, 43.4194418 ], [ 141.880515800000012, 43.41904 ] ] } },
{ "type": "Feature", "properties": { "u": 1938412380, "v": 1938412375, "key": 0, "osmid": "183465904", "highway": [ "unclassified" ], "oneway": false, "reversed": "False", "length": 65.618389551737536, "lanes": null, "name": null, "ref": null, "bridge": null, "maxspeed": null, "tunnel": null, "manual_add_candidate": true, "priority": 1 }, "geometry": { "type": "LineString", "coordinates": [ [ 141.87984130000001, 43.4195672 ], [ 141.8806352, 43.4194418 ] ] } },
{ "type": "Feature", "properties": { "u": 1938412380, "v": 1938412385, "key": 0, "osmid": "183465904", "highway": [ "unclassified" ], "oneway": false, "reversed": "True", "length": 75.624503538421934, "lanes": null, "name": null, "ref": null, "bridge": null, "maxspeed": null, "tunnel": null, "manual_add_candidate": true, "priority": 1 }, "geometry": { "type": "LineString", "coordinates": [ [ 141.87984130000001, 43.4195672 ], [ 141.878926299999989, 43.4197116 ] ] } },
{ "type": "Feature", "properties": { "u": 1938412380, "v": 1938412411, "key": 0, "osmid": "183466084", "highway": [ "unclassified" ], "oneway": false, "reversed": "True", "length": 44.952772031120773, "lanes": null, "name": null, "ref": null, "bridge": null, "maxspeed": null, "tunnel": null, "manual_add_candidate": true, "priority": 1 }, "geometry": { "type": "LineString", "coordinates": [ [ 141.87984130000001, 43.4195672 ], [ 141.879956600000014, 43.4199627 ] ] } },
{ "type": "Feature", "properties": { "u": 1938412385, "v": 1938412380, "key": 0, "osmid": "183465904", "highway": [ "unclassified" ], "oneway": false, "reversed": "False", "length": 75.624503538421934, "lanes": null, "name": null, "ref": null, "bridge": null, "maxspeed": null, "tunnel": null, "manual_add_candidate": true, "priority": 1 }, "geometry": { "type": "LineString", "coordinates": [ [ 141.878926299999989, 43.4197116 ], [ 141.87984130000001, 43.4195672 ] ] } },
{ "type": "Feature", "properties": { "u": 1938412385, "v": 1938412356, "key": 0, "osmid": "183465905", "highway": [ "unclassified" ], "oneway": false, "reversed": "False", "length": 45.160219494929841, "lanes": null, "name": null, "ref": null, "bridge": null, "maxspeed": null, "tunnel": null, "manual_add_candidate": true, "priority": 1 }, "geometry": { "type": "LineString", "coordinates": [ [ 141.878926299999989, 43.4197116 ], [ 141.8788136, 43.4193138 ] ] } },
{ "type": "Feature", "properties": { "u": 1938412385, "v": 1938412447, "key": 0, "osmid": "183465905", "highway": [ "unclassified" ], "oneway": false, "reversed": "True", "length": 45.162565277399594, "lanes": null, "name": null, "ref": null, "bridge": null, "maxspeed": null, "tunnel": null, "manual_add_candidate": true, "priority": 1 }, "geometry": { "type": "LineString", "coordinates": [ [ 141.878926299999989, 43.4197116 ], [ 141.8790378, 43.4201096 ] ] } },
{ "type": "Feature", "properties": { "u": 1938412387, "v": 1938412442, "key": 0, "osmid": "183466149", "highway": [ "unclassified" ], "oneway": false, "reversed": "True", "length": 42.788156540378381, "lanes": null, "name": null, "ref": null, "bridge": null, "maxspeed": null, "tunnel": null, "manual_add_candidate": true, "priority": 1 }, "geometry": { "type": "LineString", "coordinates": [ [ 141.8909348, 43.4197059 ], [ 141.8909668, 43.42009 ] ] } },
{ "type": "Feature", "properties": { "u": 1938412387, "v": 1938412442, "key": 1, "osmid": [ 183465995, 183466213 ], "highway": [ "unclassified" ], "oneway": false, "reversed": [ false, true ], "length": 204.98363502561315, "lanes": null, "name": null, "ref": null, "bridge": null, "maxspeed": null, "tunnel": null, "manual_add_candidate": true, "priority": 1 }, "geometry": { "type": "LineString", "coordinates": [ [ 141.8909348, 43.4197059 ], [ 141.8914409, 43.4196508 ], [ 141.891766, 43.4198664 ], [ 141.8921274, 43.4200246 ], [ 141.8909668, 43.42009 ] ] } },
{ "type": "Feature", "properties": { "u": 1938412387, "v": 1938412569, "key": 0, "osmid": "183466213", "highway": [ "unclassified" ], "oneway": false, "reversed": "True", "length": 246.96312028236375, "lanes": null, "name": null, "ref": null, "bridge": null, "maxspeed": null, "tunnel": null, "manual_add_candidate": true, "priority": 1 }, "geometry": { "type": "LineString", "coordinates": [ [ 141.8909348, 43.4197059 ], [ 141.8901784, 43.4198155 ], [ 141.8898754, 43.4200015 ], [ 141.8897689, 43.4201434 ], [ 141.8901383, 43.4213243 ] ] } },
{ "type": "Feature", "properties": { "u": 1938412396, "v": 1938412411, "key": 0, "osmid": "183466138", "highway": [ "unclassified" ], "oneway": false, "reversed": "True", "length": 73.629197195378822, "lanes": null, "name": null, "ref": null, "bridge": null, "maxspeed": null, "tunnel": null, "manual_add_candidate": true, "priority": 1 }, "geometry": { "type": "LineString", "coordinates": [ [ 141.8808482, 43.4198246 ], [ 141.879956600000014, 43.4199627 ] ] } },
{ "type": "Feature", "properties": { "u": 1938412396, "v": 1938412503, "key": 0, "osmid": "183466175", "highway": [ "unclassified" ], "oneway": false, "reversed": "False", "length": 87.035090210951722, "lanes": null, "name": null, "ref": null, "bridge": null, "maxspeed": null, "tunnel": null, "manual_add_candidate": true, "priority": 1 }, "geometry": { "type": "LineString", "coordinates": [ [ 141.8808482, 43.4198246 ], [ 141.8810775, 43.4205894 ] ] } },
{ "type": "Feature", "properties": { "u": 1938412396, "v": 1938412373, "key": 0, "osmid": "183466175", "highway": [ "unclassified" ], "oneway": false, "reversed": "True", "length": 45.250819309828444, "lanes": null, "name": null, "ref": null, "bridge": null, "maxspeed": null, "tunnel": null, "manual_add_candidate": true, "priority": 1 }, "geometry": { "type": "LineString", "coordinates": [ [ 141.8808482, 43.4198246 ], [ 141.880730699999987, 43.4194267 ] ] } },
{ "type": "Feature", "properties": { "u": 1938412411, "v": 1938412380, "key": 0, "osmid": "183466084", "highway": [ "unclassified" ], "oneway": false, "reversed": "False", "length": 44.952772031120773, "lanes": null, "name": null, "ref": null, "bridge": null, "maxspeed": null, "tunnel": null, "manual_add_candidate": true, "priority": 1 }, "geometry": { "type": "LineString", "coordinates": [ [ 141.879956600000014, 43.4199627 ], [ 141.87984130000001, 43.4195672 ] ] } },
{ "type": "Feature", "properties": { "u": 1938412411, "v": 1938412534, "key": 0, "osmid": "183466084", "highway": [ "unclassified" ], "oneway": false, "reversed": "True", "length": 125.74614515891614, "lanes": null, "name": null, "ref": null, "bridge": null, "maxspeed": null, "tunnel": null, "manual_add_candidate": true, "priority": 1 }, "geometry": { "type": "LineString", "coordinates": [ [ 141.879956600000014, 43.4199627 ], [ 141.8803067, 43.4210646 ] ] } },
{ "type": "Feature", "properties": { "u": 1938412411, "v": 1938412396, "key": 0, "osmid": "183466138", "highway": [ "unclassified" ], "oneway": false, "reversed": "False", "length": 73.629197195378822, "lanes": null, "name": null, "ref": null, "bridge": null, "maxspeed": null, "tunnel": null, "manual_add_candidate": true, "priority": 1 }, "geometry": { "type": "LineString", "coordinates": [ [ 141.879956600000014, 43.4199627 ], [ 141.8808482, 43.4198246 ] ] } },
{ "type": "Feature", "properties": { "u": 1938412411, "v": 1938412447, "key": 0, "osmid": "183466138", "highway": [ "unclassified" ], "oneway": false, "reversed": "True", "length": 75.983242330899017, "lanes": null, "name": null, "ref": null, "bridge": null, "maxspeed": null, "tunnel": null, "manual_add_candidate": true, "priority": 1 }, "geometry": { "type": "LineString", "coordinates": [ [ 141.879956600000014, 43.4199627 ], [ 141.8790378, 43.4201096 ] ] } },
{ "type": "Feature", "properties": { "u": 1938412415, "v": 1938412352, "key": 0, "osmid": "183466224", "highway": [ "unclassified" ], "oneway": false, "reversed": "False", "length": 95.382613702390941, "lanes": null, "name": null, "ref": null, "bridge": null, "maxspeed": null, "tunnel": null, "manual_add_candidate": true, "priority": 1 }, "geometry": { "type": "LineString", "coordinates": [ [ 141.8825433, 43.4200182 ], [ 141.8823142, 43.4191767 ] ] } },
{ "type": "Feature", "properties": { "u": 1938412415, "v": 1938412440, "key": 0, "osmid": "183466224", "highway": [ "unclassified" ], "oneway": false, "reversed": "True", "length": 5.801496050764122, "lanes": null, "name": null, "ref": null, "bridge": null, "maxspeed": null, "tunnel": null, "manual_add_candidate": true, "priority": 1 }, "geometry": { "type": "LineString", "coordinates": [ [ 141.8825433, 43.4200182 ], [ 141.8825578, 43.4200693 ] ] } },
{ "type": "Feature", "properties": { "u": 1938412415, "v": 1938412344, "key": 0, "osmid": "183466210", "highway": [ "unclassified" ], "oneway": false, "reversed": "True", "length": 182.94044203594854, "lanes": null, "name": null, "ref": null, "bridge": null, "maxspeed": null, "tunnel": null, "manual_add_candidate": true, "priority": 1 }, "geometry": { "type": "LineString", "coordinates": [ [ 141.8825433, 43.4200182 ], [ 141.8833477, 43.419893 ], [ 141.8834459, 43.4198539 ], [ 141.8837757, 43.4194836 ], [ 141.8836283, 43.4189693 ] ] } },
{ "type": "Feature", "properties": { "u": 1938412435, "v": 1938412493, "key": 0, "osmid": "183465899", "highway": [ "unclassified" ], "oneway": false, "reversed": "False", "length": 71.952942078660101, "lanes": null, "name": null, "ref": null, "bridge": null, "maxspeed": null, "tunnel": null, "manual_add_candidate": true, "priority": 1 }, "geometry": { "type": "LineString", "coordinates": [ [ 141.8852539, 43.419839 ], [ 141.885442, 43.4204715 ] ] } },
{ "type": "Feature", "properties": { "u": 1938412440, "v": 1938412453, "key": 0, "osmid": "183465946", "highway": [ "unclassified" ], "oneway": false, "reversed": "False", "length": 56.756467097255261, "lanes": null, "name": null, "ref": null, "bridge": null, "maxspeed": null, "tunnel": null, "manual_add_candidate": true, "priority": 1 }, "geometry": { "type": "LineString", "coordinates": [ [ 141.8825578, 43.4200693 ], [ 141.881874, 43.420187 ] ] } },
{ "type": "Feature", "properties": { "u": 1938412440, "v": 1938412415, "key": 0, "osmid": "183466224", "highway": [ "unclassified" ], "oneway": false, "reversed": "False", "length": 5.801496050764122, "lanes": null, "name": null, "ref": null, "bridge": null, "maxspeed": null, "tunnel": null, "manual_add_candidate": true, "priority": 1 }, "geometry": { "type": "LineString", "coordinates": [ [ 141.8825578, 43.4200693 ], [ 141.8825433, 43.4200182 ] ] } },
{ "type": "Feature", "properties": { "u": 1938412442, "v": 1938412387, "key": 0, "osmid": "183466149", "highway": [ "unclassified" ], "oneway": false, "reversed": "False", "length": 42.788156540378381, "lanes": null, "name": null, "ref": null, "bridge": null, "maxspeed": null, "tunnel": null, "manual_add_candidate": true, "priority": 1 }, "geometry": { "type": "LineString", "coordinates": [ [ 141.8909668, 43.42009 ], [ 141.8909348, 43.4197059 ] ] } },
{ "type": "Feature", "properties": { "u": 1938412442, "v": 1938412387, "key": 1, "osmid": [ 183465995, 183466213 ], "highway": [ "unclassified" ], "oneway": false, "reversed": [ false, true ], "length": 204.98363502561318, "lanes": null, "name": null, "ref": null, "bridge": null, "maxspeed": null, "tunnel": null, "manual_add_candidate": true, "priority": 1 }, "geometry": { "type": "LineString", "coordinates": [ [ 141.8909668, 43.42009 ], [ 141.8921274, 43.4200246 ], [ 141.891766, 43.4198664 ], [ 141.8914409, 43.4196508 ], [ 141.8909348, 43.4197059 ] ] } },
{ "type": "Feature", "properties": { "u": 1938412442, "v": 1938412537, "key": 0, "osmid": "183466149", "highway": [ "unclassified" ], "oneway": false, "reversed": "True", "length": 120.74481474923724, "lanes": null, "name": null, "ref": null, "bridge": null, "maxspeed": null, "tunnel": null, "manual_add_candidate": true, "priority": 1 }, "geometry": { "type": "LineString", "coordinates": [ [ 141.8909668, 43.42009 ], [ 141.891043700000012, 43.4206116 ], [ 141.8912033, 43.4211608 ] ] } },
{ "type": "Feature", "properties": { "u": 1938412444, "v": 1938412493, "key": 0, "osmid": "183466156", "highway": [ "unclassified" ], "oneway": false, "reversed": "True", "length": 82.702020632158934, "lanes": null, "name": null, "ref": null, "bridge": null, "maxspeed": null, "tunnel": null, "manual_add_candidate": true, "priority": 1 }, "geometry": { "type": "LineString", "coordinates": [ [ 141.8848944, 43.4201233 ], [ 141.885010599999987, 43.4205382 ], [ 141.885442, 43.4204715 ] ] } },
{ "type": "Feature", "properties": { "u": 1938412447, "v": 1938412385, "key": 0, "osmid": "183465905", "highway": [ "unclassified" ], "oneway": false, "reversed": "False", "length": 45.162565277399594, "lanes": null, "name": null, "ref": null, "bridge": null, "maxspeed": null, "tunnel": null, "manual_add_candidate": true, "priority": 1 }, "geometry": { "type": "LineString", "coordinates": [ [ 141.8790378, 43.4201096 ], [ 141.878926299999989, 43.4197116 ] ] } },
{ "type": "Feature", "properties": { "u": 1938412447, "v": 1938412563, "key": 0, "osmid": "183465905", "highway": [ "unclassified" ], "oneway": false, "reversed": "True", "length": 127.15717412960306, "lanes": null, "name": null, "ref": null, "bridge": null, "maxspeed": null, "tunnel": null, "manual_add_candidate": true, "priority": 1 }, "geometry": { "type": "LineString", "coordinates": [ [ 141.8790378, 43.4201096 ], [ 141.879359, 43.4212291 ] ] } },
{ "type": "Feature", "properties": { "u": 1938412447, "v": 1938412411, "key": 0, "osmid": "183466138", "highway": [ "unclassified" ], "oneway": false, "reversed": "False", "length": 75.983242330899017, "lanes": null, "name": null, "ref": null, "bridge": null, "maxspeed": null, "tunnel": null, "manual_add_candidate": true, "priority": 1 }, "geometry": { "type": "LineString", "coordinates": [ [ 141.8790378, 43.4201096 ], [ 141.879956600000014, 43.4199627 ] ] } },
{ "type": "Feature", "properties": { "u": 1938412451, "v": 1938412084, "key": 0, "osmid": "183466154", "highway": [ "unclassified" ], "oneway": false, "reversed": "True", "length": 567.92255371577824, "lanes": null, "name": null, "ref": null, "bridge": null, "maxspeed": null, "tunnel": null, "manual_add_candidate": true, "priority": 1 }, "geometry": { "type": "LineString", "coordinates": [ [ 141.8648071, 43.4201687 ], [ 141.8633231, 43.4151763 ] ] } },
{ "type": "Feature", "properties": { "u": 1938412451, "v": 501824711, "key": 0, "osmid": "761397572", "highway": [ "unclassified" ], "oneway": false, "reversed": "False", "length": 23.974493281771888, "lanes": null, "name": null, "ref": null, "bridge": null, "maxspeed": null, "tunnel": null, "manual_add_candidate": true, "priority": 1 }, "geometry": { "type": "LineString", "coordinates": [ [ 141.8648071, 43.4201687 ], [ 141.8645473, 43.420273 ] ] } },
{ "type": "Feature", "properties": { "u": 1938412451, "v": 2350613665, "key": 0, "osmid": "761397572", "highway": [ "unclassified" ], "oneway": false, "reversed": "True", "length": 561.25875702269593, "lanes": null, "name": null, "ref": null, "bridge": null, "maxspeed": null, "tunnel": null, "manual_add_candidate": true, "priority": 1 }, "geometry": { "type": "LineString", "coordinates": [ [ 141.8648071, 43.4201687 ], [ 141.8715929, 43.4190804 ] ] } },
{ "type": "Feature", "properties": { "u": 1938412453, "v": 1938412440, "key": 0, "osmid": "183465946", "highway": [ "unclassified" ], "oneway": false, "reversed": "True", "length": 56.756467097255261, "lanes": null, "name": null, "ref": null, "bridge": null, "maxspeed": null, "tunnel": null, "manual_add_candidate": true, "priority": 1 }, "geometry": { "type": "LineString", "coordinates": [ [ 141.881874, 43.420187 ], [ 141.8825578, 43.4200693 ] ] } },
{ "type": "Feature", "properties": { "u": 1938412453, "v": 1938412479, "key": 0, "osmid": "183466160", "highway": [ "unclassified" ], "oneway": false, "reversed": "False", "length": 30.140120928420682, "lanes": null, "name": null, "ref": null, "bridge": null, "maxspeed": null, "tunnel": null, "manual_add_candidate": true, "priority": 1 }, "geometry": { "type": "LineString", "coordinates": [ [ 141.881874, 43.420187 ], [ 141.881950499999988, 43.4204523 ] ] } },
{ "type": "Feature", "properties": { "u": 1938412453, "v": 1938412354, "key": 0, "osmid": "183466160", "highway": [ "unclassified" ], "oneway": false, "reversed": "True", "length": 102.25314673937993, "lanes": null, "name": null, "ref": null, "bridge": null, "maxspeed": null, "tunnel": null, "manual_add_candidate": true, "priority": 1 }, "geometry": { "type": "LineString", "coordinates": [ [ 141.881874, 43.420187 ], [ 141.8815746, 43.4192935 ] ] } },
{ "type": "Feature", "properties": { "u": 1938412460, "v": 1938412740, "key": 0, "osmid": "183466171", "highway": [ "unclassified" ], "oneway": false, "reversed": "False", "length": 351.21774026248823, "lanes": null, "name": null, "ref": null, "bridge": null, "maxspeed": null, "tunnel": null, "manual_add_candidate": true, "priority": 1 }, "geometry": { "type": "LineString", "coordinates": [ [ 141.897357199999988, 43.4202719 ], [ 141.8982307, 43.4233661 ] ] } },
{ "type": "Feature", "properties": { "u": 1938412467, "v": 1938412493, "key": 0, "osmid": "183466156", "highway": [ "unclassified" ], "oneway": false, "reversed": "False", "length": 69.096656581221893, "lanes": null, "name": null, "ref": null, "bridge": null, "maxspeed": null, "tunnel": null, "manual_add_candidate": true, "priority": 1 }, "geometry": { "type": "LineString", "coordinates": [ [ 141.8862748, 43.4203292 ], [ 141.885442, 43.4204715 ] ] } },
{ "type": "Feature", "properties": { "u": 1938412475, "v": 1938412516, "key": 0, "osmid": "183466059", "highway": [ "unclassified" ], "oneway": false, "reversed": "True", "length": 86.800035983435052, "lanes": null, "name": null, "ref": null, "bridge": null, "maxspeed": null, "tunnel": null, "manual_add_candidate": true, "priority": 1 }, "geometry": { "type": "LineString", "coordinates": [ [ 141.8871905, 43.4201293 ], [ 141.8874194, 43.420892 ] ] } },
{ "type": "Feature", "properties": { "u": 1938412479, "v": 1938412503, "key": 0, "osmid": "183465980", "highway": [ "unclassified" ], "oneway": false, "reversed": "True", "length": 72.136387955712394, "lanes": null, "name": null, "ref": null, "bridge": null, "maxspeed": null, "tunnel": null, "manual_add_candidate": true, "priority": 1 }, "geometry": { "type": "LineString", "coordinates": [ [ 141.881950499999988, 43.4204523 ], [ 141.8810775, 43.4205894 ] ] } },
{ "type": "Feature", "properties": { "u": 1938412479, "v": 1938412453, "key": 0, "osmid": "183466160", "highway": [ "unclassified" ], "oneway": false, "reversed": "True", "length": 30.140120928420682, "lanes": null, "name": null, "ref": null, "bridge": null, "maxspeed": null, "tunnel": null, "manual_add_candidate": true, "priority": 1 }, "geometry": { "type": "LineString", "coordinates": [ [ 141.881950499999988, 43.4204523 ], [ 141.881874, 43.420187 ] ] } },
{ "type": "Feature", "properties": { "u": 1938412479, "v": 1938412520, "key": 0, "osmid": [ 183466160, 183466177 ], "highway": [ "unclassified" ], "oneway": false, "reversed": [ false, true ], "length": 91.465384168579291, "lanes": null, "name": null, "ref": null, "bridge": null, "maxspeed": null, "tunnel": null, "manual_add_candidate": true, "priority": 1 }, "geometry": { "type": "LineString", "coordinates": [ [ 141.881950499999988, 43.4204523 ], [ 141.88199370000001, 43.4206012 ], [ 141.8813412, 43.4208883 ], [ 141.8811883, 43.4209228 ] ] } },
{ "type": "Feature", "properties": { "u": 1938412493, "v": 1938412572, "key": 0, "osmid": "183465899", "highway": [ "unclassified" ], "oneway": false, "reversed": "False", "length": 99.040054395686525, "lanes": null, "name": null, "ref": null, "bridge": null, "maxspeed": null, "tunnel": null, "manual_add_candidate": true, "priority": 1 }, "geometry": { "type": "LineString", "coordinates": [ [ 141.885442, 43.4204715 ], [ 141.885713399999986, 43.4213401 ] ] } },
{ "type": "Feature", "properties": { "u": 1938412493, "v": 1938412435, "key": 0, "osmid": "183465899", "highway": [ "unclassified" ], "oneway": false, "reversed": "True", "length": 71.952942078660101, "lanes": null, "name": null, "ref": null, "bridge": null, "maxspeed": null, "tunnel": null, "manual_add_candidate": true, "priority": 1 }, "geometry": { "type": "LineString", "coordinates": [ [ 141.885442, 43.4204715 ], [ 141.8852539, 43.419839 ] ] } },
{ "type": "Feature", "properties": { "u": 1938412493, "v": 1938412467, "key": 0, "osmid": "183466156", "highway": [ "unclassified" ], "oneway": false, "reversed": "True", "length": 69.096656581221893, "lanes": null, "name": null, "ref": null, "bridge": null, "maxspeed": null, "tunnel": null, "manual_add_candidate": true, "priority": 1 }, "geometry": { "type": "LineString", "coordinates": [ [ 141.885442, 43.4204715 ], [ 141.8862748, 43.4203292 ] ] } },
{ "type": "Feature", "properties": { "u": 1938412493, "v": 1938412444, "key": 0, "osmid": "183466156", "highway": [ "unclassified" ], "oneway": false, "reversed": "False", "length": 82.702020632158934, "lanes": null, "name": null, "ref": null, "bridge": null, "maxspeed": null, "tunnel": null, "manual_add_candidate": true, "priority": 1 }, "geometry": { "type": "LineString", "coordinates": [ [ 141.885442, 43.4204715 ], [ 141.885010599999987, 43.4205382 ], [ 141.8848944, 43.4201233 ] ] } },
{ "type": "Feature", "properties": { "u": 1938412503, "v": 1938412479, "key": 0, "osmid": "183465980", "highway": [ "unclassified" ], "oneway": false, "reversed": "False", "length": 72.136387955712394, "lanes": null, "name": null, "ref": null, "bridge": null, "maxspeed": null, "tunnel": null, "manual_add_candidate": true, "priority": 1 }, "geometry": { "type": "LineString", "coordinates": [ [ 141.8810775, 43.4205894 ], [ 141.881950499999988, 43.4204523 ] ] } },
{ "type": "Feature", "properties": { "u": 1938412503, "v": 1938412520, "key": 0, "osmid": "183466175", "highway": [ "unclassified" ], "oneway": false, "reversed": "False", "length": 38.137172601482533, "lanes": null, "name": null, "ref": null, "bridge": null, "maxspeed": null, "tunnel": null, "manual_add_candidate": true, "priority": 1 }, "geometry": { "type": "LineString", "coordinates": [ [ 141.8810775, 43.4205894 ], [ 141.8811883, 43.4209228 ] ] } },
{ "type": "Feature", "properties": { "u": 1938412503, "v": 1938412396, "key": 0, "osmid": "183466175", "highway": [ "unclassified" ], "oneway": false, "reversed": "True", "length": 87.035090210951722, "lanes": null, "name": null, "ref": null, "bridge": null, "maxspeed": null, "tunnel": null, "manual_add_candidate": true, "priority": 1 }, "geometry": { "type": "LineString", "coordinates": [ [ 141.8810775, 43.4205894 ], [ 141.8808482, 43.4198246 ] ] } },
{ "type": "Feature", "properties": { "u": 1938412515, "v": 7115929360, "key": 0, "osmid": "183466178", "highway": [ "unclassified" ], "oneway": false, "reversed": "True", "length": 307.50123147924501, "lanes": null, "name": null, "ref": null, "bridge": null, "maxspeed": null, "tunnel": null, "manual_add_candidate": true, "priority": 1 }, "geometry": { "type": "LineString", "coordinates": [ [ 141.8936266, 43.4208598 ], [ 141.894389100000012, 43.4235692 ] ] } },
{ "type": "Feature", "properties": { "u": 1938412516, "v": 1938412531, "key": 0, "osmid": "183466007", "highway": [ "unclassified" ], "oneway": false, "reversed": "False", "length": 78.762896007166901, "lanes": null, "name": null, "ref": null, "bridge": null, "maxspeed": null, "tunnel": null, "manual_add_candidate": true, "priority": 1 }, "geometry": { "type": "LineString", "coordinates": [ [ 141.8874194, 43.420892 ], [ 141.886467900000014, 43.4210473 ] ] } },
{ "type": "Feature", "properties": { "u": 1938412516, "v": 1938412475, "key": 0, "osmid": "183466059", "highway": [ "unclassified" ], "oneway": false, "reversed": "False", "length": 86.800035983435052, "lanes": null, "name": null, "ref": null, "bridge": null, "maxspeed": null, "tunnel": null, "manual_add_candidate": true, "priority": 1 }, "geometry": { "type": "LineString", "coordinates": [ [ 141.8874194, 43.420892 ], [ 141.8871905, 43.4201293 ] ] } },
{ "type": "Feature", "properties": { "u": 1938412516, "v": 1938412604, "key": 0, "osmid": "183466059", "highway": [ "unclassified" ], "oneway": false, "reversed": "True", "length": 91.66123075481029, "lanes": null, "name": null, "ref": null, "bridge": null, "maxspeed": null, "tunnel": null, "manual_add_candidate": true, "priority": 1 }, "geometry": { "type": "LineString", "coordinates": [ [ 141.8874194, 43.420892 ], [ 141.887638399999986, 43.4216495 ], [ 141.8876472, 43.4216994 ] ] } },
{ "type": "Feature", "properties": { "u": 1938412520, "v": 1938412503, "key": 0, "osmid": "183466175", "highway": [ "unclassified" ], "oneway": false, "reversed": "True", "length": 38.137172601482533, "lanes": null, "name": null, "ref": null, "bridge": null, "maxspeed": null, "tunnel": null, "manual_add_candidate": true, "priority": 1 }, "geometry": { "type": "LineString", "coordinates": [ [ 141.8811883, 43.4209228 ], [ 141.8810775, 43.4205894 ] ] } },
{ "type": "Feature", "properties": { "u": 1938412520, "v": 1938412534, "key": 0, "osmid": "183466177", "highway": [ "unclassified" ], "oneway": false, "reversed": "True", "length": 72.9260843103377, "lanes": null, "name": null, "ref": null, "bridge": null, "maxspeed": null, "tunnel": null, "manual_add_candidate": true, "priority": 1 }, "geometry": { "type": "LineString", "coordinates": [ [ 141.8811883, 43.4209228 ], [ 141.8803067, 43.4210646 ] ] } },
{ "type": "Feature", "properties": { "u": 1938412520, "v": 1938412479, "key": 0, "osmid": [ 183466160, 183466177 ], "highway": [ "unclassified" ], "oneway": false, "reversed": [ false, true ], "length": 91.465384168579291, "lanes": null, "name": null, "ref": null, "bridge": null, "maxspeed": null, "tunnel": null, "manual_add_candidate": true, "priority": 1 }, "geometry": { "type": "LineString", "coordinates": [ [ 141.8811883, 43.4209228 ], [ 141.8813412, 43.4208883 ], [ 141.88199370000001, 43.4206012 ], [ 141.881950499999988, 43.4204523 ] ] } },
{ "type": "Feature", "properties": { "u": 1938412523, "v": 1938412527, "key": 0, "osmid": "183466204", "highway": [ "unclassified" ], "oneway": false, "reversed": "False", "length": 8.1069759450950905, "lanes": null, "name": null, "ref": null, "bridge": null, "maxspeed": null, "tunnel": null, "manual_add_candidate": true, "priority": 1 }, "geometry": { "type": "LineString", "coordinates": [ [ 141.8925918, 43.4209485 ], [ 141.892606699999988, 43.4210206 ] ] } },
{ "type": "Feature", "properties": { "u": 1938412523, "v": 1938412525, "key": 0, "osmid": "183466204", "highway": [ "unclassified" ], "oneway": false, "reversed": "True", "length": 22.866835751498879, "lanes": null, "name": null, "ref": null, "bridge": null, "maxspeed": null, "tunnel": null, "manual_add_candidate": true, "priority": 1 }, "geometry": { "type": "LineString", "coordinates": [ [ 141.8925918, 43.4209485 ], [ 141.892316, 43.420995 ] ] } },
{ "type": "Feature", "properties": { "u": 1938412523, "v": 1938412525, "key": 1, "osmid": "183466174", "highway": [ "unclassified" ], "oneway": false, "reversed": "True", "length": 185.30198741145654, "lanes": null, "name": null, "ref": null, "bridge": null, "maxspeed": null, "tunnel": null, "manual_add_candidate": true, "priority": 1 }, "geometry": { "type": "LineString", "coordinates": [ [ 141.8925918, 43.4209485 ], [ 141.892359, 43.4202411 ], [ 141.8920689, 43.4202964 ], [ 141.892316, 43.420995 ] ] } },
{ "type": "Feature", "properties": { "u": 1938412525, "v": 1938412523, "key": 0, "osmid": "183466204", "highway": [ "unclassified" ], "oneway": false, "reversed": "False", "length": 22.866835751498879, "lanes": null, "name": null, "ref": null, "bridge": null, "maxspeed": null, "tunnel": null, "manual_add_candidate": true, "priority": 1 }, "geometry": { "type": "LineString", "coordinates": [ [ 141.892316, 43.420995 ], [ 141.8925918, 43.4209485 ] ] } },
{ "type": "Feature", "properties": { "u": 1938412525, "v": 1938412523, "key": 1, "osmid": "183466174", "highway": [ "unclassified" ], "oneway": false, "reversed": "False", "length": 185.30198741145654, "lanes": null, "name": null, "ref": null, "bridge": null, "maxspeed": null, "tunnel": null, "manual_add_candidate": true, "priority": 1 }, "geometry": { "type": "LineString", "coordinates": [ [ 141.892316, 43.420995 ], [ 141.8920689, 43.4202964 ], [ 141.892359, 43.4202411 ], [ 141.8925918, 43.4209485 ] ] } },
{ "type": "Feature", "properties": { "u": 1938412525, "v": 1938412537, "key": 0, "osmid": "183466204", "highway": [ "unclassified" ], "oneway": false, "reversed": "True", "length": 91.737079831006938, "lanes": null, "name": null, "ref": null, "bridge": null, "maxspeed": null, "tunnel": null, "manual_add_candidate": true, "priority": 1 }, "geometry": { "type": "LineString", "coordinates": [ [ 141.892316, 43.420995 ], [ 141.8912033, 43.4211608 ] ] } },
{ "type": "Feature", "properties": { "u": 1938412527, "v": 1938412523, "key": 0, "osmid": "183466204", "highway": [ "unclassified" ], "oneway": false, "reversed": "True", "length": 8.1069759450950905, "lanes": null, "name": null, "ref": null, "bridge": null, "maxspeed": null, "tunnel": null, "manual_add_candidate": true, "priority": 1 }, "geometry": { "type": "LineString", "coordinates": [ [ 141.892606699999988, 43.4210206 ], [ 141.8925918, 43.4209485 ] ] } },
{ "type": "Feature", "properties": { "u": 1938412527, "v": 1938412576, "key": 0, "osmid": "183466223", "highway": [ "unclassified" ], "oneway": false, "reversed": "False", "length": 222.4856867843468, "lanes": null, "name": null, "ref": null, "bridge": null, "maxspeed": null, "tunnel": null, "manual_add_candidate": true, "priority": 1 }, "geometry": { "type": "LineString", "coordinates": [ [ 141.892606699999988, 43.4210206 ], [ 141.892595199999988, 43.4211956 ], [ 141.8922679, 43.4212528 ], [ 141.892045700000011, 43.4211616 ], [ 141.8901708, 43.4214678 ] ] } },
{ "type": "Feature", "properties": { "u": 1938412531, "v": 1938412516, "key": 0, "osmid": "183466007", "highway": [ "unclassified" ], "oneway": false, "reversed": "True", "length": 78.762896007166901, "lanes": null, "name": null, "ref": null, "bridge": null, "maxspeed": null, "tunnel": null, "manual_add_candidate": true, "priority": 1 }, "geometry": { "type": "LineString", "coordinates": [ [ 141.886467900000014, 43.4210473 ], [ 141.8874194, 43.420892 ] ] } },
{ "type": "Feature", "properties": { "u": 1938412534, "v": 1938412411, "key": 0, "osmid": "183466084", "highway": [ "unclassified" ], "oneway": false, "reversed": "False", "length": 125.74614515891614, "lanes": null, "name": null, "ref": null, "bridge": null, "maxspeed": null, "tunnel": null, "manual_add_candidate": true, "priority": 1 }, "geometry": { "type": "LineString", "coordinates": [ [ 141.8803067, 43.4210646 ], [ 141.879956600000014, 43.4199627 ] ] } },
{ "type": "Feature", "properties": { "u": 1938412534, "v": 1938412520, "key": 0, "osmid": "183466177", "highway": [ "unclassified" ], "oneway": false, "reversed": "False", "length": 72.9260843103377, "lanes": null, "name": null, "ref": null, "bridge": null, "maxspeed": null, "tunnel": null, "manual_add_candidate": true, "priority": 1 }, "geometry": { "type": "LineString", "coordinates": [ [ 141.8803067, 43.4210646 ], [ 141.8811883, 43.4209228 ] ] } },
{ "type": "Feature", "properties": { "u": 1938412534, "v": 1938412563, "key": 0, "osmid": "183466177", "highway": [ "unclassified" ], "oneway": false, "reversed": "True", "length": 78.69474526480785, "lanes": null, "name": null, "ref": null, "bridge": null, "maxspeed": null, "tunnel": null, "manual_add_candidate": true, "priority": 1 }, "geometry": { "type": "LineString", "coordinates": [ [ 141.8803067, 43.4210646 ], [ 141.879359, 43.4212291 ] ] } },
{ "type": "Feature", "properties": { "u": 1938412537, "v": 1938412525, "key": 0, "osmid": "183466204", "highway": [ "unclassified" ], "oneway": false, "reversed": "False", "length": 91.737079831006938, "lanes": null, "name": null, "ref": null, "bridge": null, "maxspeed": null, "tunnel": null, "manual_add_candidate": true, "priority": 1 }, "geometry": { "type": "LineString", "coordinates": [ [ 141.8912033, 43.4211608 ], [ 141.892316, 43.420995 ] ] } },
{ "type": "Feature", "properties": { "u": 1938412537, "v": 1938412569, "key": 0, "osmid": "183466204", "highway": [ "unclassified" ], "oneway": false, "reversed": "True", "length": 87.913195570150009, "lanes": null, "name": null, "ref": null, "bridge": null, "maxspeed": null, "tunnel": null, "manual_add_candidate": true, "priority": 1 }, "geometry": { "type": "LineString", "coordinates": [ [ 141.8912033, 43.4211608 ], [ 141.8901383, 43.4213243 ] ] } },
{ "type": "Feature", "properties": { "u": 1938412537, "v": 1938412442, "key": 0, "osmid": "183466149", "highway": [ "unclassified" ], "oneway": false, "reversed": "False", "length": 120.74481474923724, "lanes": null, "name": null, "ref": null, "bridge": null, "maxspeed": null, "tunnel": null, "manual_add_candidate": true, "priority": 1 }, "geometry": { "type": "LineString", "coordinates": [ [ 141.8912033, 43.4211608 ], [ 141.891043700000012, 43.4206116 ], [ 141.8909668, 43.42009 ] ] } },
{ "type": "Feature", "properties": { "u": 1938412563, "v": 1938412447, "key": 0, "osmid": "183465905", "highway": [ "unclassified" ], "oneway": false, "reversed": "False", "length": 127.15717412960306, "lanes": null, "name": null, "ref": null, "bridge": null, "maxspeed": null, "tunnel": null, "manual_add_candidate": true, "priority": 1 }, "geometry": { "type": "LineString", "coordinates": [ [ 141.879359, 43.4212291 ], [ 141.8790378, 43.4201096 ] ] } },
{ "type": "Feature", "properties": { "u": 1938412563, "v": 1938412534, "key": 0, "osmid": "183466177", "highway": [ "unclassified" ], "oneway": false, "reversed": "False", "length": 78.69474526480785, "lanes": null, "name": null, "ref": null, "bridge": null, "maxspeed": null, "tunnel": null, "manual_add_candidate": true, "priority": 1 }, "geometry": { "type": "LineString", "coordinates": [ [ 141.879359, 43.4212291 ], [ 141.8803067, 43.4210646 ] ] } },
{ "type": "Feature", "properties": { "u": 1938412565, "v": 1938412574, "key": 0, "osmid": "183466037", "highway": [ "unclassified" ], "oneway": false, "reversed": "True", "length": 96.370001960347224, "lanes": null, "name": null, "ref": null, "bridge": null, "maxspeed": null, "tunnel": null, "manual_add_candidate": true, "priority": 1 }, "geometry": { "type": "LineString", "coordinates": [ [ 141.8841228, 43.4212345 ], [ 141.882957299999987, 43.4214203 ] ] } },
{ "type": "Feature", "properties": { "u": 1938412569, "v": 1938412537, "key": 0, "osmid": "183466204", "highway": [ "unclassified" ], "oneway": false, "reversed": "False", "length": 87.913195570150009, "lanes": null, "name": null, "ref": null, "bridge": null, "maxspeed": null, "tunnel": null, "manual_add_candidate": true, "priority": 1 }, "geometry": { "type": "LineString", "coordinates": [ [ 141.8901383, 43.4213243 ], [ 141.8912033, 43.4211608 ] ] } },
{ "type": "Feature", "properties": { "u": 1938412569, "v": 1938412586, "key": 0, "osmid": [ 183466204, 183466223 ], "highway": [ "unclassified" ], "oneway": false, "reversed": "True", "length": 159.79629243527711, "lanes": null, "name": null, "ref": null, "bridge": null, "maxspeed": null, "tunnel": null, "manual_add_candidate": true, "priority": 1 }, "geometry": { "type": "LineString", "coordinates": [ [ 141.8901383, 43.4213243 ], [ 141.889771599999989, 43.4213817 ], [ 141.8890008, 43.4215023 ], [ 141.8890365, 43.4216429 ], [ 141.889641, 43.4215491 ] ] } },
{ "type": "Feature", "properties": { "u": 1938412569, "v": 1938412387, "key": 0, "osmid": "183466213", "highway": [ "unclassified" ], "oneway": false, "reversed": "False", "length": 246.96312028236378, "lanes": null, "name": null, "ref": null, "bridge": null, "maxspeed": null, "tunnel": null, "manual_add_candidate": true, "priority": 1 }, "geometry": { "type": "LineString", "coordinates": [ [ 141.8901383, 43.4213243 ], [ 141.8897689, 43.4201434 ], [ 141.8898754, 43.4200015 ], [ 141.8901784, 43.4198155 ], [ 141.8909348, 43.4197059 ] ] } },
{ "type": "Feature", "properties": { "u": 1938412572, "v": 1938412641, "key": 0, "osmid": "183465899", "highway": [ "unclassified" ], "oneway": false, "reversed": "False", "length": 79.733796374837596, "lanes": null, "name": null, "ref": null, "bridge": null, "maxspeed": null, "tunnel": null, "manual_add_candidate": true, "priority": 1 }, "geometry": { "type": "LineString", "coordinates": [ [ 141.885713399999986, 43.4213401 ], [ 141.885923100000014, 43.4220408 ] ] } },
{ "type": "Feature", "properties": { "u": 1938412572, "v": 1938412493, "key": 0, "osmid": "183465899", "highway": [ "unclassified" ], "oneway": false, "reversed": "True", "length": 99.040054395686525, "lanes": null, "name": null, "ref": null, "bridge": null, "maxspeed": null, "tunnel": null, "manual_add_candidate": true, "priority": 1 }, "geometry": { "type": "LineString", "coordinates": [ [ 141.885713399999986, 43.4213401 ], [ 141.885442, 43.4204715 ] ] } },
{ "type": "Feature", "properties": { "u": 1938412572, "v": 1938412656, "key": 0, "osmid": "183466162", "highway": [ "unclassified" ], "oneway": false, "reversed": "True", "length": 183.36730101674863, "lanes": null, "name": null, "ref": null, "bridge": null, "maxspeed": null, "tunnel": null, "manual_add_candidate": true, "priority": 1 }, "geometry": { "type": "LineString", "coordinates": [ [ 141.885713399999986, 43.4213401 ], [ 141.884805699999987, 43.4214878 ], [ 141.8845947, 43.4215336 ], [ 141.8843989, 43.4216085 ], [ 141.884583099999986, 43.4222474 ] ] } },
{ "type": "Feature", "properties": { "u": 1938412574, "v": 1938412565, "key": 0, "osmid": "183466037", "highway": [ "unclassified" ], "oneway": false, "reversed": "False", "length": 96.370001960347224, "lanes": null, "name": null, "ref": null, "bridge": null, "maxspeed": null, "tunnel": null, "manual_add_candidate": true, "priority": 1 }, "geometry": { "type": "LineString", "coordinates": [ [ 141.882957299999987, 43.4214203 ], [ 141.8841228, 43.4212345 ] ] } },
{ "type": "Feature", "properties": { "u": 1938412576, "v": 1938412775, "key": 0, "osmid": "183465966", "highway": [ "unclassified" ], "oneway": false, "reversed": "True", "length": 277.67215472543052, "lanes": null, "name": null, "ref": null, "bridge": null, "maxspeed": null, "tunnel": null, "manual_add_candidate": true, "priority": 1 }, "geometry": { "type": "LineString", "coordinates": [ [ 141.8901708, 43.4214678 ], [ 141.890891399999987, 43.4239095 ] ] } },
{ "type": "Feature", "properties": { "u": 1938412576, "v": 1938412586, "key": 0, "osmid": "183466223", "highway": [ "unclassified" ], "oneway": false, "reversed": "False", "length": 43.732719573579423, "lanes": null, "name": null, "ref": null, "bridge": null, "maxspeed": null, "tunnel": null, "manual_add_candidate": true, "priority": 1 }, "geometry": { "type": "LineString", "coordinates": [ [ 141.8901708, 43.4214678 ], [ 141.889813800000013, 43.4215226 ], [ 141.889641, 43.4215491 ] ] } },
{ "type": "Feature", "properties": { "u": 1938412576, "v": 1938412527, "key": 0, "osmid": "183466223", "highway": [ "unclassified" ], "oneway": false, "reversed": "True", "length": 222.4856867843468, "lanes": null, "name": null, "ref": null, "bridge": null, "maxspeed": null, "tunnel": null, "manual_add_candidate": true, "priority": 1 }, "geometry": { "type": "LineString", "coordinates": [ [ 141.8901708, 43.4214678 ], [ 141.892045700000011, 43.4211616 ], [ 141.8922679, 43.4212528 ], [ 141.892595199999988, 43.4211956 ], [ 141.892606699999988, 43.4210206 ] ] } },
{ "type": "Feature", "properties": { "u": 1938412581, "v": 1938412654, "key": 0, "osmid": [ 183466080, 183465921 ], "highway": [ "unclassified" ], "oneway": false, "reversed": "False", "length": 166.76745599262563, "lanes": null, "name": null, "ref": null, "bridge": null, "maxspeed": null, "tunnel": null, "manual_add_candidate": true, "priority": 1 }, "geometry": { "type": "LineString", "coordinates": [ [ 141.882978400000013, 43.4214997 ], [ 141.8820523, 43.421646 ], [ 141.8814422, 43.4219748 ], [ 141.8815212, 43.422228 ] ] } },
{ "type": "Feature", "properties": { "u": 1938412586, "v": 1938412775, "key": 0, "osmid": "183466058", "highway": [ "unclassified" ], "oneway": false, "reversed": "False", "length": 301.63858400863165, "lanes": null, "name": null, "ref": null, "bridge": null, "maxspeed": null, "tunnel": null, "manual_add_candidate": true, "priority": 1 }, "geometry": { "type": "LineString", "coordinates": [ [ 141.889641, 43.4215491 ], [ 141.890200599999986, 43.4234531 ], [ 141.8901707, 43.4236057 ], [ 141.890300200000013, 43.4236982 ], [ 141.890479199999987, 43.4237797 ], [ 141.890891399999987, 43.4239095 ] ] } },
{ "type": "Feature", "properties": { "u": 1938412586, "v": 1938412569, "key": 0, "osmid": [ 183466204, 183466223 ], "highway": [ "unclassified" ], "oneway": false, "reversed": "False", "length": 159.79629243527708, "lanes": null, "name": null, "ref": null, "bridge": null, "maxspeed": null, "tunnel": null, "manual_add_candidate": true, "priority": 1 }, "geometry": { "type": "LineString", "coordinates": [ [ 141.889641, 43.4215491 ], [ 141.8890365, 43.4216429 ], [ 141.8890008, 43.4215023 ], [ 141.889771599999989, 43.4213817 ], [ 141.8901383, 43.4213243 ] ] } },
{ "type": "Feature", "properties": { "u": 1938412586, "v": 1938412576, "key": 0, "osmid": "183466223", "highway": [ "unclassified" ], "oneway": false, "reversed": "True", "length": 43.732719573579423, "lanes": null, "name": null, "ref": null, "bridge": null, "maxspeed": null, "tunnel": null, "manual_add_candidate": true, "priority": 1 }, "geometry": { "type": "LineString", "coordinates": [ [ 141.889641, 43.4215491 ], [ 141.889813800000013, 43.4215226 ], [ 141.8901708, 43.4214678 ] ] } },
{ "type": "Feature", "properties": { "u": 1938412604, "v": 1938412516, "key": 0, "osmid": "183466059", "highway": [ "unclassified" ], "oneway": false, "reversed": "False", "length": 91.66123075481029, "lanes": null, "name": null, "ref": null, "bridge": null, "maxspeed": null, "tunnel": null, "manual_add_candidate": true, "priority": 1 }, "geometry": { "type": "LineString", "coordinates": [ [ 141.8876472, 43.4216994 ], [ 141.887638399999986, 43.4216495 ], [ 141.8874194, 43.420892 ] ] } },
{ "type": "Feature", "properties": { "u": 1938412604, "v": 9862936066, "key": 0, "osmid": "183466159", "highway": [ "unclassified" ], "oneway": true, "reversed": "False", "length": 70.184604253902634, "lanes": null, "name": null, "ref": null, "bridge": null, "maxspeed": null, "tunnel": null, "manual_add_candidate": true, "priority": 1 }, "geometry": { "type": "LineString", "coordinates": [ [ 141.8876472, 43.4216994 ], [ 141.8869823, 43.4218046 ], [ 141.8868587, 43.421908 ] ] } },
{ "type": "Feature", "properties": { "u": 1938412632, "v": 7085621059, "key": 0, "osmid": "183466159", "highway": [ "unclassified" ], "oneway": true, "reversed": "False", "length": 39.70848028747065, "lanes": null, "name": null, "ref": null, "bridge": null, "maxspeed": null, "tunnel": null, "manual_add_candidate": true, "priority": 1 }, "geometry": { "type": "LineString", "coordinates": [ [ 141.887691, 43.4218445 ], [ 141.888170300000013, 43.4217649 ] ] } },
{ "type": "Feature", "properties": { "u": 1938412632, "v": 2868415246, "key": 0, "osmid": "183466124", "highway": [ "unclassified" ], "oneway": false, "reversed": "True", "length": 59.581114866091994, "lanes": null, "name": null, "ref": null, "bridge": null, "maxspeed": null, "tunnel": null, "manual_add_candidate": true, "priority": 1 }, "geometry": { "type": "LineString", "coordinates": [ [ 141.887691, 43.4218445 ], [ 141.8877081, 43.4219036 ], [ 141.8878698, 43.4223643 ] ] } },
{ "type": "Feature", "properties": { "u": 1938412635, "v": 1938412654, "key": 0, "osmid": "183466055", "highway": [ "unclassified" ], "oneway": false, "reversed": "True", "length": 132.307668338605, "lanes": null, "name": null, "ref": null, "bridge": null, "maxspeed": null, "tunnel": null, "manual_add_candidate": true, "priority": 1 }, "geometry": { "type": "LineString", "coordinates": [ [ 141.8831252, 43.421986 ], [ 141.8815212, 43.422228 ] ] } },
{ "type": "Feature", "properties": { "u": 1938412641, "v": 1938412718, "key": 0, "osmid": "183465899", "highway": [ "unclassified" ], "oneway": false, "reversed": "False", "length": 122.3591734900794, "lanes": null, "name": null, "ref": null, "bridge": null, "maxspeed": null, "tunnel": null, "manual_add_candidate": true, "priority": 1 }, "geometry": { "type": "LineString", "coordinates": [ [ 141.885923100000014, 43.4220408 ], [ 141.886239100000012, 43.423117 ] ] } },
{ "type": "Feature", "properties": { "u": 1938412641, "v": 1938412572, "key": 0, "osmid": "183465899", "highway": [ "unclassified" ], "oneway": false, "reversed": "True", "length": 79.733796374837596, "lanes": null, "name": null, "ref": null, "bridge": null, "maxspeed": null, "tunnel": null, "manual_add_candidate": true, "priority": 1 }, "geometry": { "type": "LineString", "coordinates": [ [ 141.885923100000014, 43.4220408 ], [ 141.885713399999986, 43.4213401 ] ] } },
{ "type": "Feature", "properties": { "u": 1938412646, "v": 7085668896, "key": 0, "osmid": "183466227", "highway": [ "unclassified" ], "oneway": false, "reversed": "False", "length": 48.85035408089135, "lanes": null, "name": null, "ref": null, "bridge": null, "maxspeed": null, "tunnel": null, "manual_add_candidate": true, "priority": 1 }, "geometry": { "type": "LineString", "coordinates": [ [ 141.8851866, 43.4221554 ], [ 141.8853188, 43.4225841 ] ] } },
{ "type": "Feature", "properties": { "u": 1938412654, "v": 1938412699, "key": 0, "osmid": "183465921", "highway": [ "unclassified" ], "oneway": false, "reversed": "False", "length": 55.029789618513981, "lanes": null, "name": null, "ref": null, "bridge": null, "maxspeed": null, "tunnel": null, "manual_add_candidate": true, "priority": 1 }, "geometry": { "type": "LineString", "coordinates": [ [ 141.8815212, 43.422228 ], [ 141.88166720000001, 43.4227114 ] ] } },
{ "type": "Feature", "properties": { "u": 1938412654, "v": 1938412635, "key": 0, "osmid": "183466055", "highway": [ "unclassified" ], "oneway": false, "reversed": "False", "length": 132.307668338605, "lanes": null, "name": null, "ref": null, "bridge": null, "maxspeed": null, "tunnel": null, "manual_add_candidate": true, "priority": 1 }, "geometry": { "type": "LineString", "coordinates": [ [ 141.8815212, 43.422228 ], [ 141.8831252, 43.421986 ] ] } },
{ "type": "Feature", "properties": { "u": 1938412654, "v": 1938412665, "key": 0, "osmid": "183466055", "highway": [ "unclassified" ], "oneway": false, "reversed": "True", "length": 147.09083904632527, "lanes": null, "name": null, "ref": null, "bridge": null, "maxspeed": null, "tunnel": null, "manual_add_candidate": true, "priority": 1 }, "geometry": { "type": "LineString", "coordinates": [ [ 141.8815212, 43.422228 ], [ 141.8797428, 43.4225134 ] ] } },
{ "type": "Feature", "properties": { "u": 1938412654, "v": 1938412581, "key": 0, "osmid": [ 183466080, 183465921 ], "highway": [ "unclassified" ], "oneway": false, "reversed": "True", "length": 166.7674559926256, "lanes": null, "name": null, "ref": null, "bridge": null, "maxspeed": null, "tunnel": null, "manual_add_candidate": true, "priority": 1 }, "geometry": { "type": "LineString", "coordinates": [ [ 141.8815212, 43.422228 ], [ 141.8814422, 43.4219748 ], [ 141.8820523, 43.421646 ], [ 141.882978400000013, 43.4214997 ] ] } },
{ "type": "Feature", "properties": { "u": 1938412656, "v": 1938412572, "key": 0, "osmid": "183466162", "highway": [ "unclassified" ], "oneway": false, "reversed": "False", "length": 183.36730101674863, "lanes": null, "name": null, "ref": null, "bridge": null, "maxspeed": null, "tunnel": null, "manual_add_candidate": true, "priority": 1 }, "geometry": { "type": "LineString", "coordinates": [ [ 141.884583099999986, 43.4222474 ], [ 141.8843989, 43.4216085 ], [ 141.8845947, 43.4215336 ], [ 141.884805699999987, 43.4214878 ], [ 141.885713399999986, 43.4213401 ] ] } },
{ "type": "Feature", "properties": { "u": 1938412659, "v": 7085668895, "key": 0, "osmid": "183466099", "highway": [ "unclassified" ], "oneway": false, "reversed": "False", "length": 49.106830369525042, "lanes": null, "name": null, "ref": null, "bridge": null, "maxspeed": null, "tunnel": null, "manual_add_candidate": true, "priority": 1 }, "geometry": { "type": "LineString", "coordinates": [ [ 141.8844187, 43.4222722 ], [ 141.884570200000013, 43.4226999 ] ] } },
{ "type": "Feature", "properties": { "u": 1938412662, "v": 1938412696, "key": 0, "osmid": "183465970", "highway": [ "unclassified" ], "oneway": false, "reversed": "False", "length": 106.34737332897035, "lanes": null, "name": null, "ref": null, "bridge": null, "maxspeed": null, "tunnel": null, "manual_add_candidate": true, "priority": 1 }, "geometry": { "type": "LineString", "coordinates": [ [ 141.9009064, 43.4224621 ], [ 141.899622599999987, 43.4226749 ] ] } },
{ "type": "Feature", "properties": { "u": 1938412662, "v": 1938412696, "key": 1, "osmid": "183466199", "highway": [ "unclassified" ], "oneway": false, "reversed": "True", "length": 214.41971629305002, "lanes": null, "name": null, "ref": null, "bridge": null, "maxspeed": null, "tunnel": null, "manual_add_candidate": true, "priority": 1 }, "geometry": { "type": "LineString", "coordinates": [ [ 141.9009064, 43.4224621 ], [ 141.90076, 43.4219953 ], [ 141.8994572, 43.4222112 ], [ 141.899622599999987, 43.4226749 ] ] } },
{ "type": "Feature", "properties": { "u": 1938412662, "v": 1938412706, "key": 0, "osmid": "183466199", "highway": [ "unclassified" ], "oneway": false, "reversed": "False", "length": 53.728305118252784, "lanes": null, "name": null, "ref": null, "bridge": null, "maxspeed": null, "tunnel": null, "manual_add_candidate": true, "priority": 1 }, "geometry": { "type": "LineString", "coordinates": [ [ 141.9009064, 43.4224621 ], [ 141.9010625, 43.4229318 ] ] } },
{ "type": "Feature", "properties": { "u": 1938412665, "v": 1938412654, "key": 0, "osmid": "183466055", "highway": [ "unclassified" ], "oneway": false, "reversed": "False", "length": 147.09083904632527, "lanes": null, "name": null, "ref": null, "bridge": null, "maxspeed": null, "tunnel": null, "manual_add_candidate": true, "priority": 1 }, "geometry": { "type": "LineString", "coordinates": [ [ 141.8797428, 43.4225134 ], [ 141.8815212, 43.422228 ] ] } },
{ "type": "Feature", "properties": { "u": 1938412696, "v": 1938412662, "key": 0, "osmid": "183465970", "highway": [ "unclassified" ], "oneway": false, "reversed": "True", "length": 106.34737332897035, "lanes": null, "name": null, "ref": null, "bridge": null, "maxspeed": null, "tunnel": null, "manual_add_candidate": true, "priority": 1 }, "geometry": { "type": "LineString", "coordinates": [ [ 141.899622599999987, 43.4226749 ], [ 141.9009064, 43.4224621 ] ] } },
{ "type": "Feature", "properties": { "u": 1938412696, "v": 1938412662, "key": 1, "osmid": "183466199", "highway": [ "unclassified" ], "oneway": false, "reversed": "False", "length": 214.41971629305002, "lanes": null, "name": null, "ref": null, "bridge": null, "maxspeed": null, "tunnel": null, "manual_add_candidate": true, "priority": 1 }, "geometry": { "type": "LineString", "coordinates": [ [ 141.899622599999987, 43.4226749 ], [ 141.8994572, 43.4222112 ], [ 141.90076, 43.4219953 ], [ 141.9009064, 43.4224621 ] ] } },
{ "type": "Feature", "properties": { "u": 1938412696, "v": 1938412720, "key": 0, "osmid": "183466199", "highway": [ "unclassified" ], "oneway": false, "reversed": "True", "length": 52.017904565145272, "lanes": null, "name": null, "ref": null, "bridge": null, "maxspeed": null, "tunnel": null, "manual_add_candidate": true, "priority": 1 }, "geometry": { "type": "LineString", "coordinates": [ [ 141.899622599999987, 43.4226749 ], [ 141.8997823, 43.4231281 ] ] } },
{ "type": "Feature", "properties": { "u": 1938412699, "v": 7087194575, "key": 0, "osmid": "183465921", "highway": [ "unclassified" ], "oneway": false, "reversed": "False", "length": 59.395505171155783, "lanes": null, "name": null, "ref": null, "bridge": null, "maxspeed": null, "tunnel": null, "manual_add_candidate": true, "priority": 1 }, "geometry": { "type": "LineString", "coordinates": [ [ 141.88166720000001, 43.4227114 ], [ 141.88182, 43.4232339 ] ] } },
{ "type": "Feature", "properties": { "u": 1938412699, "v": 1938412654, "key": 0, "osmid": "183465921", "highway": [ "unclassified" ], "oneway": false, "reversed": "True", "length": 55.029789618513981, "lanes": null, "name": null, "ref": null, "bridge": null, "maxspeed": null, "tunnel": null, "manual_add_candidate": true, "priority": 1 }, "geometry": { "type": "LineString", "coordinates": [ [ 141.88166720000001, 43.4227114 ], [ 141.8815212, 43.422228 ] ] } },
{ "type": "Feature", "properties": { "u": 1938412703, "v": 1938412706, "key": 0, "osmid": "183466207", "highway": [ "unclassified" ], "oneway": false, "reversed": "True", "length": 21.6342845124863, "lanes": null, "name": null, "ref": null, "bridge": null, "maxspeed": null, "tunnel": null, "manual_add_candidate": true, "priority": 1 }, "geometry": { "type": "LineString", "coordinates": [ [ 141.9013246, 43.4228916 ], [ 141.9010625, 43.4229318 ] ] } },
{ "type": "Feature", "properties": { "u": 1938412706, "v": 1938412662, "key": 0, "osmid": "183466199", "highway": [ "unclassified" ], "oneway": false, "reversed": "True", "length": 53.728305118252784, "lanes": null, "name": null, "ref": null, "bridge": null, "maxspeed": null, "tunnel": null, "manual_add_candidate": true, "priority": 1 }, "geometry": { "type": "LineString", "coordinates": [ [ 141.9010625, 43.4229318 ], [ 141.9009064, 43.4224621 ] ] } },
{ "type": "Feature", "properties": { "u": 1938412706, "v": 1938412703, "key": 0, "osmid": "183466207", "highway": [ "unclassified" ], "oneway": false, "reversed": "False", "length": 21.6342845124863, "lanes": null, "name": null, "ref": null, "bridge": null, "maxspeed": null, "tunnel": null, "manual_add_candidate": true, "priority": 1 }, "geometry": { "type": "LineString", "coordinates": [ [ 141.9010625, 43.4229318 ], [ 141.9013246, 43.4228916 ] ] } },
{ "type": "Feature", "properties": { "u": 1938412706, "v": 1938412711, "key": 0, "osmid": "183466207", "highway": [ "unclassified" ], "oneway": false, "reversed": "True", "length": 32.570572422122751, "lanes": null, "name": null, "ref": null, "bridge": null, "maxspeed": null, "tunnel": null, "manual_add_candidate": true, "priority": 1 }, "geometry": { "type": "LineString", "coordinates": [ [ 141.9010625, 43.4229318 ], [ 141.9006679, 43.4229923 ] ] } },
{ "type": "Feature", "properties": { "u": 1938412708, "v": 1938412718, "key": 0, "osmid": "183466206", "highway": [ "unclassified" ], "oneway": false, "reversed": "False", "length": 65.535161863499624, "lanes": null, "name": null, "ref": null, "bridge": null, "maxspeed": null, "tunnel": null, "manual_add_candidate": true, "priority": 1 }, "geometry": { "type": "LineString", "coordinates": [ [ 141.8870316, 43.4229903 ], [ 141.886239100000012, 43.423117 ] ] } },
{ "type": "Feature", "properties": { "u": 1938412711, "v": 1938412772, "key": 0, "osmid": "183466069", "highway": [ "unclassified" ], "oneway": false, "reversed": "True", "length": 103.46496927956645, "lanes": null, "name": null, "ref": null, "bridge": null, "maxspeed": null, "tunnel": null, "manual_add_candidate": true, "priority": 1 }, "geometry": { "type": "LineString", "coordinates": [ [ 141.9006679, 43.4229923 ], [ 141.9009397, 43.4239016 ] ] } },
{ "type": "Feature", "properties": { "u": 1938412711, "v": 1938412706, "key": 0, "osmid": "183466207", "highway": [ "unclassified" ], "oneway": false, "reversed": "False", "length": 32.570572422122751, "lanes": null, "name": null, "ref": null, "bridge": null, "maxspeed": null, "tunnel": null, "manual_add_candidate": true, "priority": 1 }, "geometry": { "type": "LineString", "coordinates": [ [ 141.9006679, 43.4229923 ], [ 141.9010625, 43.4229318 ] ] } },
{ "type": "Feature", "properties": { "u": 1938412711, "v": 1938412715, "key": 0, "osmid": "183466207", "highway": [ "unclassified" ], "oneway": false, "reversed": "True", "length": 48.980070912986392, "lanes": null, "name": null, "ref": null, "bridge": null, "maxspeed": null, "tunnel": null, "manual_add_candidate": true, "priority": 1 }, "geometry": { "type": "LineString", "coordinates": [ [ 141.9006679, 43.4229923 ], [ 141.900074499999988, 43.4230833 ] ] } },
{ "type": "Feature", "properties": { "u": 1938412715, "v": 1938412783, "key": 0, "osmid": "183466141", "highway": [ "unclassified" ], "oneway": false, "reversed": "False", "length": 103.09857370479644, "lanes": null, "name": null, "ref": null, "bridge": null, "maxspeed": null, "tunnel": null, "manual_add_candidate": true, "priority": 1 }, "geometry": { "type": "LineString", "coordinates": [ [ 141.900074499999988, 43.4230833 ], [ 141.9003433, 43.4239897 ] ] } },
{ "type": "Feature", "properties": { "u": 1938412715, "v": 1938412711, "key": 0, "osmid": "183466207", "highway": [ "unclassified" ], "oneway": false, "reversed": "False", "length": 48.980070912986392, "lanes": null, "name": null, "ref": null, "bridge": null, "maxspeed": null, "tunnel": null, "manual_add_candidate": true, "priority": 1 }, "geometry": { "type": "LineString", "coordinates": [ [ 141.900074499999988, 43.4230833 ], [ 141.9006679, 43.4229923 ] ] } },
{ "type": "Feature", "properties": { "u": 1938412715, "v": 1938412720, "key": 0, "osmid": "183466207", "highway": [ "unclassified" ], "oneway": false, "reversed": "True", "length": 24.118345623414225, "lanes": null, "name": null, "ref": null, "bridge": null, "maxspeed": null, "tunnel": null, "manual_add_candidate": true, "priority": 1 }, "geometry": { "type": "LineString", "coordinates": [ [ 141.900074499999988, 43.4230833 ], [ 141.8997823, 43.4231281 ] ] } },
{ "type": "Feature", "properties": { "u": 1938412718, "v": 1938412838, "key": 0, "osmid": "183465899", "highway": [ "unclassified" ], "oneway": false, "reversed": "False", "length": 141.4335339921378, "lanes": null, "name": null, "ref": null, "bridge": null, "maxspeed": null, "tunnel": null, "manual_add_candidate": true, "priority": 1 }, "geometry": { "type": "LineString", "coordinates": [ [ 141.886239100000012, 43.423117 ], [ 141.8866327, 43.4243564 ] ] } },
{ "type": "Feature", "properties": { "u": 1938412718, "v": 1938412641, "key": 0, "osmid": "183465899", "highway": [ "unclassified" ], "oneway": false, "reversed": "True", "length": 122.3591734900794, "lanes": null, "name": null, "ref": null, "bridge": null, "maxspeed": null, "tunnel": null, "manual_add_candidate": true, "priority": 1 }, "geometry": { "type": "LineString", "coordinates": [ [ 141.886239100000012, 43.423117 ], [ 141.885923100000014, 43.4220408 ] ] } },
{ "type": "Feature", "properties": { "u": 1938412718, "v": 1938412727, "key": 0, "osmid": "183466206", "highway": [ "unclassified" ], "oneway": false, "reversed": "False", "length": 59.681895233030687, "lanes": null, "name": null, "ref": null, "bridge": null, "maxspeed": null, "tunnel": null, "manual_add_candidate": true, "priority": 1 }, "geometry": { "type": "LineString", "coordinates": [ [ 141.886239100000012, 43.423117 ], [ 141.8855244, 43.4232535 ] ] } },
{ "type": "Feature", "properties": { "u": 1938412718, "v": 1938412708, "key": 0, "osmid": "183466206", "highway": [ "unclassified" ], "oneway": false, "reversed": "True", "length": 65.535161863499624, "lanes": null, "name": null, "ref": null, "bridge": null, "maxspeed": null, "tunnel": null, "manual_add_candidate": true, "priority": 1 }, "geometry": { "type": "LineString", "coordinates": [ [ 141.886239100000012, 43.423117 ], [ 141.8870316, 43.4229903 ] ] } },
{ "type": "Feature", "properties": { "u": 1938412720, "v": 1938412696, "key": 0, "osmid": "183466199", "highway": [ "unclassified" ], "oneway": false, "reversed": "False", "length": 52.017904565145272, "lanes": null, "name": null, "ref": null, "bridge": null, "maxspeed": null, "tunnel": null, "manual_add_candidate": true, "priority": 1 }, "geometry": { "type": "LineString", "coordinates": [ [ 141.8997823, 43.4231281 ], [ 141.899622599999987, 43.4226749 ] ] } },
{ "type": "Feature", "properties": { "u": 1938412720, "v": 1938412715, "key": 0, "osmid": "183466207", "highway": [ "unclassified" ], "oneway": false, "reversed": "False", "length": 24.118345623414225, "lanes": null, "name": null, "ref": null, "bridge": null, "maxspeed": null, "tunnel": null, "manual_add_candidate": true, "priority": 1 }, "geometry": { "type": "LineString", "coordinates": [ [ 141.8997823, 43.4231281 ], [ 141.900074499999988, 43.4230833 ] ] } },
{ "type": "Feature", "properties": { "u": 1938412720, "v": 1938412722, "key": 0, "osmid": "183466207", "highway": [ "unclassified" ], "oneway": false, "reversed": "True", "length": 26.125769881236302, "lanes": null, "name": null, "ref": null, "bridge": null, "maxspeed": null, "tunnel": null, "manual_add_candidate": true, "priority": 1 }, "geometry": { "type": "LineString", "coordinates": [ [ 141.8997823, 43.4231281 ], [ 141.8994658, 43.4231767 ] ] } },
{ "type": "Feature", "properties": { "u": 1938412722, "v": 1938412818, "key": 0, "osmid": "183466129", "highway": [ "unclassified" ], "oneway": false, "reversed": "False", "length": 102.71433702619932, "lanes": null, "name": null, "ref": null, "bridge": null, "maxspeed": null, "tunnel": null, "manual_add_candidate": true, "priority": 1 }, "geometry": { "type": "LineString", "coordinates": [ [ 141.8994658, 43.4231767 ], [ 141.8997388, 43.4240789 ] ] } },
{ "type": "Feature", "properties": { "u": 1938412722, "v": 1938412720, "key": 0, "osmid": "183466207", "highway": [ "unclassified" ], "oneway": false, "reversed": "False", "length": 26.125769881236302, "lanes": null, "name": null, "ref": null, "bridge": null, "maxspeed": null, "tunnel": null, "manual_add_candidate": true, "priority": 1 }, "geometry": { "type": "LineString", "coordinates": [ [ 141.8994658, 43.4231767 ], [ 141.8997823, 43.4231281 ] ] } },
{ "type": "Feature", "properties": { "u": 1938412722, "v": 1938412728, "key": 0, "osmid": "183466207", "highway": [ "unclassified" ], "oneway": false, "reversed": "True", "length": 49.608033446512074, "lanes": null, "name": null, "ref": null, "bridge": null, "maxspeed": null, "tunnel": null, "manual_add_candidate": true, "priority": 1 }, "geometry": { "type": "LineString", "coordinates": [ [ 141.8994658, 43.4231767 ], [ 141.898864800000013, 43.4232689 ] ] } },
{ "type": "Feature", "properties": { "u": 1938412727, "v": 1938412758, "key": 0, "osmid": "183466206", "highway": [ "unclassified" ], "oneway": false, "reversed": "False", "length": 62.314003916370375, "lanes": null, "name": null, "ref": null, "bridge": null, "maxspeed": null, "tunnel": null, "manual_add_candidate": true, "priority": 1 }, "geometry": { "type": "LineString", "coordinates": [ [ 141.8855244, 43.4232535 ], [ 141.8847734, 43.4233821 ] ] } },
{ "type": "Feature", "properties": { "u": 1938412727, "v": 1938412718, "key": 0, "osmid": "183466206", "highway": [ "unclassified" ], "oneway": false, "reversed": "True", "length": 59.681895233030687, "lanes": null, "name": null, "ref": null, "bridge": null, "maxspeed": null, "tunnel": null, "manual_add_candidate": true, "priority": 1 }, "geometry": { "type": "LineString", "coordinates": [ [ 141.8855244, 43.4232535 ], [ 141.886239100000012, 43.423117 ] ] } },
{ "type": "Feature", "properties": { "u": 1938412727, "v": 1938412841, "key": 0, "osmid": "183466227", "highway": [ "unclassified" ], "oneway": false, "reversed": "False", "length": 138.69685983157447, "lanes": null, "name": null, "ref": null, "bridge": null, "maxspeed": null, "tunnel": null, "manual_add_candidate": true, "priority": 1 }, "geometry": { "type": "LineString", "coordinates": [ [ 141.8855244, 43.4232535 ], [ 141.885917, 43.4244678 ] ] } },
{ "type": "Feature", "properties": { "u": 1938412727, "v": 7085668896, "key": 0, "osmid": "183466227", "highway": [ "unclassified" ], "oneway": false, "reversed": "True", "length": 76.263534039104428, "lanes": null, "name": null, "ref": null, "bridge": null, "maxspeed": null, "tunnel": null, "manual_add_candidate": true, "priority": 1 }, "geometry": { "type": "LineString", "coordinates": [ [ 141.8855244, 43.4232535 ], [ 141.8853188, 43.4225841 ] ] } },
{ "type": "Feature", "properties": { "u": 1938412728, "v": 1938412825, "key": 0, "osmid": "183466116", "highway": [ "unclassified" ], "oneway": false, "reversed": "False", "length": 102.36316239620966, "lanes": null, "name": null, "ref": null, "bridge": null, "maxspeed": null, "tunnel": null, "manual_add_candidate": true, "priority": 1 }, "geometry": { "type": "LineString", "coordinates": [ [ 141.898864800000013, 43.4232689 ], [ 141.8991474, 43.4241663 ] ] } },
{ "type": "Feature", "properties": { "u": 1938412728, "v": 1938412722, "key": 0, "osmid": "183466207", "highway": [ "unclassified" ], "oneway": false, "reversed": "False", "length": 49.608033446512074, "lanes": null, "name": null, "ref": null, "bridge": null, "maxspeed": null, "tunnel": null, "manual_add_candidate": true, "priority": 1 }, "geometry": { "type": "LineString", "coordinates": [ [ 141.898864800000013, 43.4232689 ], [ 141.8994658, 43.4231767 ] ] } },
{ "type": "Feature", "properties": { "u": 1938412728, "v": 1938412740, "key": 0, "osmid": "183466207", "highway": [ "unclassified" ], "oneway": false, "reversed": "True", "length": 52.338321783821016, "lanes": null, "name": null, "ref": null, "bridge": null, "maxspeed": null, "tunnel": null, "manual_add_candidate": true, "priority": 1 }, "geometry": { "type": "LineString", "coordinates": [ [ 141.898864800000013, 43.4232689 ], [ 141.8982307, 43.4233661 ] ] } },
{ "type": "Feature", "properties": { "u": 1938412740, "v": 1938412834, "key": 0, "osmid": "183466171", "highway": [ "unclassified" ], "oneway": false, "reversed": "False", "length": 101.95117760057305, "lanes": null, "name": null, "ref": null, "bridge": null, "maxspeed": null, "tunnel": null, "manual_add_candidate": true, "priority": 1 }, "geometry": { "type": "LineString", "coordinates": [ [ 141.8982307, 43.4233661 ], [ 141.898498499999988, 43.4242621 ] ] } },
{ "type": "Feature", "properties": { "u": 1938412740, "v": 1938412460, "key": 0, "osmid": "183466171", "highway": [ "unclassified" ], "oneway": false, "reversed": "True", "length": 351.21774026248823, "lanes": null, "name": null, "ref": null, "bridge": null, "maxspeed": null, "tunnel": null, "manual_add_candidate": true, "priority": 1 }, "geometry": { "type": "LineString", "coordinates": [ [ 141.8982307, 43.4233661 ], [ 141.897357199999988, 43.4202719 ] ] } },
{ "type": "Feature", "properties": { "u": 1938412740, "v": 1938412728, "key": 0, "osmid": "183466207", "highway": [ "unclassified" ], "oneway": false, "reversed": "False", "length": 52.338321783821016, "lanes": null, "name": null, "ref": null, "bridge": null, "maxspeed": null, "tunnel": null, "manual_add_candidate": true, "priority": 1 }, "geometry": { "type": "LineString", "coordinates": [ [ 141.8982307, 43.4233661 ], [ 141.898864800000013, 43.4232689 ] ] } },
{ "type": "Feature", "properties": { "u": 1938412758, "v": 1938412851, "key": 0, "osmid": "183466099", "highway": [ "unclassified" ], "oneway": false, "reversed": "False", "length": 137.60922927574603, "lanes": null, "name": null, "ref": null, "bridge": null, "maxspeed": null, "tunnel": null, "manual_add_candidate": true, "priority": 1 }, "geometry": { "type": "LineString", "coordinates": [ [ 141.8847734, 43.4233821 ], [ 141.885146600000013, 43.4245896 ] ] } },
{ "type": "Feature", "properties": { "u": 1938412758, "v": 7085668895, "key": 0, "osmid": "183466099", "highway": [ "unclassified" ], "oneway": false, "reversed": "True", "length": 77.612083318210765, "lanes": null, "name": null, "ref": null, "bridge": null, "maxspeed": null, "tunnel": null, "manual_add_candidate": true, "priority": 1 }, "geometry": { "type": "LineString", "coordinates": [ [ 141.8847734, 43.4233821 ], [ 141.884570200000013, 43.4226999 ] ] } },
{ "type": "Feature", "properties": { "u": 1938412758, "v": 7087168130, "key": 0, "osmid": "183466206", "highway": [ "unclassified" ], "oneway": false, "reversed": "False", "length": 53.149894487514878, "lanes": null, "name": null, "ref": null, "bridge": null, "maxspeed": null, "tunnel": null, "manual_add_candidate": true, "priority": 1 }, "geometry": { "type": "LineString", "coordinates": [ [ 141.8847734, 43.4233821 ], [ 141.8841305, 43.4234843 ] ] } },
{ "type": "Feature", "properties": { "u": 1938412758, "v": 1938412727, "key": 0, "osmid": "183466206", "highway": [ "unclassified" ], "oneway": false, "reversed": "True", "length": 62.314003916370375, "lanes": null, "name": null, "ref": null, "bridge": null, "maxspeed": null, "tunnel": null, "manual_add_candidate": true, "priority": 1 }, "geometry": { "type": "LineString", "coordinates": [ [ 141.8847734, 43.4233821 ], [ 141.8855244, 43.4232535 ] ] } },
{ "type": "Feature", "properties": { "u": 1938412765, "v": 1938412769, "key": 0, "osmid": "183466206", "highway": [ "unclassified" ], "oneway": false, "reversed": "False", "length": 132.44810047009884, "lanes": null, "name": null, "ref": null, "bridge": null, "maxspeed": null, "tunnel": null, "manual_add_candidate": true, "priority": 1 }, "geometry": { "type": "LineString", "coordinates": [ [ 141.8835947, 43.4235694 ], [ 141.8819882, 43.423809 ] ] } },
{ "type": "Feature", "properties": { "u": 1938412765, "v": 7087168130, "key": 0, "osmid": "183466206", "highway": [ "unclassified" ], "oneway": false, "reversed": "True", "length": 44.293873721852776, "lanes": null, "name": null, "ref": null, "bridge": null, "maxspeed": null, "tunnel": null, "manual_add_candidate": true, "priority": 1 }, "geometry": { "type": "LineString", "coordinates": [ [ 141.8835947, 43.4235694 ], [ 141.8841305, 43.4234843 ] ] } },
{ "type": "Feature", "properties": { "u": 1938412767, "v": 1938412323, "key": 0, "osmid": "435242782", "highway": [ "unclassified" ], "oneway": false, "reversed": "False", "length": 565.53909526567793, "lanes": null, "name": null, "ref": null, "bridge": null, "maxspeed": null, "tunnel": null, "manual_add_candidate": true, "priority": 1 }, "geometry": { "type": "LineString", "coordinates": [ [ 141.9086058, 43.4237144 ], [ 141.9071949, 43.4187327 ] ] } },
{ "type": "Feature", "properties": { "u": 1938412767, "v": 2350614821, "key": 0, "osmid": "435242782", "highway": [ "unclassified" ], "oneway": false, "reversed": "True", "length": 430.00675118197404, "lanes": null, "name": null, "ref": null, "bridge": null, "maxspeed": null, "tunnel": null, "manual_add_candidate": true, "priority": 1 }, "geometry": { "type": "LineString", "coordinates": [ [ 141.9086058, 43.4237144 ], [ 141.9097285, 43.4274946 ] ] } },
{ "type": "Feature", "properties": { "u": 1938412767, "v": 1938412862, "key": 0, "osmid": "183465915", "highway": [ "unclassified" ], "oneway": false, "reversed": "False", "length": 555.91209545253139, "lanes": null, "name": null, "ref": null, "bridge": null, "maxspeed": null, "tunnel": null, "manual_add_candidate": true, "priority": 1 }, "geometry": { "type": "LineString", "coordinates": [ [ 141.9086058, 43.4237144 ], [ 141.9074966, 43.4238894 ], [ 141.906531, 43.4240418 ], [ 141.905863900000014, 43.4241471 ], [ 141.9018728, 43.4247542 ] ] } },
{ "type": "Feature", "properties": { "u": 1938412767, "v": 2350614317, "key": 0, "osmid": [ 226201793, 226201599, 226201511 ], "highway": [ "unclassified" ], "oneway": false, "reversed": "False", "length": 341.72800180187909, "lanes": null, "name": null, "ref": null, "bridge": null, "maxspeed": null, "tunnel": "yes", "manual_add_candidate": true, "priority": 1 }, "geometry": { "type": "LineString", "coordinates": [ [ 141.9086058, 43.4237144 ], [ 141.910861, 43.423347 ], [ 141.911141, 43.42331 ], [ 141.911331, 43.423991 ], [ 141.911436, 43.423983 ], [ 141.911912199999989, 43.4239049 ], [ 141.9119939, 43.4238876 ] ] } },
{ "type": "Feature", "properties": { "u": 1938412768, "v": 1938412772, "key": 0, "osmid": "183466203", "highway": [ "unclassified" ], "oneway": false, "reversed": "False", "length": 52.81699016053058, "lanes": null, "name": null, "ref": null, "bridge": null, "maxspeed": null, "tunnel": null, "manual_add_candidate": true, "priority": 1 }, "geometry": { "type": "LineString", "coordinates": [ [ 141.901580599999988, 43.423807 ], [ 141.9009397, 43.4239016 ] ] } },
{ "type": "Feature", "properties": { "u": 1938412769, "v": 1938412835, "key": 0, "osmid": "183465921", "highway": [ "unclassified" ], "oneway": false, "reversed": "False", "length": 60.537989026840371, "lanes": null, "name": null, "ref": null, "bridge": null, "maxspeed": null, "tunnel": null, "manual_add_candidate": true, "priority": 1 }, "geometry": { "type": "LineString", "coordinates": [ [ 141.8819882, 43.423809 ], [ 141.8821481, 43.4243409 ] ] } },
{ "type": "Feature", "properties": { "u": 1938412769, "v": 7087194575, "key": 0, "osmid": "183465921", "highway": [ "unclassified" ], "oneway": false, "reversed": "True", "length": 65.375112663839218, "lanes": null, "name": null, "ref": null, "bridge": null, "maxspeed": null, "tunnel": null, "manual_add_candidate": true, "priority": 1 }, "geometry": { "type": "LineString", "coordinates": [ [ 141.8819882, 43.423809 ], [ 141.88182, 43.4232339 ] ] } },
{ "type": "Feature", "properties": { "u": 1938412769, "v": 1938412821, "key": 0, "osmid": "183466206", "highway": [ "unclassified" ], "oneway": false, "reversed": "False", "length": 147.03497212725875, "lanes": null, "name": null, "ref": null, "bridge": null, "maxspeed": null, "tunnel": null, "manual_add_candidate": true, "priority": 1 }, "geometry": { "type": "LineString", "coordinates": [ [ 141.8819882, 43.423809 ], [ 141.8802066, 43.4240814 ] ] } },
{ "type": "Feature", "properties": { "u": 1938412769, "v": 1938412765, "key": 0, "osmid": "183466206", "highway": [ "unclassified" ], "oneway": false, "reversed": "True", "length": 132.44810047009884, "lanes": null, "name": null, "ref": null, "bridge": null, "maxspeed": null, "tunnel": null, "manual_add_candidate": true, "priority": 1 }, "geometry": { "type": "LineString", "coordinates": [ [ 141.8819882, 43.423809 ], [ 141.8835947, 43.4235694 ] ] } },
{ "type": "Feature", "properties": { "u": 1938412772, "v": 1938412711, "key": 0, "osmid": "183466069", "highway": [ "unclassified" ], "oneway": false, "reversed": "False", "length": 103.46496927956645, "lanes": null, "name": null, "ref": null, "bridge": null, "maxspeed": null, "tunnel": null, "manual_add_candidate": true, "priority": 1 }, "geometry": { "type": "LineString", "coordinates": [ [ 141.9009397, 43.4239016 ], [ 141.9006679, 43.4229923 ] ] } },
{ "type": "Feature", "properties": { "u": 1938412772, "v": 1938412889, "key": 0, "osmid": "183466069", "highway": [ "unclassified" ], "oneway": false, "reversed": "True", "length": 108.0039468209854, "lanes": null, "name": null, "ref": null, "bridge": null, "maxspeed": null, "tunnel": null, "manual_add_candidate": true, "priority": 1 }, "geometry": { "type": "LineString", "coordinates": [ [ 141.9009397, 43.4239016 ], [ 141.9012117, 43.4248526 ] ] } },
{ "type": "Feature", "properties": { "u": 1938412772, "v": 1938412783, "key": 0, "osmid": "183466203", "highway": [ "unclassified" ], "oneway": false, "reversed": "False", "length": 49.151160456106936, "lanes": null, "name": null, "ref": null, "bridge": null, "maxspeed": null, "tunnel": null, "manual_add_candidate": true, "priority": 1 }, "geometry": { "type": "LineString", "coordinates": [ [ 141.9009397, 43.4239016 ], [ 141.9003433, 43.4239897 ] ] } },
{ "type": "Feature", "properties": { "u": 1938412772, "v": 1938412768, "key": 0, "osmid": "183466203", "highway": [ "unclassified" ], "oneway": false, "reversed": "True", "length": 52.81699016053058, "lanes": null, "name": null, "ref": null, "bridge": null, "maxspeed": null, "tunnel": null, "manual_add_candidate": true, "priority": 1 }, "geometry": { "type": "LineString", "coordinates": [ [ 141.9009397, 43.4239016 ], [ 141.901580599999988, 43.423807 ] ] } },
{ "type": "Feature", "properties": { "u": 1938412775, "v": 1938412576, "key": 0, "osmid": "183465966", "highway": [ "unclassified" ], "oneway": false, "reversed": "False", "length": 277.67215472543052, "lanes": null, "name": null, "ref": null, "bridge": null, "maxspeed": null, "tunnel": null, "manual_add_candidate": true, "priority": 1 }, "geometry": { "type": "LineString", "coordinates": [ [ 141.890891399999987, 43.4239095 ], [ 141.8901708, 43.4214678 ] ] } },
{ "type": "Feature", "properties": { "u": 1938412775, "v": 1938412586, "key": 0, "osmid": "183466058", "highway": [ "unclassified" ], "oneway": false, "reversed": "True", "length": 301.63858400863171, "lanes": null, "name": null, "ref": null, "bridge": null, "maxspeed": null, "tunnel": null, "manual_add_candidate": true, "priority": 1 }, "geometry": { "type": "LineString", "coordinates": [ [ 141.890891399999987, 43.4239095 ], [ 141.890479199999987, 43.4237797 ], [ 141.890300200000013, 43.4236982 ], [ 141.8901707, 43.4236057 ], [ 141.890200599999986, 43.4234531 ], [ 141.889641, 43.4215491 ] ] } },
{ "type": "Feature", "properties": { "u": 1938412775, "v": 1938412814, "key": 0, "osmid": "183466163", "highway": [ "unclassified" ], "oneway": false, "reversed": "False", "length": 65.809285464707401, "lanes": null, "name": null, "ref": null, "bridge": null, "maxspeed": null, "tunnel": null, "manual_add_candidate": true, "priority": 1 }, "geometry": { "type": "LineString", "coordinates": [ [ 141.890891399999987, 43.4239095 ], [ 141.891354400000012, 43.4240154 ], [ 141.8916725, 43.4240777 ] ] } },
{ "type": "Feature", "properties": { "u": 1938412783, "v": 1938412898, "key": 0, "osmid": "183466141", "highway": [ "unclassified" ], "oneway": false, "reversed": "False", "length": 108.39579868802483, "lanes": null, "name": null, "ref": null, "bridge": null, "maxspeed": null, "tunnel": null, "manual_add_candidate": true, "priority": 1 }, "geometry": { "type": "LineString", "coordinates": [ [ 141.9003433, 43.4239897 ], [ 141.90063330000001, 43.4249415 ] ] } },
{ "type": "Feature", "properties": { "u": 1938412783, "v": 1938412715, "key": 0, "osmid": "183466141", "highway": [ "unclassified" ], "oneway": false, "reversed": "True", "length": 103.09857370479644, "lanes": null, "name": null, "ref": null, "bridge": null, "maxspeed": null, "tunnel": null, "manual_add_candidate": true, "priority": 1 }, "geometry": { "type": "LineString", "coordinates": [ [ 141.9003433, 43.4239897 ], [ 141.900074499999988, 43.4230833 ] ] } },
{ "type": "Feature", "properties": { "u": 1938412783, "v": 1938412818, "key": 0, "osmid": "183466203", "highway": [ "unclassified" ], "oneway": false, "reversed": "False", "length": 49.816498149314626, "lanes": null, "name": null, "ref": null, "bridge": null, "maxspeed": null, "tunnel": null, "manual_add_candidate": true, "priority": 1 }, "geometry": { "type": "LineString", "coordinates": [ [ 141.9003433, 43.4239897 ], [ 141.8997388, 43.4240789 ] ] } },
{ "type": "Feature", "properties": { "u": 1938412783, "v": 1938412772, "key": 0, "osmid": "183466203", "highway": [ "unclassified" ], "oneway": false, "reversed": "True", "length": 49.151160456106936, "lanes": null, "name": null, "ref": null, "bridge": null, "maxspeed": null, "tunnel": null, "manual_add_candidate": true, "priority": 1 }, "geometry": { "type": "LineString", "coordinates": [ [ 141.9003433, 43.4239897 ], [ 141.9009397, 43.4239016 ] ] } },
{ "type": "Feature", "properties": { "u": 1938412811, "v": 3033240784, "key": 0, "osmid": "226201728", "highway": [ "unclassified" ], "oneway": false, "reversed": "True", "length": 327.12474807462615, "lanes": null, "name": null, "ref": null, "bridge": null, "maxspeed": null, "tunnel": null, "manual_add_candidate": true, "priority": 1 }, "geometry": { "type": "LineString", "coordinates": [ [ 141.873059899999987, 43.424039 ], [ 141.8722061, 43.4211632 ] ] } },
{ "type": "Feature", "properties": { "u": 1938412811, "v": 1938413209, "key": 0, "osmid": [ 183465977, 183466043, 183466173 ], "highway": [ "unclassified" ], "oneway": false, "reversed": "False", "length": 565.26921622139662, "lanes": null, "name": null, "ref": null, "bridge": "yes", "maxspeed": null, "tunnel": null, "manual_add_candidate": true, "priority": 1 }, "geometry": { "type": "LineString", "coordinates": [ [ 141.873059899999987, 43.424039 ], [ 141.8738741, 43.4267472 ], [ 141.873895, 43.4268166 ], [ 141.8740636, 43.4273763 ], [ 141.874082, 43.4274371 ], [ 141.8745554, 43.4290052 ] ] } },
{ "type": "Feature", "properties": { "u": 1938412814, "v": 1938412914, "key": 0, "osmid": "183466163", "highway": [ "unclassified" ], "oneway": false, "reversed": "False", "length": 115.39405281930925, "lanes": null, "name": null, "ref": null, "bridge": null, "maxspeed": null, "tunnel": null, "manual_add_candidate": true, "priority": 1 }, "geometry": { "type": "LineString", "coordinates": [ [ 141.8916725, 43.4240777 ], [ 141.8917539, 43.4244152 ], [ 141.8919383, 43.4250973 ] ] } },
{ "type": "Feature", "properties": { "u": 1938412814, "v": 1938412775, "key": 0, "osmid": "183466163", "highway": [ "unclassified" ], "oneway": false, "reversed": "True", "length": 65.809285464707401, "lanes": null, "name": null, "ref": null, "bridge": null, "maxspeed": null, "tunnel": null, "manual_add_candidate": true, "priority": 1 }, "geometry": { "type": "LineString", "coordinates": [ [ 141.8916725, 43.4240777 ], [ 141.891354400000012, 43.4240154 ], [ 141.890891399999987, 43.4239095 ] ] } },
{ "type": "Feature", "properties": { "u": 1938412814, "v": 7115929360, "key": 0, "osmid": "761619645", "highway": [ "unclassified" ], "oneway": false, "reversed": "False", "length": 231.11607027169219, "lanes": null, "name": null, "ref": null, "bridge": null, "maxspeed": null, "tunnel": null, "manual_add_candidate": true, "priority": 1 }, "geometry": { "type": "LineString", "coordinates": [ [ 141.8916725, 43.4240777 ], [ 141.8921144, 43.4241051 ], [ 141.8925262, 43.4240855 ], [ 141.8930066, 43.4240184 ], [ 141.893487, 43.4238862 ], [ 141.8939227, 43.423741 ], [ 141.894242, 43.4236304 ], [ 141.894389100000012, 43.4235692 ] ] } },
{ "type": "Feature", "properties": { "u": 1938412817, "v": 7087194717, "key": 0, "osmid": "183466136", "highway": [ "unclassified" ], "oneway": false, "reversed": "True", "length": 52.353153811395394, "lanes": null, "name": null, "ref": null, "bridge": null, "maxspeed": null, "tunnel": null, "manual_add_candidate": true, "priority": 1 }, "geometry": { "type": "LineString", "coordinates": [ [ 141.8837428, 43.4240869 ], [ 141.883109600000012, 43.4241878 ] ] } },
{ "type": "Feature", "properties": { "u": 1938412818, "v": 7115742060, "key": 0, "osmid": "183466129", "highway": [ "unclassified" ], "oneway": false, "reversed": "False", "length": 108.63291428150481, "lanes": null, "name": null, "ref": null, "bridge": null, "maxspeed": null, "tunnel": null, "manual_add_candidate": true, "priority": 1 }, "geometry": { "type": "LineString", "coordinates": [ [ 141.8997388, 43.4240789 ], [ 141.9000287, 43.4250329 ] ] } },
{ "type": "Feature", "properties": { "u": 1938412818, "v": 1938412722, "key": 0, "osmid": "183466129", "highway": [ "unclassified" ], "oneway": false, "reversed": "True", "length": 102.71433702619932, "lanes": null, "name": null, "ref": null, "bridge": null, "maxspeed": null, "tunnel": null, "manual_add_candidate": true, "priority": 1 }, "geometry": { "type": "LineString", "coordinates": [ [ 141.8997388, 43.4240789 ], [ 141.8994658, 43.4231767 ] ] } },
{ "type": "Feature", "properties": { "u": 1938412818, "v": 1938412825, "key": 0, "osmid": "183466203", "highway": [ "unclassified" ], "oneway": false, "reversed": "False", "length": 48.739813861850848, "lanes": null, "name": null, "ref": null, "bridge": null, "maxspeed": null, "tunnel": null, "manual_add_candidate": true, "priority": 1 }, "geometry": { "type": "LineString", "coordinates": [ [ 141.8997388, 43.4240789 ], [ 141.8991474, 43.4241663 ] ] } },
{ "type": "Feature", "properties": { "u": 1938412818, "v": 1938412783, "key": 0, "osmid": "183466203", "highway": [ "unclassified" ], "oneway": false, "reversed": "True", "length": 49.816498149314626, "lanes": null, "name": null, "ref": null, "bridge": null, "maxspeed": null, "tunnel": null, "manual_add_candidate": true, "priority": 1 }, "geometry": { "type": "LineString", "coordinates": [ [ 141.8997388, 43.4240789 ], [ 141.9003433, 43.4239897 ] ] } },
{ "type": "Feature", "properties": { "u": 1938412821, "v": 1938412769, "key": 0, "osmid": "183466206", "highway": [ "unclassified" ], "oneway": false, "reversed": "True", "length": 147.03497212725875, "lanes": null, "name": null, "ref": null, "bridge": null, "maxspeed": null, "tunnel": null, "manual_add_candidate": true, "priority": 1 }, "geometry": { "type": "LineString", "coordinates": [ [ 141.8802066, 43.4240814 ], [ 141.8819882, 43.423809 ] ] } },
{ "type": "Feature", "properties": { "u": 1938412823, "v": 7618659645, "key": 0, "osmid": "183466124", "highway": [ "unclassified" ], "oneway": false, "reversed": "True", "length": 43.034011616407284, "lanes": null, "name": null, "ref": null, "bridge": null, "maxspeed": null, "tunnel": null, "manual_add_candidate": true, "priority": 1 }, "geometry": { "type": "LineString", "coordinates": [ [ 141.88838770000001, 43.4240903 ], [ 141.8884969, 43.4244691 ] ] } },
{ "type": "Feature", "properties": { "u": 1938412823, "v": 6590120531, "key": 0, "osmid": "183466124", "highway": [ "unclassified" ], "oneway": false, "reversed": "False", "length": 66.925578567912936, "lanes": null, "name": null, "ref": null, "bridge": null, "maxspeed": null, "tunnel": null, "manual_add_candidate": true, "priority": 1 }, "geometry": { "type": "LineString", "coordinates": [ [ 141.88838770000001, 43.4240903 ], [ 141.8883432, 43.4239937 ], [ 141.8882068, 43.4235036 ] ] } },
{ "type": "Feature", "properties": { "u": 1938412825, "v": 1938412918, "key": 0, "osmid": "183466116", "highway": [ "unclassified" ], "oneway": false, "reversed": "False", "length": 109.16390502426142, "lanes": null, "name": null, "ref": null, "bridge": null, "maxspeed": null, "tunnel": null, "manual_add_candidate": true, "priority": 1 }, "geometry": { "type": "LineString", "coordinates": [ [ 141.8991474, 43.4241663 ], [ 141.899463, 43.4251209 ] ] } },
{ "type": "Feature", "properties": { "u": 1938412825, "v": 1938412728, "key": 0, "osmid": "183466116", "highway": [ "unclassified" ], "oneway": false, "reversed": "True", "length": 102.36316239620966, "lanes": null, "name": null, "ref": null, "bridge": null, "maxspeed": null, "tunnel": null, "manual_add_candidate": true, "priority": 1 }, "geometry": { "type": "LineString", "coordinates": [ [ 141.8991474, 43.4241663 ], [ 141.898864800000013, 43.4232689 ] ] } },
{ "type": "Feature", "properties": { "u": 1938412825, "v": 1938412834, "key": 0, "osmid": "183466203", "highway": [ "unclassified" ], "oneway": false, "reversed": "False", "length": 53.476394478105405, "lanes": null, "name": null, "ref": null, "bridge": null, "maxspeed": null, "tunnel": null, "manual_add_candidate": true, "priority": 1 }, "geometry": { "type": "LineString", "coordinates": [ [ 141.8991474, 43.4241663 ], [ 141.898498499999988, 43.4242621 ] ] } },
{ "type": "Feature", "properties": { "u": 1938412825, "v": 1938412818, "key": 0, "osmid": "183466203", "highway": [ "unclassified" ], "oneway": false, "reversed": "True", "length": 48.739813861850848, "lanes": null, "name": null, "ref": null, "bridge": null, "maxspeed": null, "tunnel": null, "manual_add_candidate": true, "priority": 1 }, "geometry": { "type": "LineString", "coordinates": [ [ 141.8991474, 43.4241663 ], [ 141.8997388, 43.4240789 ] ] } },
{ "type": "Feature", "properties": { "u": 1938412834, "v": 1938412927, "key": 0, "osmid": "183466171", "highway": [ "unclassified" ], "oneway": false, "reversed": "False", "length": 109.7295423434622, "lanes": null, "name": null, "ref": null, "bridge": null, "maxspeed": null, "tunnel": null, "manual_add_candidate": true, "priority": 1 }, "geometry": { "type": "LineString", "coordinates": [ [ 141.898498499999988, 43.4242621 ], [ 141.898794, 43.4252253 ] ] } },
{ "type": "Feature", "properties": { "u": 1938412834, "v": 1938412740, "key": 0, "osmid": "183466171", "highway": [ "unclassified" ], "oneway": false, "reversed": "True", "length": 101.95117760057305, "lanes": null, "name": null, "ref": null, "bridge": null, "maxspeed": null, "tunnel": null, "manual_add_candidate": true, "priority": 1 }, "geometry": { "type": "LineString", "coordinates": [ [ 141.898498499999988, 43.4242621 ], [ 141.8982307, 43.4233661 ] ] } },
{ "type": "Feature", "properties": { "u": 1938412834, "v": 1938412825, "key": 0, "osmid": "183466203", "highway": [ "unclassified" ], "oneway": false, "reversed": "True", "length": 53.476394478105405, "lanes": null, "name": null, "ref": null, "bridge": null, "maxspeed": null, "tunnel": null, "manual_add_candidate": true, "priority": 1 }, "geometry": { "type": "LineString", "coordinates": [ [ 141.898498499999988, 43.4242621 ], [ 141.8991474, 43.4241663 ] ] } },
{ "type": "Feature", "properties": { "u": 1938412835, "v": 6083963827, "key": 0, "osmid": "183465921", "highway": [ "unclassified" ], "oneway": false, "reversed": "False", "length": 32.55665108782685, "lanes": null, "name": null, "ref": null, "bridge": null, "maxspeed": null, "tunnel": null, "manual_add_candidate": true, "priority": 1 }, "geometry": { "type": "LineString", "coordinates": [ [ 141.8821481, 43.4243409 ], [ 141.8822222, 43.4246287 ] ] } },
{ "type": "Feature", "properties": { "u": 1938412835, "v": 1938412769, "key": 0, "osmid": "183465921", "highway": [ "unclassified" ], "oneway": false, "reversed": "True", "length": 60.537989026840371, "lanes": null, "name": null, "ref": null, "bridge": null, "maxspeed": null, "tunnel": null, "manual_add_candidate": true, "priority": 1 }, "geometry": { "type": "LineString", "coordinates": [ [ 141.8821481, 43.4243409 ], [ 141.8819882, 43.423809 ] ] } },
{ "type": "Feature", "properties": { "u": 1938412835, "v": 7087194719, "key": 0, "osmid": "183466136", "highway": [ "unclassified" ], "oneway": false, "reversed": "False", "length": 38.888895094312069, "lanes": null, "name": null, "ref": null, "bridge": null, "maxspeed": null, "tunnel": null, "manual_add_candidate": true, "priority": 1 }, "geometry": { "type": "LineString", "coordinates": [ [ 141.8821481, 43.4243409 ], [ 141.8826195, 43.4242695 ] ] } },
{ "type": "Feature", "properties": { "u": 1938412835, "v": 1938412848, "key": 0, "osmid": "183466136", "highway": [ "unclassified" ], "oneway": false, "reversed": "True", "length": 147.15902917951379, "lanes": null, "name": null, "ref": null, "bridge": null, "maxspeed": null, "tunnel": null, "manual_add_candidate": true, "priority": 1 }, "geometry": { "type": "LineString", "coordinates": [ [ 141.8821481, 43.4243409 ], [ 141.8803685, 43.4246254 ] ] } },
{ "type": "Feature", "properties": { "u": 1938412838, "v": 1938413011, "key": 0, "osmid": "183465899", "highway": [ "unclassified" ], "oneway": false, "reversed": "False", "length": 199.71815286111556, "lanes": null, "name": null, "ref": null, "bridge": null, "maxspeed": null, "tunnel": null, "manual_add_candidate": true, "priority": 1 }, "geometry": { "type": "LineString", "coordinates": [ [ 141.8866327, 43.4243564 ], [ 141.887128100000012, 43.4261161 ] ] } },
{ "type": "Feature", "properties": { "u": 1938412838, "v": 1938412718, "key": 0, "osmid": "183465899", "highway": [ "unclassified" ], "oneway": false, "reversed": "True", "length": 141.4335339921378, "lanes": null, "name": null, "ref": null, "bridge": null, "maxspeed": null, "tunnel": null, "manual_add_candidate": true, "priority": 1 }, "geometry": { "type": "LineString", "coordinates": [ [ 141.8866327, 43.4243564 ], [ 141.886239100000012, 43.423117 ] ] } },
{ "type": "Feature", "properties": { "u": 1938412841, "v": 1938413021, "key": 0, "osmid": "183466227", "highway": [ "unclassified" ], "oneway": false, "reversed": "False", "length": 200.04607105732967, "lanes": null, "name": null, "ref": null, "bridge": null, "maxspeed": null, "tunnel": null, "manual_add_candidate": true, "priority": 1 }, "geometry": { "type": "LineString", "coordinates": [ [ 141.885917, 43.4244678 ], [ 141.8864185, 43.4262296 ] ] } },
{ "type": "Feature", "properties": { "u": 1938412841, "v": 1938412727, "key": 0, "osmid": "183466227", "highway": [ "unclassified" ], "oneway": false, "reversed": "True", "length": 138.69685983157447, "lanes": null, "name": null, "ref": null, "bridge": null, "maxspeed": null, "tunnel": null, "manual_add_candidate": true, "priority": 1 }, "geometry": { "type": "LineString", "coordinates": [ [ 141.885917, 43.4244678 ], [ 141.8855244, 43.4232535 ] ] } },
{ "type": "Feature", "properties": { "u": 1938412845, "v": 1938413033, "key": 0, "osmid": "183466071", "highway": [ "unclassified" ], "oneway": false, "reversed": "True", "length": 199.92718270416316, "lanes": null, "name": null, "ref": null, "bridge": null, "maxspeed": null, "tunnel": null, "manual_add_candidate": true, "priority": 1 }, "geometry": { "type": "LineString", "coordinates": [ [ 141.885247600000014, 43.4245747 ], [ 141.88577, 43.4263322 ] ] } },
{ "type": "Feature", "properties": { "u": 1938412848, "v": 1938412835, "key": 0, "osmid": "183466136", "highway": [ "unclassified" ], "oneway": false, "reversed": "False", "length": 147.15902917951379, "lanes": null, "name": null, "ref": null, "bridge": null, "maxspeed": null, "tunnel": null, "manual_add_candidate": true, "priority": 1 }, "geometry": { "type": "LineString", "coordinates": [ [ 141.8803685, 43.4246254 ], [ 141.8821481, 43.4243409 ] ] } },
{ "type": "Feature", "properties": { "u": 1938412851, "v": 1938412758, "key": 0, "osmid": "183466099", "highway": [ "unclassified" ], "oneway": false, "reversed": "True", "length": 137.60922927574603, "lanes": null, "name": null, "ref": null, "bridge": null, "maxspeed": null, "tunnel": null, "manual_add_candidate": true, "priority": 1 }, "geometry": { "type": "LineString", "coordinates": [ [ 141.885146600000013, 43.4245896 ], [ 141.8847734, 43.4233821 ] ] } },
{ "type": "Feature", "properties": { "u": 1938412854, "v": 1938413042, "key": 0, "osmid": "183466101", "highway": [ "unclassified" ], "oneway": false, "reversed": "False", "length": 197.66638812058662, "lanes": null, "name": null, "ref": null, "bridge": null, "maxspeed": null, "tunnel": null, "manual_add_candidate": true, "priority": 1 }, "geometry": { "type": "LineString", "coordinates": [ [ 141.8846067, 43.4246928 ], [ 141.885115, 43.4264317 ] ] } },
{ "type": "Feature", "properties": { "u": 1938412862, "v": 1938412767, "key": 0, "osmid": "183465915", "highway": [ "unclassified" ], "oneway": false, "reversed": "True", "length": 555.91209545253139, "lanes": null, "name": null, "ref": null, "bridge": null, "maxspeed": null, "tunnel": null, "manual_add_candidate": true, "priority": 1 }, "geometry": { "type": "LineString", "coordinates": [ [ 141.9018728, 43.4247542 ], [ 141.905863900000014, 43.4241471 ], [ 141.906531, 43.4240418 ], [ 141.9074966, 43.4238894 ], [ 141.9086058, 43.4237144 ] ] } },
{ "type": "Feature", "properties": { "u": 1938412889, "v": 1938412772, "key": 0, "osmid": "183466069", "highway": [ "unclassified" ], "oneway": false, "reversed": "False", "length": 108.0039468209854, "lanes": null, "name": null, "ref": null, "bridge": null, "maxspeed": null, "tunnel": null, "manual_add_candidate": true, "priority": 1 }, "geometry": { "type": "LineString", "coordinates": [ [ 141.9012117, 43.4248526 ], [ 141.9009397, 43.4239016 ] ] } },
{ "type": "Feature", "properties": { "u": 1938412892, "v": 7618659645, "key": 0, "osmid": "183466124", "highway": [ "unclassified" ], "oneway": false, "reversed": "False", "length": 49.896639328893613, "lanes": null, "name": null, "ref": null, "bridge": null, "maxspeed": null, "tunnel": null, "manual_add_candidate": true, "priority": 1 }, "geometry": { "type": "LineString", "coordinates": [ [ 141.8886154, 43.4249095 ], [ 141.8884969, 43.4244691 ] ] } },
{ "type": "Feature", "properties": { "u": 1938412895, "v": 1938412965, "key": 0, "osmid": "183466029", "highway": [ "unclassified" ], "oneway": false, "reversed": "True", "length": 97.491023291907055, "lanes": null, "name": null, "ref": null, "bridge": null, "maxspeed": null, "tunnel": null, "manual_add_candidate": true, "priority": 1 }, "geometry": { "type": "LineString", "coordinates": [ [ 141.900918, 43.4248958 ], [ 141.9011604, 43.4257547 ] ] } },
{ "type": "Feature", "properties": { "u": 1938412898, "v": 1938412783, "key": 0, "osmid": "183466141", "highway": [ "unclassified" ], "oneway": false, "reversed": "True", "length": 108.39579868802483, "lanes": null, "name": null, "ref": null, "bridge": null, "maxspeed": null, "tunnel": null, "manual_add_candidate": true, "priority": 1 }, "geometry": { "type": "LineString", "coordinates": [ [ 141.90063330000001, 43.4249415 ], [ 141.9003433, 43.4239897 ] ] } },
{ "type": "Feature", "properties": { "u": 1938412902, "v": 1938412984, "key": 0, "osmid": "183466035", "highway": [ "unclassified" ], "oneway": false, "reversed": "True", "length": 112.02134965578507, "lanes": null, "name": null, "ref": null, "bridge": null, "maxspeed": null, "tunnel": null, "manual_add_candidate": true, "priority": 1 }, "geometry": { "type": "LineString", "coordinates": [ [ 141.893865299999987, 43.4249811 ], [ 141.8941959, 43.4259595 ] ] } },
{ "type": "Feature", "properties": { "u": 1938412905, "v": 1938412930, "key": 0, "osmid": "183466125", "highway": [ "unclassified" ], "oneway": false, "reversed": "True", "length": 39.391746375028482, "lanes": null, "name": null, "ref": null, "bridge": null, "maxspeed": null, "tunnel": null, "manual_add_candidate": true, "priority": 1 }, "geometry": { "type": "LineString", "coordinates": [ [ 141.892213700000013, 43.425021 ], [ 141.8924097, 43.4253454 ] ] } },
{ "type": "Feature", "properties": { "u": 1938412905, "v": 1938412914, "key": 0, "osmid": "183466131", "highway": [ "unclassified" ], "oneway": false, "reversed": "True", "length": 23.804071651232881, "lanes": null, "name": null, "ref": null, "bridge": null, "maxspeed": null, "tunnel": null, "manual_add_candidate": true, "priority": 1 }, "geometry": { "type": "LineString", "coordinates": [ [ 141.892213700000013, 43.425021 ], [ 141.8919383, 43.4250973 ] ] } },
{ "type": "Feature", "properties": { "u": 1938412905, "v": 1938412920, "key": 0, "osmid": "183466131", "highway": [ "unclassified" ], "oneway": false, "reversed": "False", "length": 140.28186293394211, "lanes": null, "name": null, "ref": null, "bridge": null, "maxspeed": null, "tunnel": null, "manual_add_candidate": true, "priority": 1 }, "geometry": { "type": "LineString", "coordinates": [ [ 141.892213700000013, 43.425021 ], [ 141.893040899999988, 43.4247791 ], [ 141.893226700000014, 43.4247239 ], [ 141.8932539, 43.4247923 ], [ 141.893362700000012, 43.4251813 ] ] } },
{ "type": "Feature", "properties": { "u": 1938412908, "v": 1938412981, "key": 0, "osmid": "183466096", "highway": [ "unclassified" ], "oneway": false, "reversed": "True", "length": 95.650092926964106, "lanes": null, "name": null, "ref": null, "bridge": null, "maxspeed": null, "tunnel": null, "manual_add_candidate": true, "priority": 1 }, "geometry": { "type": "LineString", "coordinates": [ [ 141.8999674, 43.4250448 ], [ 141.9002188, 43.4258854 ] ] } },
{ "type": "Feature", "properties": { "u": 1938412911, "v": 1938412988, "key": 0, "osmid": "183465921", "highway": [ "unclassified" ], "oneway": false, "reversed": "False", "length": 103.609272180126, "lanes": null, "name": null, "ref": null, "bridge": null, "maxspeed": null, "tunnel": null, "manual_add_candidate": true, "priority": 1 }, "geometry": { "type": "LineString", "coordinates": [ [ 141.8823519, 43.4250536 ], [ 141.882615500000014, 43.4259655 ] ] } },
{ "type": "Feature", "properties": { "u": 1938412911, "v": 6083963827, "key": 0, "osmid": "183465921", "highway": [ "unclassified" ], "oneway": false, "reversed": "True", "length": 48.393920864925747, "lanes": null, "name": null, "ref": null, "bridge": null, "maxspeed": null, "tunnel": null, "manual_add_candidate": true, "priority": 1 }, "geometry": { "type": "LineString", "coordinates": [ [ 141.8823519, 43.4250536 ], [ 141.8822222, 43.4246287 ] ] } },
{ "type": "Feature", "properties": { "u": 1938412914, "v": 1938412905, "key": 0, "osmid": "183466131", "highway": [ "unclassified" ], "oneway": false, "reversed": "False", "length": 23.804071651232881, "lanes": null, "name": null, "ref": null, "bridge": null, "maxspeed": null, "tunnel": null, "manual_add_candidate": true, "priority": 1 }, "geometry": { "type": "LineString", "coordinates": [ [ 141.8919383, 43.4250973 ], [ 141.892213700000013, 43.425021 ] ] } },
{ "type": "Feature", "properties": { "u": 1938412914, "v": 7115929246, "key": 0, "osmid": "183466163", "highway": [ "unclassified" ], "oneway": false, "reversed": "False", "length": 36.482442991737344, "lanes": null, "name": null, "ref": null, "bridge": null, "maxspeed": null, "tunnel": null, "manual_add_candidate": true, "priority": 1 }, "geometry": { "type": "LineString", "coordinates": [ [ 141.8919383, 43.4250973 ], [ 141.8920368, 43.4254175 ] ] } },
{ "type": "Feature", "properties": { "u": 1938412914, "v": 1938412814, "key": 0, "osmid": "183466163", "highway": [ "unclassified" ], "oneway": false, "reversed": "True", "length": 115.39405281930925, "lanes": null, "name": null, "ref": null, "bridge": null, "maxspeed": null, "tunnel": null, "manual_add_candidate": true, "priority": 1 }, "geometry": { "type": "LineString", "coordinates": [ [ 141.8919383, 43.4250973 ], [ 141.8917539, 43.4244152 ], [ 141.8916725, 43.4240777 ] ] } },
{ "type": "Feature", "properties": { "u": 1938412918, "v": 1938412825, "key": 0, "osmid": "183466116", "highway": [ "unclassified" ], "oneway": false, "reversed": "True", "length": 109.16390502426142, "lanes": null, "name": null, "ref": null, "bridge": null, "maxspeed": null, "tunnel": null, "manual_add_candidate": true, "priority": 1 }, "geometry": { "type": "LineString", "coordinates": [ [ 141.899463, 43.4251209 ], [ 141.8991474, 43.4241663 ] ] } },
{ "type": "Feature", "properties": { "u": 1938412920, "v": 1938412930, "key": 0, "osmid": "183465952", "highway": [ "unclassified" ], "oneway": false, "reversed": "True", "length": 79.095765570880715, "lanes": null, "name": null, "ref": null, "bridge": null, "maxspeed": null, "tunnel": null, "manual_add_candidate": true, "priority": 1 }, "geometry": { "type": "LineString", "coordinates": [ [ 141.893362700000012, 43.4251813 ], [ 141.8924097, 43.4253454 ] ] } },
{ "type": "Feature", "properties": { "u": 1938412920, "v": 1938412996, "key": 0, "osmid": "183466009", "highway": [ "unclassified" ], "oneway": false, "reversed": "True", "length": 98.1479013759879, "lanes": null, "name": null, "ref": null, "bridge": null, "maxspeed": null, "tunnel": null, "manual_add_candidate": true, "priority": 1 }, "geometry": { "type": "LineString", "coordinates": [ [ 141.893362700000012, 43.4251813 ], [ 141.8936053, 43.4260462 ] ] } },
{ "type": "Feature", "properties": { "u": 1938412920, "v": 1938412905, "key": 0, "osmid": "183466131", "highway": [ "unclassified" ], "oneway": false, "reversed": "True", "length": 140.28186293394208, "lanes": null, "name": null, "ref": null, "bridge": null, "maxspeed": null, "tunnel": null, "manual_add_candidate": true, "priority": 1 }, "geometry": { "type": "LineString", "coordinates": [ [ 141.893362700000012, 43.4251813 ], [ 141.8932539, 43.4247923 ], [ 141.893226700000014, 43.4247239 ], [ 141.893040899999988, 43.4247791 ], [ 141.892213700000013, 43.425021 ] ] } },
{ "type": "Feature", "properties": { "u": 1938412924, "v": 1938412953, "key": 0, "osmid": "183466148", "highway": [ "unclassified" ], "oneway": false, "reversed": "False", "length": 54.019068294794764, "lanes": null, "name": null, "ref": null, "bridge": null, "maxspeed": null, "tunnel": null, "manual_add_candidate": true, "priority": 1 }, "geometry": { "type": "LineString", "coordinates": [ [ 141.8989997, 43.4251919 ], [ 141.8990629, 43.4255345 ], [ 141.899067699999989, 43.4256746 ] ] } },
{ "type": "Feature", "properties": { "u": 1938412927, "v": 1938412834, "key": 0, "osmid": "183466171", "highway": [ "unclassified" ], "oneway": false, "reversed": "True", "length": 109.7295423434622, "lanes": null, "name": null, "ref": null, "bridge": null, "maxspeed": null, "tunnel": null, "manual_add_candidate": true, "priority": 1 }, "geometry": { "type": "LineString", "coordinates": [ [ 141.898794, 43.4252253 ], [ 141.898498499999988, 43.4242621 ] ] } },
{ "type": "Feature", "properties": { "u": 1938412930, "v": 1938412920, "key": 0, "osmid": "183465952", "highway": [ "unclassified" ], "oneway": false, "reversed": "False", "length": 79.095765570880715, "lanes": null, "name": null, "ref": null, "bridge": null, "maxspeed": null, "tunnel": null, "manual_add_candidate": true, "priority": 1 }, "geometry": { "type": "LineString", "coordinates": [ [ 141.8924097, 43.4253454 ], [ 141.893362700000012, 43.4251813 ] ] } },
{ "type": "Feature", "properties": { "u": 1938412930, "v": 1938412905, "key": 0, "osmid": "183466125", "highway": [ "unclassified" ], "oneway": false, "reversed": "False", "length": 39.391746375028482, "lanes": null, "name": null, "ref": null, "bridge": null, "maxspeed": null, "tunnel": null, "manual_add_candidate": true, "priority": 1 }, "geometry": { "type": "LineString", "coordinates": [ [ 141.8924097, 43.4253454 ], [ 141.892213700000013, 43.425021 ] ] } },
{ "type": "Feature", "properties": { "u": 1938412930, "v": 1938413014, "key": 0, "osmid": "183466125", "highway": [ "unclassified" ], "oneway": false, "reversed": "True", "length": 97.51376604216442, "lanes": null, "name": null, "ref": null, "bridge": null, "maxspeed": null, "tunnel": null, "manual_add_candidate": true, "priority": 1 }, "geometry": { "type": "LineString", "coordinates": [ [ 141.8924097, 43.4253454 ], [ 141.8928678, 43.4261568 ] ] } },
{ "type": "Feature", "properties": { "u": 1938412930, "v": 7115929246, "key": 0, "osmid": "761619623", "highway": [ "unclassified" ], "oneway": false, "reversed": "True", "length": 31.163445977407381, "lanes": null, "name": null, "ref": null, "bridge": null, "maxspeed": null, "tunnel": null, "manual_add_candidate": true, "priority": 1 }, "geometry": { "type": "LineString", "coordinates": [ [ 141.8924097, 43.4253454 ], [ 141.8920368, 43.4254175 ] ] } },
{ "type": "Feature", "properties": { "u": 1938412935, "v": 1938412975, "key": 0, "osmid": "183466076", "highway": [ "unclassified" ], "oneway": false, "reversed": "True", "length": 52.209338472639345, "lanes": null, "name": null, "ref": null, "bridge": null, "maxspeed": null, "tunnel": null, "manual_add_candidate": true, "priority": 1 }, "geometry": { "type": "LineString", "coordinates": [ [ 141.8979109, 43.4253695 ], [ 141.8980545, 43.4258273 ] ] } },
{ "type": "Feature", "properties": { "u": 1938412936, "v": 1938413036, "key": 0, "osmid": "435245797", "highway": [ "unclassified" ], "oneway": false, "reversed": "True", "length": 94.176696232433144, "lanes": null, "name": null, "ref": null, "bridge": null, "maxspeed": null, "tunnel": null, "manual_add_candidate": true, "priority": 1 }, "geometry": { "type": "LineString", "coordinates": [ [ 141.8969248, 43.4255249 ], [ 141.8971623, 43.4263541 ] ] } },
{ "type": "Feature", "properties": { "u": 1938412953, "v": 1938412975, "key": 0, "osmid": "183466008", "highway": [ "unclassified" ], "oneway": false, "reversed": "True", "length": 83.566356501118221, "lanes": null, "name": null, "ref": null, "bridge": null, "maxspeed": null, "tunnel": null, "manual_add_candidate": true, "priority": 1 }, "geometry": { "type": "LineString", "coordinates": [ [ 141.899067699999989, 43.4256746 ], [ 141.8980545, 43.4258273 ] ] } },
{ "type": "Feature", "properties": { "u": 1938412953, "v": 1938412999, "key": 0, "osmid": "183466148", "highway": [ "unclassified" ], "oneway": false, "reversed": "False", "length": 43.366672165261015, "lanes": null, "name": null, "ref": null, "bridge": null, "maxspeed": null, "tunnel": null, "manual_add_candidate": true, "priority": 1 }, "geometry": { "type": "LineString", "coordinates": [ [ 141.899067699999989, 43.4256746 ], [ 141.899064900000013, 43.4260646 ] ] } },
{ "type": "Feature", "properties": { "u": 1938412953, "v": 1938412924, "key": 0, "osmid": "183466148", "highway": [ "unclassified" ], "oneway": false, "reversed": "True", "length": 54.019068294794764, "lanes": null, "name": null, "ref": null, "bridge": null, "maxspeed": null, "tunnel": null, "manual_add_candidate": true, "priority": 1 }, "geometry": { "type": "LineString", "coordinates": [ [ 141.899067699999989, 43.4256746 ], [ 141.8990629, 43.4255345 ], [ 141.8989997, 43.4251919 ] ] } },
{ "type": "Feature", "properties": { "u": 1938412959, "v": 1938412988, "key": 0, "osmid": "183466086", "highway": [ "unclassified" ], "oneway": false, "reversed": "True", "length": 132.18189447711376, "lanes": null, "name": null, "ref": null, "bridge": null, "maxspeed": null, "tunnel": null, "manual_add_candidate": true, "priority": 1 }, "geometry": { "type": "LineString", "coordinates": [ [ 141.884214, 43.4257099 ], [ 141.882615500000014, 43.4259655 ] ] } },
{ "type": "Feature", "properties": { "u": 1938412965, "v": 1938412969, "key": 0, "osmid": "183465903", "highway": [ "unclassified" ], "oneway": false, "reversed": "True", "length": 30.751767609972941, "lanes": null, "name": null, "ref": null, "bridge": null, "maxspeed": null, "tunnel": null, "manual_add_candidate": true, "priority": 1 }, "geometry": { "type": "LineString", "coordinates": [ [ 141.9011604, 43.4257547 ], [ 141.9007868, 43.4258082 ] ] } },
{ "type": "Feature", "properties": { "u": 1938412965, "v": 1938412895, "key": 0, "osmid": "183466029", "highway": [ "unclassified" ], "oneway": false, "reversed": "False", "length": 97.491023291907055, "lanes": null, "name": null, "ref": null, "bridge": null, "maxspeed": null, "tunnel": null, "manual_add_candidate": true, "priority": 1 }, "geometry": { "type": "LineString", "coordinates": [ [ 141.9011604, 43.4257547 ], [ 141.900918, 43.4248958 ] ] } },
{ "type": "Feature", "properties": { "u": 1938412965, "v": 1938412991, "key": 0, "osmid": "183465903", "highway": [ "unclassified" ], "oneway": false, "reversed": "False", "length": 45.977411682465842, "lanes": null, "name": null, "ref": null, "bridge": null, "maxspeed": null, "tunnel": null, "manual_add_candidate": true, "priority": 1 }, "geometry": { "type": "LineString", "coordinates": [ [ 141.9011604, 43.4257547 ], [ 141.901360899999986, 43.4257273 ], [ 141.90145, 43.4259846 ] ] } },
{ "type": "Feature", "properties": { "u": 1938412969, "v": 1938412965, "key": 0, "osmid": "183465903", "highway": [ "unclassified" ], "oneway": false, "reversed": "False", "length": 30.751767609972941, "lanes": null, "name": null, "ref": null, "bridge": null, "maxspeed": null, "tunnel": null, "manual_add_candidate": true, "priority": 1 }, "geometry": { "type": "LineString", "coordinates": [ [ 141.9007868, 43.4258082 ], [ 141.9011604, 43.4257547 ] ] } },
{ "type": "Feature", "properties": { "u": 1938412969, "v": 1938412981, "key": 0, "osmid": "183465903", "highway": [ "unclassified" ], "oneway": false, "reversed": "True", "length": 46.666339490561953, "lanes": null, "name": null, "ref": null, "bridge": null, "maxspeed": null, "tunnel": null, "manual_add_candidate": true, "priority": 1 }, "geometry": { "type": "LineString", "coordinates": [ [ 141.9007868, 43.4258082 ], [ 141.9002188, 43.4258854 ] ] } },
{ "type": "Feature", "properties": { "u": 1938412969, "v": 1938413050, "key": 0, "osmid": "183465968", "highway": [ "unclassified" ], "oneway": false, "reversed": "True", "length": 89.0299976028152, "lanes": null, "name": null, "ref": null, "bridge": null, "maxspeed": null, "tunnel": null, "manual_add_candidate": true, "priority": 1 }, "geometry": { "type": "LineString", "coordinates": [ [ 141.9007868, 43.4258082 ], [ 141.9010203, 43.4265907 ] ] } },
{ "type": "Feature", "properties": { "u": 1938412972, "v": 7115929360, "key": 0, "osmid": "183466178", "highway": [ "unclassified" ], "oneway": false, "reversed": "False", "length": 256.9577270362671, "lanes": null, "name": null, "ref": null, "bridge": null, "maxspeed": null, "tunnel": null, "manual_add_candidate": true, "priority": 1 }, "geometry": { "type": "LineString", "coordinates": [ [ 141.8950633, 43.4258276 ], [ 141.894389100000012, 43.4235692 ] ] } },
{ "type": "Feature", "properties": { "u": 1938412972, "v": 1938413174, "key": 0, "osmid": "183466178", "highway": [ "unclassified" ], "oneway": false, "reversed": "True", "length": 278.72488359799206, "lanes": null, "name": null, "ref": null, "bridge": null, "maxspeed": null, "tunnel": null, "manual_add_candidate": true, "priority": 1 }, "geometry": { "type": "LineString", "coordinates": [ [ 141.8950633, 43.4258276 ], [ 141.8958538, 43.4282676 ] ] } },
{ "type": "Feature", "properties": { "u": 1938412975, "v": 1938412953, "key": 0, "osmid": "183466008", "highway": [ "unclassified" ], "oneway": false, "reversed": "False", "length": 83.566356501118221, "lanes": null, "name": null, "ref": null, "bridge": null, "maxspeed": null, "tunnel": null, "manual_add_candidate": true, "priority": 1 }, "geometry": { "type": "LineString", "coordinates": [ [ 141.8980545, 43.4258273 ], [ 141.899067699999989, 43.4256746 ] ] } },
{ "type": "Feature", "properties": { "u": 1938412975, "v": 1938412935, "key": 0, "osmid": "183466076", "highway": [ "unclassified" ], "oneway": false, "reversed": "False", "length": 52.209338472639345, "lanes": null, "name": null, "ref": null, "bridge": null, "maxspeed": null, "tunnel": null, "manual_add_candidate": true, "priority": 1 }, "geometry": { "type": "LineString", "coordinates": [ [ 141.8980545, 43.4258273 ], [ 141.8979109, 43.4253695 ] ] } },
{ "type": "Feature", "properties": { "u": 1938412975, "v": 1938413017, "key": 0, "osmid": "183466076", "highway": [ "unclassified" ], "oneway": false, "reversed": "True", "length": 41.988197158717689, "lanes": null, "name": null, "ref": null, "bridge": null, "maxspeed": null, "tunnel": null, "manual_add_candidate": true, "priority": 1 }, "geometry": { "type": "LineString", "coordinates": [ [ 141.8980545, 43.4258273 ], [ 141.8981535, 43.426198 ] ] } },
{ "type": "Feature", "properties": { "u": 1938412978, "v": 1938412991, "key": 0, "osmid": "183465971", "highway": [ "unclassified" ], "oneway": false, "reversed": "True", "length": 61.114228049661222, "lanes": null, "name": null, "ref": null, "bridge": null, "maxspeed": null, "tunnel": null, "manual_add_candidate": true, "priority": 1 }, "geometry": { "type": "LineString", "coordinates": [ [ 141.902188200000012, 43.4258636 ], [ 141.90145, 43.4259846 ] ] } },
{ "type": "Feature", "properties": { "u": 1938412981, "v": 1938412969, "key": 0, "osmid": "183465903", "highway": [ "unclassified" ], "oneway": false, "reversed": "False", "length": 46.666339490561953, "lanes": null, "name": null, "ref": null, "bridge": null, "maxspeed": null, "tunnel": null, "manual_add_candidate": true, "priority": 1 }, "geometry": { "type": "LineString", "coordinates": [ [ 141.9002188, 43.4258854 ], [ 141.9007868, 43.4258082 ] ] } },
{ "type": "Feature", "properties": { "u": 1938412981, "v": 1938412998, "key": 0, "osmid": "183465903", "highway": [ "unclassified" ], "oneway": false, "reversed": "True", "length": 89.964287527947036, "lanes": null, "name": null, "ref": null, "bridge": null, "maxspeed": null, "tunnel": null, "manual_add_candidate": true, "priority": 1 }, "geometry": { "type": "LineString", "coordinates": [ [ 141.9002188, 43.4258854 ], [ 141.8991284, 43.4260511 ] ] } },
{ "type": "Feature", "properties": { "u": 1938412981, "v": 1938412908, "key": 0, "osmid": "183466096", "highway": [ "unclassified" ], "oneway": false, "reversed": "False", "length": 95.650092926964106, "lanes": null, "name": null, "ref": null, "bridge": null, "maxspeed": null, "tunnel": null, "manual_add_candidate": true, "priority": 1 }, "geometry": { "type": "LineString", "coordinates": [ [ 141.9002188, 43.4258854 ], [ 141.8999674, 43.4250448 ] ] } },
{ "type": "Feature", "properties": { "u": 1938412981, "v": 1938413057, "key": 0, "osmid": "183466096", "highway": [ "unclassified" ], "oneway": false, "reversed": "True", "length": 89.437156889883553, "lanes": null, "name": null, "ref": null, "bridge": null, "maxspeed": null, "tunnel": null, "manual_add_candidate": true, "priority": 1 }, "geometry": { "type": "LineString", "coordinates": [ [ 141.9002188, 43.4258854 ], [ 141.9004545, 43.4266713 ] ] } },
{ "type": "Feature", "properties": { "u": 1938412984, "v": 1938412902, "key": 0, "osmid": "183466035", "highway": [ "unclassified" ], "oneway": false, "reversed": "False", "length": 112.02134965578507, "lanes": null, "name": null, "ref": null, "bridge": null, "maxspeed": null, "tunnel": null, "manual_add_candidate": true, "priority": 1 }, "geometry": { "type": "LineString", "coordinates": [ [ 141.8941959, 43.4259595 ], [ 141.893865299999987, 43.4249811 ] ] } },
{ "type": "Feature", "properties": { "u": 1938412988, "v": 1938413039, "key": 0, "osmid": "183465921", "highway": [ "unclassified" ], "oneway": false, "reversed": "False", "length": 46.303459066818952, "lanes": null, "name": null, "ref": null, "bridge": null, "maxspeed": null, "tunnel": null, "manual_add_candidate": true, "priority": 1 }, "geometry": { "type": "LineString", "coordinates": [ [ 141.882615500000014, 43.4259655 ], [ 141.8827322, 43.4263732 ] ] } },
{ "type": "Feature", "properties": { "u": 1938412988, "v": 1938412911, "key": 0, "osmid": "183465921", "highway": [ "unclassified" ], "oneway": false, "reversed": "True", "length": 103.609272180126, "lanes": null, "name": null, "ref": null, "bridge": null, "maxspeed": null, "tunnel": null, "manual_add_candidate": true, "priority": 1 }, "geometry": { "type": "LineString", "coordinates": [ [ 141.882615500000014, 43.4259655 ], [ 141.8823519, 43.4250536 ] ] } },
{ "type": "Feature", "properties": { "u": 1938412988, "v": 1938412959, "key": 0, "osmid": "183466086", "highway": [ "unclassified" ], "oneway": false, "reversed": "False", "length": 132.18189447711376, "lanes": null, "name": null, "ref": null, "bridge": null, "maxspeed": null, "tunnel": null, "manual_add_candidate": true, "priority": 1 }, "geometry": { "type": "LineString", "coordinates": [ [ 141.882615500000014, 43.4259655 ], [ 141.884214, 43.4257099 ] ] } },
{ "type": "Feature", "properties": { "u": 1938412988, "v": 1938413024, "key": 0, "osmid": "183466086", "highway": [ "unclassified" ], "oneway": false, "reversed": "True", "length": 146.82217684906487, "lanes": null, "name": null, "ref": null, "bridge": null, "maxspeed": null, "tunnel": null, "manual_add_candidate": true, "priority": 1 }, "geometry": { "type": "LineString", "coordinates": [ [ 141.882615500000014, 43.4259655 ], [ 141.8808372, 43.4262402 ] ] } },
{ "type": "Feature", "properties": { "u": 1938412991, "v": 1938412978, "key": 0, "osmid": "183465971", "highway": [ "unclassified" ], "oneway": false, "reversed": "False", "length": 61.114228049661222, "lanes": null, "name": null, "ref": null, "bridge": null, "maxspeed": null, "tunnel": null, "manual_add_candidate": true, "priority": 1 }, "geometry": { "type": "LineString", "coordinates": [ [ 141.90145, 43.4259846 ], [ 141.902188200000012, 43.4258636 ] ] } },
{ "type": "Feature", "properties": { "u": 1938412991, "v": 1938413050, "key": 0, "osmid": [ 435245796, 183465903 ], "highway": [ "unclassified" ], "oneway": false, "reversed": [ false, true ], "length": 105.82831460925667, "lanes": null, "name": null, "ref": null, "bridge": null, "maxspeed": null, "tunnel": null, "manual_add_candidate": true, "priority": 1 }, "geometry": { "type": "LineString", "coordinates": [ [ 141.90145, 43.4259846 ], [ 141.9015801, 43.4265143 ], [ 141.9010203, 43.4265907 ] ] } },
{ "type": "Feature", "properties": { "u": 1938412991, "v": 1938412965, "key": 0, "osmid": "183465903", "highway": [ "unclassified" ], "oneway": false, "reversed": "True", "length": 45.977411682465842, "lanes": null, "name": null, "ref": null, "bridge": null, "maxspeed": null, "tunnel": null, "manual_add_candidate": true, "priority": 1 }, "geometry": { "type": "LineString", "coordinates": [ [ 141.90145, 43.4259846 ], [ 141.901360899999986, 43.4257273 ], [ 141.9011604, 43.4257547 ] ] } },
{ "type": "Feature", "properties": { "u": 1938412996, "v": 1938412920, "key": 0, "osmid": "183466009", "highway": [ "unclassified" ], "oneway": false, "reversed": "False", "length": 98.1479013759879, "lanes": null, "name": null, "ref": null, "bridge": null, "maxspeed": null, "tunnel": null, "manual_add_candidate": true, "priority": 1 }, "geometry": { "type": "LineString", "coordinates": [ [ 141.8936053, 43.4260462 ], [ 141.893362700000012, 43.4251813 ] ] } },
{ "type": "Feature", "properties": { "u": 1938412998, "v": 1938412981, "key": 0, "osmid": "183465903", "highway": [ "unclassified" ], "oneway": false, "reversed": "False", "length": 89.964287527947036, "lanes": null, "name": null, "ref": null, "bridge": null, "maxspeed": null, "tunnel": null, "manual_add_candidate": true, "priority": 1 }, "geometry": { "type": "LineString", "coordinates": [ [ 141.8991284, 43.4260511 ], [ 141.9002188, 43.4258854 ] ] } },
{ "type": "Feature", "properties": { "u": 1938412998, "v": 1938412999, "key": 0, "osmid": "183465903", "highway": [ "unclassified" ], "oneway": false, "reversed": "True", "length": 5.3432530615540212, "lanes": null, "name": null, "ref": null, "bridge": null, "maxspeed": null, "tunnel": null, "manual_add_candidate": true, "priority": 1 }, "geometry": { "type": "LineString", "coordinates": [ [ 141.8991284, 43.4260511 ], [ 141.899064900000013, 43.4260646 ] ] } },
{ "type": "Feature", "properties": { "u": 1938412998, "v": 1938413083, "key": 0, "osmid": "183465964", "highway": [ "unclassified" ], "oneway": false, "reversed": "True", "length": 88.069060460554681, "lanes": null, "name": null, "ref": null, "bridge": null, "maxspeed": null, "tunnel": null, "manual_add_candidate": true, "priority": 1 }, "geometry": { "type": "LineString", "coordinates": [ [ 141.8991284, 43.4260511 ], [ 141.8993384, 43.4268283 ] ] } },
{ "type": "Feature", "properties": { "u": 1938412999, "v": 1938412998, "key": 0, "osmid": "183465903", "highway": [ "unclassified" ], "oneway": false, "reversed": "False", "length": 5.3432530615540212, "lanes": null, "name": null, "ref": null, "bridge": null, "maxspeed": null, "tunnel": null, "manual_add_candidate": true, "priority": 1 }, "geometry": { "type": "LineString", "coordinates": [ [ 141.899064900000013, 43.4260646 ], [ 141.8991284, 43.4260511 ] ] } },
{ "type": "Feature", "properties": { "u": 1938412999, "v": 1938413017, "key": 0, "osmid": "183465903", "highway": [ "unclassified" ], "oneway": false, "reversed": "True", "length": 75.08149829766613, "lanes": null, "name": null, "ref": null, "bridge": null, "maxspeed": null, "tunnel": null, "manual_add_candidate": true, "priority": 1 }, "geometry": { "type": "LineString", "coordinates": [ [ 141.899064900000013, 43.4260646 ], [ 141.8981535, 43.426198 ] ] } },
{ "type": "Feature", "properties": { "u": 1938412999, "v": 1938412953, "key": 0, "osmid": "183466148", "highway": [ "unclassified" ], "oneway": false, "reversed": "True", "length": 43.366672165261015, "lanes": null, "name": null, "ref": null, "bridge": null, "maxspeed": null, "tunnel": null, "manual_add_candidate": true, "priority": 1 }, "geometry": { "type": "LineString", "coordinates": [ [ 141.899064900000013, 43.4260646 ], [ 141.899067699999989, 43.4256746 ] ] } },
{ "type": "Feature", "properties": { "u": 1938413011, "v": 1938413097, "key": 0, "osmid": "183465899", "highway": [ "unclassified" ], "oneway": false, "reversed": "False", "length": 101.82495032020917, "lanes": null, "name": null, "ref": null, "bridge": null, "maxspeed": null, "tunnel": null, "manual_add_candidate": true, "priority": 1 }, "geometry": { "type": "LineString", "coordinates": [ [ 141.887128100000012, 43.4261161 ], [ 141.8873993, 43.4270104 ] ] } },
{ "type": "Feature", "properties": { "u": 1938413011, "v": 1938412838, "key": 0, "osmid": "183465899", "highway": [ "unclassified" ], "oneway": false, "reversed": "True", "length": 199.71815286111556, "lanes": null, "name": null, "ref": null, "bridge": null, "maxspeed": null, "tunnel": null, "manual_add_candidate": true, "priority": 1 }, "geometry": { "type": "LineString", "coordinates": [ [ 141.887128100000012, 43.4261161 ], [ 141.8866327, 43.4243564 ] ] } },
{ "type": "Feature", "properties": { "u": 1938413011, "v": 3010041356, "key": 0, "osmid": "183466209", "highway": [ "unclassified" ], "oneway": false, "reversed": "False", "length": 64.909475085018855, "lanes": null, "name": null, "ref": null, "bridge": null, "maxspeed": null, "tunnel": null, "manual_add_candidate": true, "priority": 1 }, "geometry": { "type": "LineString", "coordinates": [ [ 141.887128100000012, 43.4261161 ], [ 141.8879131, 43.4259907 ] ] } },
{ "type": "Feature", "properties": { "u": 1938413011, "v": 1938413021, "key": 0, "osmid": "183466209", "highway": [ "unclassified" ], "oneway": false, "reversed": "True", "length": 58.678208250787549, "lanes": null, "name": null, "ref": null, "bridge": null, "maxspeed": null, "tunnel": null, "manual_add_candidate": true, "priority": 1 }, "geometry": { "type": "LineString", "coordinates": [ [ 141.887128100000012, 43.4261161 ], [ 141.8864185, 43.4262296 ] ] } },
{ "type": "Feature", "properties": { "u": 1938413014, "v": 1938412930, "key": 0, "osmid": "183466125", "highway": [ "unclassified" ], "oneway": false, "reversed": "False", "length": 97.51376604216442, "lanes": null, "name": null, "ref": null, "bridge": null, "maxspeed": null, "tunnel": null, "manual_add_candidate": true, "priority": 1 }, "geometry": { "type": "LineString", "coordinates": [ [ 141.8928678, 43.4261568 ], [ 141.8924097, 43.4253454 ] ] } },
{ "type": "Feature", "properties": { "u": 1938413017, "v": 1938412999, "key": 0, "osmid": "183465903", "highway": [ "unclassified" ], "oneway": false, "reversed": "False", "length": 75.08149829766613, "lanes": null, "name": null, "ref": null, "bridge": null, "maxspeed": null, "tunnel": null, "manual_add_candidate": true, "priority": 1 }, "geometry": { "type": "LineString", "coordinates": [ [ 141.8981535, 43.426198 ], [ 141.899064900000013, 43.4260646 ] ] } },
{ "type": "Feature", "properties": { "u": 1938413017, "v": 1938413027, "key": 0, "osmid": "183465903", "highway": [ "unclassified" ], "oneway": false, "reversed": "True", "length": 22.829729908663143, "lanes": null, "name": null, "ref": null, "bridge": null, "maxspeed": null, "tunnel": null, "manual_add_candidate": true, "priority": 1 }, "geometry": { "type": "LineString", "coordinates": [ [ 141.8981535, 43.426198 ], [ 141.8978778, 43.4262434 ] ] } },
{ "type": "Feature", "properties": { "u": 1938413017, "v": 1938412975, "key": 0, "osmid": "183466076", "highway": [ "unclassified" ], "oneway": false, "reversed": "False", "length": 41.988197158717689, "lanes": null, "name": null, "ref": null, "bridge": null, "maxspeed": null, "tunnel": null, "manual_add_candidate": true, "priority": 1 }, "geometry": { "type": "LineString", "coordinates": [ [ 141.8981535, 43.426198 ], [ 141.8980545, 43.4258273 ] ] } },
{ "type": "Feature", "properties": { "u": 1938413021, "v": 1938413011, "key": 0, "osmid": "183466209", "highway": [ "unclassified" ], "oneway": false, "reversed": "False", "length": 58.678208250787549, "lanes": null, "name": null, "ref": null, "bridge": null, "maxspeed": null, "tunnel": null, "manual_add_candidate": true, "priority": 1 }, "geometry": { "type": "LineString", "coordinates": [ [ 141.8864185, 43.4262296 ], [ 141.887128100000012, 43.4261161 ] ] } },
{ "type": "Feature", "properties": { "u": 1938413021, "v": 1938413033, "key": 0, "osmid": "183466209", "highway": [ "unclassified" ], "oneway": false, "reversed": "True", "length": 53.598822645276535, "lanes": null, "name": null, "ref": null, "bridge": null, "maxspeed": null, "tunnel": null, "manual_add_candidate": true, "priority": 1 }, "geometry": { "type": "LineString", "coordinates": [ [ 141.8864185, 43.4262296 ], [ 141.88577, 43.4263322 ] ] } },
{ "type": "Feature", "properties": { "u": 1938413021, "v": 1938413105, "key": 0, "osmid": "183466227", "highway": [ "unclassified" ], "oneway": false, "reversed": "False", "length": 101.34224503375214, "lanes": null, "name": null, "ref": null, "bridge": null, "maxspeed": null, "tunnel": null, "manual_add_candidate": true, "priority": 1 }, "geometry": { "type": "LineString", "coordinates": [ [ 141.8864185, 43.4262296 ], [ 141.8866799, 43.427121 ] ] } },
{ "type": "Feature", "properties": { "u": 1938413021, "v": 1938412841, "key": 0, "osmid": "183466227", "highway": [ "unclassified" ], "oneway": false, "reversed": "True", "length": 200.04607105732967, "lanes": null, "name": null, "ref": null, "bridge": null, "maxspeed": null, "tunnel": null, "manual_add_candidate": true, "priority": 1 }, "geometry": { "type": "LineString", "coordinates": [ [ 141.8864185, 43.4262296 ], [ 141.885917, 43.4244678 ] ] } },
{ "type": "Feature", "properties": { "u": 1938413024, "v": 1938412988, "key": 0, "osmid": "183466086", "highway": [ "unclassified" ], "oneway": false, "reversed": "False", "length": 146.82217684906487, "lanes": null, "name": null, "ref": null, "bridge": null, "maxspeed": null, "tunnel": null, "manual_add_candidate": true, "priority": 1 }, "geometry": { "type": "LineString", "coordinates": [ [ 141.8808372, 43.4262402 ], [ 141.882615500000014, 43.4259655 ] ] } },
{ "type": "Feature", "properties": { "u": 1938413027, "v": 1938413017, "key": 0, "osmid": "183465903", "highway": [ "unclassified" ], "oneway": false, "reversed": "False", "length": 22.829729908663143, "lanes": null, "name": null, "ref": null, "bridge": null, "maxspeed": null, "tunnel": null, "manual_add_candidate": true, "priority": 1 }, "geometry": { "type": "LineString", "coordinates": [ [ 141.8978778, 43.4262434 ], [ 141.8981535, 43.426198 ] ] } },
{ "type": "Feature", "properties": { "u": 1938413027, "v": 1938413036, "key": 0, "osmid": "183465903", "highway": [ "unclassified" ], "oneway": false, "reversed": "True", "length": 59.077837327841685, "lanes": null, "name": null, "ref": null, "bridge": null, "maxspeed": null, "tunnel": null, "manual_add_candidate": true, "priority": 1 }, "geometry": { "type": "LineString", "coordinates": [ [ 141.8978778, 43.4262434 ], [ 141.8971623, 43.4263541 ] ] } },
{ "type": "Feature", "properties": { "u": 1938413027, "v": 1938413100, "key": 0, "osmid": "183466021", "highway": [ "unclassified" ], "oneway": false, "reversed": "True", "length": 88.120330410650197, "lanes": null, "name": null, "ref": null, "bridge": null, "maxspeed": null, "tunnel": null, "manual_add_candidate": true, "priority": 1 }, "geometry": { "type": "LineString", "coordinates": [ [ 141.8978778, 43.4262434 ], [ 141.8981121, 43.4270174 ] ] } },
{ "type": "Feature", "properties": { "u": 1938413029, "v": 7115929246, "key": 0, "osmid": "183466163", "highway": [ "unclassified" ], "oneway": false, "reversed": "True", "length": 94.984567038838904, "lanes": null, "name": null, "ref": null, "bridge": null, "maxspeed": null, "tunnel": null, "manual_add_candidate": true, "priority": 1 }, "geometry": { "type": "LineString", "coordinates": [ [ 141.8922784, 43.4262535 ], [ 141.8920368, 43.4254175 ] ] } },
{ "type": "Feature", "properties": { "u": 1938413033, "v": 1938412845, "key": 0, "osmid": "183466071", "highway": [ "unclassified" ], "oneway": false, "reversed": "False", "length": 199.92718270416316, "lanes": null, "name": null, "ref": null, "bridge": null, "maxspeed": null, "tunnel": null, "manual_add_candidate": true, "priority": 1 }, "geometry": { "type": "LineString", "coordinates": [ [ 141.88577, 43.4263322 ], [ 141.885247600000014, 43.4245747 ] ] } },
{ "type": "Feature", "properties": { "u": 1938413033, "v": 1938413111, "key": 0, "osmid": "183466071", "highway": [ "unclassified" ], "oneway": false, "reversed": "True", "length": 100.71727974079539, "lanes": null, "name": null, "ref": null, "bridge": null, "maxspeed": null, "tunnel": null, "manual_add_candidate": true, "priority": 1 }, "geometry": { "type": "LineString", "coordinates": [ [ 141.88577, 43.4263322 ], [ 141.886041799999987, 43.4272162 ] ] } },
{ "type": "Feature", "properties": { "u": 1938413033, "v": 1938413021, "key": 0, "osmid": "183466209", "highway": [ "unclassified" ], "oneway": false, "reversed": "False", "length": 53.598822645276535, "lanes": null, "name": null, "ref": null, "bridge": null, "maxspeed": null, "tunnel": null, "manual_add_candidate": true, "priority": 1 }, "geometry": { "type": "LineString", "coordinates": [ [ 141.88577, 43.4263322 ], [ 141.8864185, 43.4262296 ] ] } },
{ "type": "Feature", "properties": { "u": 1938413033, "v": 1938413042, "key": 0, "osmid": "183466209", "highway": [ "unclassified" ], "oneway": false, "reversed": "True", "length": 54.040114936418163, "lanes": null, "name": null, "ref": null, "bridge": null, "maxspeed": null, "tunnel": null, "manual_add_candidate": true, "priority": 1 }, "geometry": { "type": "LineString", "coordinates": [ [ 141.88577, 43.4263322 ], [ 141.885115, 43.4264317 ] ] } },
{ "type": "Feature", "properties": { "u": 1938413036, "v": 1938413027, "key": 0, "osmid": "183465903", "highway": [ "unclassified" ], "oneway": false, "reversed": "False", "length": 59.077837327841685, "lanes": null, "name": null, "ref": null, "bridge": null, "maxspeed": null, "tunnel": null, "manual_add_candidate": true, "priority": 1 }, "geometry": { "type": "LineString", "coordinates": [ [ 141.8971623, 43.4263541 ], [ 141.8978778, 43.4262434 ] ] } },
{ "type": "Feature", "properties": { "u": 1938413036, "v": 1938412936, "key": 0, "osmid": "435245797", "highway": [ "unclassified" ], "oneway": false, "reversed": "False", "length": 94.176696232433144, "lanes": null, "name": null, "ref": null, "bridge": null, "maxspeed": null, "tunnel": null, "manual_add_candidate": true, "priority": 1 }, "geometry": { "type": "LineString", "coordinates": [ [ 141.8971623, 43.4263541 ], [ 141.8969248, 43.4255249 ] ] } },
{ "type": "Feature", "properties": { "u": 1938413036, "v": 1938413059, "key": 0, "osmid": "435245797", "highway": [ "unclassified" ], "oneway": false, "reversed": "True", "length": 43.34716538239072, "lanes": null, "name": null, "ref": null, "bridge": null, "maxspeed": null, "tunnel": null, "manual_add_candidate": true, "priority": 1 }, "geometry": { "type": "LineString", "coordinates": [ [ 141.8971623, 43.4263541 ], [ 141.8972659, 43.4267366 ] ] } },
{ "type": "Feature", "properties": { "u": 1938413039, "v": 1938413061, "key": 0, "osmid": "183465921", "highway": [ "unclassified" ], "oneway": false, "reversed": "False", "length": 47.8700124248655, "lanes": null, "name": null, "ref": null, "bridge": null, "maxspeed": null, "tunnel": null, "manual_add_candidate": true, "priority": 1 }, "geometry": { "type": "LineString", "coordinates": [ [ 141.8827322, 43.4263732 ], [ 141.8828605, 43.4267935 ] ] } },
{ "type": "Feature", "properties": { "u": 1938413039, "v": 1938412988, "key": 0, "osmid": "183465921", "highway": [ "unclassified" ], "oneway": false, "reversed": "True", "length": 46.303459066818952, "lanes": null, "name": null, "ref": null, "bridge": null, "maxspeed": null, "tunnel": null, "manual_add_candidate": true, "priority": 1 }, "geometry": { "type": "LineString", "coordinates": [ [ 141.8827322, 43.4263732 ], [ 141.882615500000014, 43.4259655 ] ] } },
{ "type": "Feature", "properties": { "u": 1938413039, "v": 1938413055, "key": 0, "osmid": "183465942", "highway": [ "unclassified" ], "oneway": false, "reversed": "True", "length": 147.35296120639765, "lanes": null, "name": null, "ref": null, "bridge": null, "maxspeed": null, "tunnel": null, "manual_add_candidate": true, "priority": 1 }, "geometry": { "type": "LineString", "coordinates": [ [ 141.8827322, 43.4263732 ], [ 141.8809499, 43.4266571 ] ] } },
{ "type": "Feature", "properties": { "u": 1938413042, "v": 1938413118, "key": 0, "osmid": "183466101", "highway": [ "unclassified" ], "oneway": false, "reversed": "False", "length": 100.81113017725026, "lanes": null, "name": null, "ref": null, "bridge": null, "maxspeed": null, "tunnel": null, "manual_add_candidate": true, "priority": 1 }, "geometry": { "type": "LineString", "coordinates": [ [ 141.885115, 43.4264317 ], [ 141.8853872, 43.4273165 ] ] } },
{ "type": "Feature", "properties": { "u": 1938413042, "v": 1938412854, "key": 0, "osmid": "183466101", "highway": [ "unclassified" ], "oneway": false, "reversed": "True", "length": 197.66638812058662, "lanes": null, "name": null, "ref": null, "bridge": null, "maxspeed": null, "tunnel": null, "manual_add_candidate": true, "priority": 1 }, "geometry": { "type": "LineString", "coordinates": [ [ 141.885115, 43.4264317 ], [ 141.8846067, 43.4246928 ] ] } },
{ "type": "Feature", "properties": { "u": 1938413042, "v": 1938413033, "key": 0, "osmid": "183466209", "highway": [ "unclassified" ], "oneway": false, "reversed": "False", "length": 54.040114936418163, "lanes": null, "name": null, "ref": null, "bridge": null, "maxspeed": null, "tunnel": null, "manual_add_candidate": true, "priority": 1 }, "geometry": { "type": "LineString", "coordinates": [ [ 141.885115, 43.4264317 ], [ 141.88577, 43.4263322 ] ] } },
{ "type": "Feature", "properties": { "u": 1938413042, "v": 1938413046, "key": 0, "osmid": "183466209", "highway": [ "unclassified" ], "oneway": false, "reversed": "True", "length": 54.369789941238174, "lanes": null, "name": null, "ref": null, "bridge": null, "maxspeed": null, "tunnel": null, "manual_add_candidate": true, "priority": 1 }, "geometry": { "type": "LineString", "coordinates": [ [ 141.885115, 43.4264317 ], [ 141.8844576, 43.4265372 ] ] } },
{ "type": "Feature", "properties": { "u": 1938413046, "v": 1938413042, "key": 0, "osmid": "183466209", "highway": [ "unclassified" ], "oneway": false, "reversed": "False", "length": 54.369789941238174, "lanes": null, "name": null, "ref": null, "bridge": null, "maxspeed": null, "tunnel": null, "manual_add_candidate": true, "priority": 1 }, "geometry": { "type": "LineString", "coordinates": [ [ 141.8844576, 43.4265372 ], [ 141.885115, 43.4264317 ] ] } },
{ "type": "Feature", "properties": { "u": 1938413046, "v": 1938413061, "key": 0, "osmid": "183466209", "highway": [ "unclassified" ], "oneway": false, "reversed": "True", "length": 132.08653146651983, "lanes": null, "name": null, "ref": null, "bridge": null, "maxspeed": null, "tunnel": null, "manual_add_candidate": true, "priority": 1 }, "geometry": { "type": "LineString", "coordinates": [ [ 141.8844576, 43.4265372 ], [ 141.8828605, 43.4267935 ] ] } },
{ "type": "Feature", "properties": { "u": 1938413050, "v": 1938412969, "key": 0, "osmid": "183465968", "highway": [ "unclassified" ], "oneway": false, "reversed": "False", "length": 89.0299976028152, "lanes": null, "name": null, "ref": null, "bridge": null, "maxspeed": null, "tunnel": null, "manual_add_candidate": true, "priority": 1 }, "geometry": { "type": "LineString", "coordinates": [ [ 141.9010203, 43.4265907 ], [ 141.9007868, 43.4258082 ] ] } },
{ "type": "Feature", "properties": { "u": 1938413050, "v": 1938413057, "key": 0, "osmid": "435245796", "highway": [ "unclassified" ], "oneway": false, "reversed": "True", "length": 46.562424697485973, "lanes": null, "name": null, "ref": null, "bridge": null, "maxspeed": null, "tunnel": null, "manual_add_candidate": true, "priority": 1 }, "geometry": { "type": "LineString", "coordinates": [ [ 141.9010203, 43.4265907 ], [ 141.9004545, 43.4266713 ] ] } },
{ "type": "Feature", "properties": { "u": 1938413050, "v": 1938412991, "key": 0, "osmid": [ 435245796, 183465903 ], "highway": [ "unclassified" ], "oneway": false, "reversed": [ false, true ], "length": 105.82831460925667, "lanes": null, "name": null, "ref": null, "bridge": null, "maxspeed": null, "tunnel": null, "manual_add_candidate": true, "priority": 1 }, "geometry": { "type": "LineString", "coordinates": [ [ 141.9010203, 43.4265907 ], [ 141.9015801, 43.4265143 ], [ 141.90145, 43.4259846 ] ] } },
{ "type": "Feature", "properties": { "u": 1938413055, "v": 1938413039, "key": 0, "osmid": "183465942", "highway": [ "unclassified" ], "oneway": false, "reversed": "False", "length": 147.35296120639765, "lanes": null, "name": null, "ref": null, "bridge": null, "maxspeed": null, "tunnel": null, "manual_add_candidate": true, "priority": 1 }, "geometry": { "type": "LineString", "coordinates": [ [ 141.8809499, 43.4266571 ], [ 141.8827322, 43.4263732 ] ] } },
{ "type": "Feature", "properties": { "u": 1938413057, "v": 1938412981, "key": 0, "osmid": "183466096", "highway": [ "unclassified" ], "oneway": false, "reversed": "False", "length": 89.437156889883553, "lanes": null, "name": null, "ref": null, "bridge": null, "maxspeed": null, "tunnel": null, "manual_add_candidate": true, "priority": 1 }, "geometry": { "type": "LineString", "coordinates": [ [ 141.9004545, 43.4266713 ], [ 141.9002188, 43.4258854 ] ] } },
{ "type": "Feature", "properties": { "u": 1938413057, "v": 1938413050, "key": 0, "osmid": "435245796", "highway": [ "unclassified" ], "oneway": false, "reversed": "False", "length": 46.562424697485973, "lanes": null, "name": null, "ref": null, "bridge": null, "maxspeed": null, "tunnel": null, "manual_add_candidate": true, "priority": 1 }, "geometry": { "type": "LineString", "coordinates": [ [ 141.9004545, 43.4266713 ], [ 141.9010203, 43.4265907 ] ] } },
{ "type": "Feature", "properties": { "u": 1938413057, "v": 1938413083, "key": 0, "osmid": "435245796", "highway": [ "unclassified" ], "oneway": false, "reversed": "True", "length": 91.806729027550233, "lanes": null, "name": null, "ref": null, "bridge": null, "maxspeed": null, "tunnel": null, "manual_add_candidate": true, "priority": 1 }, "geometry": { "type": "LineString", "coordinates": [ [ 141.9004545, 43.4266713 ], [ 141.8993384, 43.4268283 ] ] } },
{ "type": "Feature", "properties": { "u": 1938413059, "v": 1938413036, "key": 0, "osmid": "435245797", "highway": [ "unclassified" ], "oneway": false, "reversed": "False", "length": 43.34716538239072, "lanes": null, "name": null, "ref": null, "bridge": null, "maxspeed": null, "tunnel": null, "manual_add_candidate": true, "priority": 1 }, "geometry": { "type": "LineString", "coordinates": [ [ 141.8972659, 43.4267366 ], [ 141.8971623, 43.4263541 ] ] } },
{ "type": "Feature", "properties": { "u": 1938413059, "v": 1938413107, "key": 0, "osmid": "435245797", "highway": [ "unclassified" ], "oneway": false, "reversed": "True", "length": 45.568371225771621, "lanes": null, "name": null, "ref": null, "bridge": null, "maxspeed": null, "tunnel": null, "manual_add_candidate": true, "priority": 1 }, "geometry": { "type": "LineString", "coordinates": [ [ 141.8972659, 43.4267366 ], [ 141.8973861, 43.427137 ] ] } },
{ "type": "Feature", "properties": { "u": 1938413059, "v": 1938413107, "key": 1, "osmid": [ 183466066, 183466211 ], "highway": [ "unclassified" ], "oneway": false, "reversed": "False", "length": 239.49920074056701, "lanes": null, "name": null, "ref": null, "bridge": null, "maxspeed": null, "tunnel": null, "manual_add_candidate": true, "priority": 1 }, "geometry": { "type": "LineString", "coordinates": [ [ 141.8972659, 43.4267366 ], [ 141.8960855, 43.4269329 ], [ 141.8962225, 43.4273285 ], [ 141.8973861, 43.427137 ] ] } },
{ "type": "Feature", "properties": { "u": 1938413061, "v": 1938413110, "key": 0, "osmid": "183465921", "highway": [ "unclassified" ], "oneway": false, "reversed": "False", "length": 47.282771616783748, "lanes": null, "name": null, "ref": null, "bridge": null, "maxspeed": null, "tunnel": null, "manual_add_candidate": true, "priority": 1 }, "geometry": { "type": "LineString", "coordinates": [ [ 141.8828605, 43.4267935 ], [ 141.882987500000013, 43.4272086 ] ] } },
{ "type": "Feature", "properties": { "u": 1938413061, "v": 1938413039, "key": 0, "osmid": "183465921", "highway": [ "unclassified" ], "oneway": false, "reversed": "True", "length": 47.8700124248655, "lanes": null, "name": null, "ref": null, "bridge": null, "maxspeed": null, "tunnel": null, "manual_add_candidate": true, "priority": 1 }, "geometry": { "type": "LineString", "coordinates": [ [ 141.8828605, 43.4267935 ], [ 141.8827322, 43.4263732 ] ] } },
{ "type": "Feature", "properties": { "u": 1938413061, "v": 1938413046, "key": 0, "osmid": "183466209", "highway": [ "unclassified" ], "oneway": false, "reversed": "False", "length": 132.08653146651983, "lanes": null, "name": null, "ref": null, "bridge": null, "maxspeed": null, "tunnel": null, "manual_add_candidate": true, "priority": 1 }, "geometry": { "type": "LineString", "coordinates": [ [ 141.8828605, 43.4267935 ], [ 141.8844576, 43.4265372 ] ] } },
{ "type": "Feature", "properties": { "u": 1938413061, "v": 1938413103, "key": 0, "osmid": "183466209", "highway": [ "unclassified" ], "oneway": false, "reversed": "True", "length": 146.89828599575026, "lanes": null, "name": null, "ref": null, "bridge": null, "maxspeed": null, "tunnel": null, "manual_add_candidate": true, "priority": 1 }, "geometry": { "type": "LineString", "coordinates": [ [ 141.8828605, 43.4267935 ], [ 141.8810813, 43.4270685 ] ] } },
{ "type": "Feature", "properties": { "u": 1938413083, "v": 1938412998, "key": 0, "osmid": "183465964", "highway": [ "unclassified" ], "oneway": false, "reversed": "False", "length": 88.069060460554681, "lanes": null, "name": null, "ref": null, "bridge": null, "maxspeed": null, "tunnel": null, "manual_add_candidate": true, "priority": 1 }, "geometry": { "type": "LineString", "coordinates": [ [ 141.8993384, 43.4268283 ], [ 141.8991284, 43.4260511 ] ] } },
{ "type": "Feature", "properties": { "u": 1938413083, "v": 1938413057, "key": 0, "osmid": "435245796", "highway": [ "unclassified" ], "oneway": false, "reversed": "False", "length": 91.806729027550233, "lanes": null, "name": null, "ref": null, "bridge": null, "maxspeed": null, "tunnel": null, "manual_add_candidate": true, "priority": 1 }, "geometry": { "type": "LineString", "coordinates": [ [ 141.8993384, 43.4268283 ], [ 141.9004545, 43.4266713 ] ] } },
{ "type": "Feature", "properties": { "u": 1938413083, "v": 1938413100, "key": 0, "osmid": "435245796", "highway": [ "unclassified" ], "oneway": false, "reversed": "True", "length": 101.23832254155656, "lanes": null, "name": null, "ref": null, "bridge": null, "maxspeed": null, "tunnel": null, "manual_add_candidate": true, "priority": 1 }, "geometry": { "type": "LineString", "coordinates": [ [ 141.8993384, 43.4268283 ], [ 141.8981121, 43.4270174 ] ] } },
{ "type": "Feature", "properties": { "u": 1938413094, "v": 1938413110, "key": 0, "osmid": "183466114", "highway": [ "unclassified" ], "oneway": false, "reversed": "True", "length": 130.91575022833192, "lanes": null, "name": null, "ref": null, "bridge": null, "maxspeed": null, "tunnel": null, "manual_add_candidate": true, "priority": 1 }, "geometry": { "type": "LineString", "coordinates": [ [ 141.8845717, 43.4269587 ], [ 141.882987500000013, 43.4272086 ] ] } },
{ "type": "Feature", "properties": { "u": 1938413097, "v": 1938413156, "key": 0, "osmid": "183465899", "highway": [ "unclassified" ], "oneway": false, "reversed": "False", "length": 90.306913329579004, "lanes": null, "name": null, "ref": null, "bridge": null, "maxspeed": null, "tunnel": null, "manual_add_candidate": true, "priority": 1 }, "geometry": { "type": "LineString", "coordinates": [ [ 141.8873993, 43.4270104 ], [ 141.8876363, 43.4278041 ] ] } },
{ "type": "Feature", "properties": { "u": 1938413097, "v": 1938413011, "key": 0, "osmid": "183465899", "highway": [ "unclassified" ], "oneway": false, "reversed": "True", "length": 101.82495032020917, "lanes": null, "name": null, "ref": null, "bridge": null, "maxspeed": null, "tunnel": null, "manual_add_candidate": true, "priority": 1 }, "geometry": { "type": "LineString", "coordinates": [ [ 141.8873993, 43.4270104 ], [ 141.887128100000012, 43.4261161 ] ] } },
{ "type": "Feature", "properties": { "u": 1938413100, "v": 1938413027, "key": 0, "osmid": "183466021", "highway": [ "unclassified" ], "oneway": false, "reversed": "False", "length": 88.120330410650197, "lanes": null, "name": null, "ref": null, "bridge": null, "maxspeed": null, "tunnel": null, "manual_add_candidate": true, "priority": 1 }, "geometry": { "type": "LineString", "coordinates": [ [ 141.8981121, 43.4270174 ], [ 141.8978778, 43.4262434 ] ] } },
{ "type": "Feature", "properties": { "u": 1938413100, "v": 1938413083, "key": 0, "osmid": "435245796", "highway": [ "unclassified" ], "oneway": false, "reversed": "False", "length": 101.23832254155656, "lanes": null, "name": null, "ref": null, "bridge": null, "maxspeed": null, "tunnel": null, "manual_add_candidate": true, "priority": 1 }, "geometry": { "type": "LineString", "coordinates": [ [ 141.8981121, 43.4270174 ], [ 141.8993384, 43.4268283 ] ] } },
{ "type": "Feature", "properties": { "u": 1938413100, "v": 1938413107, "key": 0, "osmid": "435245796", "highway": [ "unclassified" ], "oneway": false, "reversed": "True", "length": 60.117839841546754, "lanes": null, "name": null, "ref": null, "bridge": null, "maxspeed": null, "tunnel": null, "manual_add_candidate": true, "priority": 1 }, "geometry": { "type": "LineString", "coordinates": [ [ 141.8981121, 43.4270174 ], [ 141.8973861, 43.427137 ] ] } },
{ "type": "Feature", "properties": { "u": 1938413103, "v": 1938413061, "key": 0, "osmid": "183466209", "highway": [ "unclassified" ], "oneway": false, "reversed": "False", "length": 146.89828599575026, "lanes": null, "name": null, "ref": null, "bridge": null, "maxspeed": null, "tunnel": null, "manual_add_candidate": true, "priority": 1 }, "geometry": { "type": "LineString", "coordinates": [ [ 141.8810813, 43.4270685 ], [ 141.8828605, 43.4267935 ] ] } },
{ "type": "Feature", "properties": { "u": 1938413105, "v": 1938413162, "key": 0, "osmid": "183466227", "highway": [ "unclassified" ], "oneway": false, "reversed": "False", "length": 90.380643232011238, "lanes": null, "name": null, "ref": null, "bridge": null, "maxspeed": null, "tunnel": null, "manual_add_candidate": true, "priority": 1 }, "geometry": { "type": "LineString", "coordinates": [ [ 141.8866799, 43.427121 ], [ 141.886909, 43.4279166 ] ] } },
{ "type": "Feature", "properties": { "u": 1938413105, "v": 1938413021, "key": 0, "osmid": "183466227", "highway": [ "unclassified" ], "oneway": false, "reversed": "True", "length": 101.34224503375214, "lanes": null, "name": null, "ref": null, "bridge": null, "maxspeed": null, "tunnel": null, "manual_add_candidate": true, "priority": 1 }, "geometry": { "type": "LineString", "coordinates": [ [ 141.8866799, 43.427121 ], [ 141.8864185, 43.4262296 ] ] } },
{ "type": "Feature", "properties": { "u": 1938413107, "v": 1938413100, "key": 0, "osmid": "435245796", "highway": [ "unclassified" ], "oneway": false, "reversed": "False", "length": 60.117839841546754, "lanes": null, "name": null, "ref": null, "bridge": null, "maxspeed": null, "tunnel": null, "manual_add_candidate": true, "priority": 1 }, "geometry": { "type": "LineString", "coordinates": [ [ 141.8973861, 43.427137 ], [ 141.8981121, 43.4270174 ] ] } },
{ "type": "Feature", "properties": { "u": 1938413107, "v": 1938413059, "key": 0, "osmid": "435245797", "highway": [ "unclassified" ], "oneway": false, "reversed": "False", "length": 45.568371225771621, "lanes": null, "name": null, "ref": null, "bridge": null, "maxspeed": null, "tunnel": null, "manual_add_candidate": true, "priority": 1 }, "geometry": { "type": "LineString", "coordinates": [ [ 141.8973861, 43.427137 ], [ 141.8972659, 43.4267366 ] ] } },
{ "type": "Feature", "properties": { "u": 1938413107, "v": 1938413059, "key": 1, "osmid": [ 183466066, 183466211 ], "highway": [ "unclassified" ], "oneway": false, "reversed": "True", "length": 239.49920074056701, "lanes": null, "name": null, "ref": null, "bridge": null, "maxspeed": null, "tunnel": null, "manual_add_candidate": true, "priority": 1 }, "geometry": { "type": "LineString", "coordinates": [ [ 141.8973861, 43.427137 ], [ 141.8962225, 43.4273285 ], [ 141.8960855, 43.4269329 ], [ 141.8972659, 43.4267366 ] ] } },
{ "type": "Feature", "properties": { "u": 1938413110, "v": 1938413146, "key": 0, "osmid": "183465921", "highway": [ "unclassified" ], "oneway": false, "reversed": "False", "length": 53.47512049502798, "lanes": null, "name": null, "ref": null, "bridge": null, "maxspeed": null, "tunnel": null, "manual_add_candidate": true, "priority": 1 }, "geometry": { "type": "LineString", "coordinates": [ [ 141.882987500000013, 43.4272086 ], [ 141.8831252, 43.427679 ] ] } },
{ "type": "Feature", "properties": { "u": 1938413110, "v": 1938413061, "key": 0, "osmid": "183465921", "highway": [ "unclassified" ], "oneway": false, "reversed": "True", "length": 47.282771616783748, "lanes": null, "name": null, "ref": null, "bridge": null, "maxspeed": null, "tunnel": null, "manual_add_candidate": true, "priority": 1 }, "geometry": { "type": "LineString", "coordinates": [ [ 141.882987500000013, 43.4272086 ], [ 141.8828605, 43.4267935 ] ] } },
{ "type": "Feature", "properties": { "u": 1938413110, "v": 1938413094, "key": 0, "osmid": "183466114", "highway": [ "unclassified" ], "oneway": false, "reversed": "False", "length": 130.91575022833192, "lanes": null, "name": null, "ref": null, "bridge": null, "maxspeed": null, "tunnel": null, "manual_add_candidate": true, "priority": 1 }, "geometry": { "type": "LineString", "coordinates": [ [ 141.882987500000013, 43.4272086 ], [ 141.8845717, 43.4269587 ] ] } },
{ "type": "Feature", "properties": { "u": 1938413110, "v": 1938413127, "key": 0, "osmid": "183466114", "highway": [ "unclassified" ], "oneway": false, "reversed": "True", "length": 147.254716522184, "lanes": null, "name": null, "ref": null, "bridge": null, "maxspeed": null, "tunnel": null, "manual_add_candidate": true, "priority": 1 }, "geometry": { "type": "LineString", "coordinates": [ [ 141.882987500000013, 43.4272086 ], [ 141.8812077, 43.4274967 ] ] } },
{ "type": "Feature", "properties": { "u": 1938413111, "v": 1938413033, "key": 0, "osmid": "183466071", "highway": [ "unclassified" ], "oneway": false, "reversed": "False", "length": 100.71727974079539, "lanes": null, "name": null, "ref": null, "bridge": null, "maxspeed": null, "tunnel": null, "manual_add_candidate": true, "priority": 1 }, "geometry": { "type": "LineString", "coordinates": [ [ 141.886041799999987, 43.4272162 ], [ 141.88577, 43.4263322 ] ] } },
{ "type": "Feature", "properties": { "u": 1938413118, "v": 1938413042, "key": 0, "osmid": "183466101", "highway": [ "unclassified" ], "oneway": false, "reversed": "True", "length": 100.81113017725026, "lanes": null, "name": null, "ref": null, "bridge": null, "maxspeed": null, "tunnel": null, "manual_add_candidate": true, "priority": 1 }, "geometry": { "type": "LineString", "coordinates": [ [ 141.8853872, 43.4273165 ], [ 141.885115, 43.4264317 ] ] } },
{ "type": "Feature", "properties": { "u": 1938413127, "v": 1938413110, "key": 0, "osmid": "183466114", "highway": [ "unclassified" ], "oneway": false, "reversed": "False", "length": 147.254716522184, "lanes": null, "name": null, "ref": null, "bridge": null, "maxspeed": null, "tunnel": null, "manual_add_candidate": true, "priority": 1 }, "geometry": { "type": "LineString", "coordinates": [ [ 141.8812077, 43.4274967 ], [ 141.882987500000013, 43.4272086 ] ] } },
{ "type": "Feature", "properties": { "u": 1938413146, "v": 1938413172, "key": 0, "osmid": "183465921", "highway": [ "unclassified" ], "oneway": false, "reversed": "False", "length": 68.166530047770706, "lanes": null, "name": null, "ref": null, "bridge": null, "maxspeed": null, "tunnel": null, "manual_add_candidate": true, "priority": 1 }, "geometry": { "type": "LineString", "coordinates": [ [ 141.8831252, 43.427679 ], [ 141.8832957, 43.4282794 ] ] } },
{ "type": "Feature", "properties": { "u": 1938413146, "v": 1938413110, "key": 0, "osmid": "183465921", "highway": [ "unclassified" ], "oneway": false, "reversed": "True", "length": 53.47512049502798, "lanes": null, "name": null, "ref": null, "bridge": null, "maxspeed": null, "tunnel": null, "manual_add_candidate": true, "priority": 1 }, "geometry": { "type": "LineString", "coordinates": [ [ 141.8831252, 43.427679 ], [ 141.882987500000013, 43.4272086 ] ] } },
{ "type": "Feature", "properties": { "u": 1938413147, "v": 1938413156, "key": 0, "osmid": "183466168", "highway": [ "unclassified" ], "oneway": false, "reversed": "False", "length": 63.510237570282861, "lanes": null, "name": null, "ref": null, "bridge": null, "maxspeed": null, "tunnel": null, "manual_add_candidate": true, "priority": 1 }, "geometry": { "type": "LineString", "coordinates": [ [ 141.8884047, 43.4276824 ], [ 141.8876363, 43.4278041 ] ] } },
{ "type": "Feature", "properties": { "u": 1938413147, "v": 1938413149, "key": 0, "osmid": "183466188", "highway": [ "unclassified" ], "oneway": false, "reversed": "True", "length": 87.740852954992903, "lanes": null, "name": null, "ref": null, "bridge": null, "maxspeed": null, "tunnel": null, "manual_add_candidate": true, "priority": 1 }, "geometry": { "type": "LineString", "coordinates": [ [ 141.8884047, 43.4276824 ], [ 141.88924080000001, 43.4275673 ], [ 141.8892959, 43.4277336 ] ] } },
{ "type": "Feature", "properties": { "u": 1938413149, "v": 1938413190, "key": 0, "osmid": "183466188", "highway": [ "unclassified" ], "oneway": false, "reversed": "True", "length": 77.975108903088113, "lanes": null, "name": null, "ref": null, "bridge": null, "maxspeed": null, "tunnel": null, "manual_add_candidate": true, "priority": 1 }, "geometry": { "type": "LineString", "coordinates": [ [ 141.8892959, 43.4277336 ], [ 141.889496799999989, 43.4284195 ] ] } },
{ "type": "Feature", "properties": { "u": 1938413149, "v": 1938413190, "key": 1, "osmid": "183466161", "highway": [ "unclassified" ], "oneway": false, "reversed": "False", "length": 140.53345953752554, "lanes": null, "name": null, "ref": null, "bridge": null, "maxspeed": null, "tunnel": null, "manual_add_candidate": true, "priority": 1 }, "geometry": { "type": "LineString", "coordinates": [ [ 141.8892959, 43.4277336 ], [ 141.8896785, 43.4276846 ], [ 141.889889, 43.4283577 ], [ 141.889496799999989, 43.4284195 ] ] } },
{ "type": "Feature", "properties": { "u": 1938413149, "v": 1938413147, "key": 0, "osmid": "183466188", "highway": [ "unclassified" ], "oneway": false, "reversed": "False", "length": 87.740852954992903, "lanes": null, "name": null, "ref": null, "bridge": null, "maxspeed": null, "tunnel": null, "manual_add_candidate": true, "priority": 1 }, "geometry": { "type": "LineString", "coordinates": [ [ 141.8892959, 43.4277336 ], [ 141.88924080000001, 43.4275673 ], [ 141.8884047, 43.4276824 ] ] } },
{ "type": "Feature", "properties": { "u": 1938413154, "v": 1938413201, "key": 0, "osmid": "183465938", "highway": [ "unclassified" ], "oneway": false, "reversed": "False", "length": 116.33947826681575, "lanes": null, "name": null, "ref": null, "bridge": null, "maxspeed": null, "tunnel": null, "manual_add_candidate": true, "priority": 1 }, "geometry": { "type": "LineString", "coordinates": [ [ 141.8825387, 43.427769 ], [ 141.882854, 43.4287899 ] ] } },
{ "type": "Feature", "properties": { "u": 1938413156, "v": 1938413216, "key": 0, "osmid": "183465899", "highway": [ "unclassified" ], "oneway": false, "reversed": "False", "length": 151.64757384013467, "lanes": null, "name": null, "ref": null, "bridge": null, "maxspeed": null, "tunnel": null, "manual_add_candidate": true, "priority": 1 }, "geometry": { "type": "LineString", "coordinates": [ [ 141.8876363, 43.4278041 ], [ 141.888022799999987, 43.4291387 ] ] } },
{ "type": "Feature", "properties": { "u": 1938413156, "v": 1938413097, "key": 0, "osmid": "183465899", "highway": [ "unclassified" ], "oneway": false, "reversed": "True", "length": 90.306913329579004, "lanes": null, "name": null, "ref": null, "bridge": null, "maxspeed": null, "tunnel": null, "manual_add_candidate": true, "priority": 1 }, "geometry": { "type": "LineString", "coordinates": [ [ 141.8876363, 43.4278041 ], [ 141.8873993, 43.4270104 ] ] } },
{ "type": "Feature", "properties": { "u": 1938413156, "v": 1938413162, "key": 0, "osmid": "183466168", "highway": [ "unclassified" ], "oneway": false, "reversed": "False", "length": 60.05007045194958, "lanes": null, "name": null, "ref": null, "bridge": null, "maxspeed": null, "tunnel": null, "manual_add_candidate": true, "priority": 1 }, "geometry": { "type": "LineString", "coordinates": [ [ 141.8876363, 43.4278041 ], [ 141.886909, 43.4279166 ] ] } },
{ "type": "Feature", "properties": { "u": 1938413156, "v": 1938413147, "key": 0, "osmid": "183466168", "highway": [ "unclassified" ], "oneway": false, "reversed": "True", "length": 63.510237570282861, "lanes": null, "name": null, "ref": null, "bridge": null, "maxspeed": null, "tunnel": null, "manual_add_candidate": true, "priority": 1 }, "geometry": { "type": "LineString", "coordinates": [ [ 141.8876363, 43.4278041 ], [ 141.8884047, 43.4276824 ] ] } },
{ "type": "Feature", "properties": { "u": 1938413157, "v": 1938413204, "key": 0, "osmid": "183466172", "highway": [ "unclassified" ], "oneway": false, "reversed": "True", "length": 118.10785490607333, "lanes": null, "name": null, "ref": null, "bridge": null, "maxspeed": null, "tunnel": null, "manual_add_candidate": true, "priority": 1 }, "geometry": { "type": "LineString", "coordinates": [ [ 141.881871499999988, 43.4278728 ], [ 141.8819809, 43.4282802 ], [ 141.88213970000001, 43.4284669 ], [ 141.8822647, 43.4288848 ] ] } },
{ "type": "Feature", "properties": { "u": 1938413162, "v": 1938413171, "key": 0, "osmid": "183466168", "highway": [ "unclassified" ], "oneway": false, "reversed": "False", "length": 160.85444646475835, "lanes": null, "name": null, "ref": null, "bridge": null, "maxspeed": null, "tunnel": null, "manual_add_candidate": true, "priority": 1 }, "geometry": { "type": "LineString", "coordinates": [ [ 141.886909, 43.4279166 ], [ 141.8849634, 43.4282267 ] ] } },
{ "type": "Feature", "properties": { "u": 1938413162, "v": 1938413156, "key": 0, "osmid": "183466168", "highway": [ "unclassified" ], "oneway": false, "reversed": "True", "length": 60.05007045194958, "lanes": null, "name": null, "ref": null, "bridge": null, "maxspeed": null, "tunnel": null, "manual_add_candidate": true, "priority": 1 }, "geometry": { "type": "LineString", "coordinates": [ [ 141.886909, 43.4279166 ], [ 141.8876363, 43.4278041 ] ] } },
{ "type": "Feature", "properties": { "u": 1938413162, "v": 1938413188, "key": 0, "osmid": "183466227", "highway": [ "unclassified" ], "oneway": false, "reversed": "False", "length": 46.631214438991378, "lanes": null, "name": null, "ref": null, "bridge": null, "maxspeed": null, "tunnel": null, "manual_add_candidate": true, "priority": 1 }, "geometry": { "type": "LineString", "coordinates": [ [ 141.886909, 43.4279166 ], [ 141.8870196, 43.4283282 ] ] } },
{ "type": "Feature", "properties": { "u": 1938413162, "v": 1938413105, "key": 0, "osmid": "183466227", "highway": [ "unclassified" ], "oneway": false, "reversed": "True", "length": 90.380643232011238, "lanes": null, "name": null, "ref": null, "bridge": null, "maxspeed": null, "tunnel": null, "manual_add_candidate": true, "priority": 1 }, "geometry": { "type": "LineString", "coordinates": [ [ 141.886909, 43.4279166 ], [ 141.8866799, 43.427121 ] ] } },
{ "type": "Feature", "properties": { "u": 1938413165, "v": 1938413172, "key": 0, "osmid": "183466019", "highway": [ "unclassified" ], "oneway": false, "reversed": "False", "length": 132.36138643393343, "lanes": null, "name": null, "ref": null, "bridge": null, "maxspeed": null, "tunnel": null, "manual_add_candidate": true, "priority": 1 }, "geometry": { "type": "LineString", "coordinates": [ [ 141.884897200000012, 43.428026 ], [ 141.8832957, 43.4282794 ] ] } },
{ "type": "Feature", "properties": { "u": 1938413171, "v": 1938413162, "key": 0, "osmid": "183466168", "highway": [ "unclassified" ], "oneway": false, "reversed": "True", "length": 160.85444646475835, "lanes": null, "name": null, "ref": null, "bridge": null, "maxspeed": null, "tunnel": null, "manual_add_candidate": true, "priority": 1 }, "geometry": { "type": "LineString", "coordinates": [ [ 141.8849634, 43.4282267 ], [ 141.886909, 43.4279166 ] ] } },
{ "type": "Feature", "properties": { "u": 1938413172, "v": 1938413198, "key": 0, "osmid": "183465921", "highway": [ "unclassified" ], "oneway": false, "reversed": "False", "length": 48.193938878158335, "lanes": null, "name": null, "ref": null, "bridge": null, "maxspeed": null, "tunnel": null, "manual_add_candidate": true, "priority": 1 }, "geometry": { "type": "LineString", "coordinates": [ [ 141.8832957, 43.4282794 ], [ 141.8834239, 43.4287027 ] ] } },
{ "type": "Feature", "properties": { "u": 1938413172, "v": 1938413146, "key": 0, "osmid": "183465921", "highway": [ "unclassified" ], "oneway": false, "reversed": "True", "length": 68.166530047770706, "lanes": null, "name": null, "ref": null, "bridge": null, "maxspeed": null, "tunnel": null, "manual_add_candidate": true, "priority": 1 }, "geometry": { "type": "LineString", "coordinates": [ [ 141.8832957, 43.4282794 ], [ 141.8831252, 43.427679 ] ] } },
{ "type": "Feature", "properties": { "u": 1938413172, "v": 1938413165, "key": 0, "osmid": "183466019", "highway": [ "unclassified" ], "oneway": false, "reversed": "True", "length": 132.36138643393343, "lanes": null, "name": null, "ref": null, "bridge": null, "maxspeed": null, "tunnel": null, "manual_add_candidate": true, "priority": 1 }, "geometry": { "type": "LineString", "coordinates": [ [ 141.8832957, 43.4282794 ], [ 141.884897200000012, 43.428026 ] ] } },
{ "type": "Feature", "properties": { "u": 1938413174, "v": 1938412972, "key": 0, "osmid": "183466178", "highway": [ "unclassified" ], "oneway": false, "reversed": "False", "length": 278.72488359799206, "lanes": null, "name": null, "ref": null, "bridge": null, "maxspeed": null, "tunnel": null, "manual_add_candidate": true, "priority": 1 }, "geometry": { "type": "LineString", "coordinates": [ [ 141.8958538, 43.4282676 ], [ 141.8950633, 43.4258276 ] ] } },
{ "type": "Feature", "properties": { "u": 1938413174, "v": 1938413382, "key": 0, "osmid": "183466127", "highway": [ "unclassified" ], "oneway": false, "reversed": "True", "length": 431.73180864759047, "lanes": null, "name": null, "ref": null, "bridge": null, "maxspeed": null, "tunnel": null, "manual_add_candidate": true, "priority": 1 }, "geometry": { "type": "LineString", "coordinates": [ [ 141.8958538, 43.4282676 ], [ 141.894042399999989, 43.4285811 ], [ 141.8947412, 43.43106 ] ] } },
{ "type": "Feature", "properties": { "u": 1938413174, "v": 1938413350, "key": 0, "osmid": "183466178", "highway": [ "unclassified" ], "oneway": false, "reversed": "True", "length": 286.11562284221503, "lanes": null, "name": null, "ref": null, "bridge": null, "maxspeed": null, "tunnel": null, "manual_add_candidate": true, "priority": 1 }, "geometry": { "type": "LineString", "coordinates": [ [ 141.8958538, 43.4282676 ], [ 141.896269600000011, 43.4298491 ], [ 141.896330799999987, 43.4308111 ] ] } },
{ "type": "Feature", "properties": { "u": 1938413188, "v": 1938413199, "key": 0, "osmid": "183466227", "highway": [ "unclassified" ], "oneway": false, "reversed": "False", "length": 51.927363147698138, "lanes": null, "name": null, "ref": null, "bridge": null, "maxspeed": null, "tunnel": null, "manual_add_candidate": true, "priority": 1 }, "geometry": { "type": "LineString", "coordinates": [ [ 141.8870196, 43.4283282 ], [ 141.887150600000012, 43.4287854 ] ] } },
{ "type": "Feature", "properties": { "u": 1938413188, "v": 1938413162, "key": 0, "osmid": "183466227", "highway": [ "unclassified" ], "oneway": false, "reversed": "True", "length": 46.631214438991378, "lanes": null, "name": null, "ref": null, "bridge": null, "maxspeed": null, "tunnel": null, "manual_add_candidate": true, "priority": 1 }, "geometry": { "type": "LineString", "coordinates": [ [ 141.8870196, 43.4283282 ], [ 141.886909, 43.4279166 ] ] } },
{ "type": "Feature", "properties": { "u": 1938413188, "v": 1938413196, "key": 0, "osmid": "183466023", "highway": [ "unclassified" ], "oneway": false, "reversed": "True", "length": 160.41965733104911, "lanes": null, "name": null, "ref": null, "bridge": null, "maxspeed": null, "tunnel": null, "manual_add_candidate": true, "priority": 1 }, "geometry": { "type": "LineString", "coordinates": [ [ 141.8870196, 43.4283282 ], [ 141.8855394, 43.4285766 ], [ 141.8850914, 43.4286732 ] ] } },
{ "type": "Feature", "properties": { "u": 1938413190, "v": 1938413149, "key": 0, "osmid": "183466188", "highway": [ "unclassified" ], "oneway": false, "reversed": "False", "length": 77.975108903088113, "lanes": null, "name": null, "ref": null, "bridge": null, "maxspeed": null, "tunnel": null, "manual_add_candidate": true, "priority": 1 }, "geometry": { "type": "LineString", "coordinates": [ [ 141.889496799999989, 43.4284195 ], [ 141.8892959, 43.4277336 ] ] } },
{ "type": "Feature", "properties": { "u": 1938413190, "v": 1938413149, "key": 1, "osmid": "183466161", "highway": [ "unclassified" ], "oneway": false, "reversed": "True", "length": 140.53345953752557, "lanes": null, "name": null, "ref": null, "bridge": null, "maxspeed": null, "tunnel": null, "manual_add_candidate": true, "priority": 1 }, "geometry": { "type": "LineString", "coordinates": [ [ 141.889496799999989, 43.4284195 ], [ 141.889889, 43.4283577 ], [ 141.8896785, 43.4276846 ], [ 141.8892959, 43.4277336 ] ] } },
{ "type": "Feature", "properties": { "u": 1938413190, "v": 1938413193, "key": 0, "osmid": "183466188", "highway": [ "unclassified" ], "oneway": false, "reversed": "True", "length": 69.067398815470568, "lanes": null, "name": null, "ref": null, "bridge": null, "maxspeed": null, "tunnel": null, "manual_add_candidate": true, "priority": 1 }, "geometry": { "type": "LineString", "coordinates": [ [ 141.889496799999989, 43.4284195 ], [ 141.8886612, 43.428552 ] ] } },
{ "type": "Feature", "properties": { "u": 1938413193, "v": 1938413190, "key": 0, "osmid": "183466188", "highway": [ "unclassified" ], "oneway": false, "reversed": "False", "length": 69.067398815470568, "lanes": null, "name": null, "ref": null, "bridge": null, "maxspeed": null, "tunnel": null, "manual_add_candidate": true, "priority": 1 }, "geometry": { "type": "LineString", "coordinates": [ [ 141.8886612, 43.428552 ], [ 141.889496799999989, 43.4284195 ] ] } },
{ "type": "Feature", "properties": { "u": 1938413196, "v": 1938413188, "key": 0, "osmid": "183466023", "highway": [ "unclassified" ], "oneway": false, "reversed": "False", "length": 160.41965733104911, "lanes": null, "name": null, "ref": null, "bridge": null, "maxspeed": null, "tunnel": null, "manual_add_candidate": true, "priority": 1 }, "geometry": { "type": "LineString", "coordinates": [ [ 141.8850914, 43.4286732 ], [ 141.8855394, 43.4285766 ], [ 141.8870196, 43.4283282 ] ] } },
{ "type": "Feature", "properties": { "u": 1938413198, "v": 1938413214, "key": 0, "osmid": "183465921", "highway": [ "unclassified" ], "oneway": false, "reversed": "False", "length": 48.874640114031294, "lanes": null, "name": null, "ref": null, "bridge": null, "maxspeed": null, "tunnel": null, "manual_add_candidate": true, "priority": 1 }, "geometry": { "type": "LineString", "coordinates": [ [ 141.8834239, 43.4287027 ], [ 141.8835377, 43.4291344 ] ] } },
{ "type": "Feature", "properties": { "u": 1938413198, "v": 1938413172, "key": 0, "osmid": "183465921", "highway": [ "unclassified" ], "oneway": false, "reversed": "True", "length": 48.193938878158335, "lanes": null, "name": null, "ref": null, "bridge": null, "maxspeed": null, "tunnel": null, "manual_add_candidate": true, "priority": 1 }, "geometry": { "type": "LineString", "coordinates": [ [ 141.8834239, 43.4287027 ], [ 141.8832957, 43.4282794 ] ] } },
{ "type": "Feature", "properties": { "u": 1938413198, "v": 1938413201, "key": 0, "osmid": "183466152", "highway": [ "unclassified" ], "oneway": false, "reversed": "True", "length": 47.031598932703837, "lanes": null, "name": null, "ref": null, "bridge": null, "maxspeed": null, "tunnel": null, "manual_add_candidate": true, "priority": 1 }, "geometry": { "type": "LineString", "coordinates": [ [ 141.8834239, 43.4287027 ], [ 141.882854, 43.4287899 ] ] } },
{ "type": "Feature", "properties": { "u": 1938413199, "v": 1938413211, "key": 0, "osmid": "183465967", "highway": [ "unclassified" ], "oneway": false, "reversed": "True", "length": 160.69085016838568, "lanes": null, "name": null, "ref": null, "bridge": null, "maxspeed": null, "tunnel": null, "manual_add_candidate": true, "priority": 1 }, "geometry": { "type": "LineString", "coordinates": [ [ 141.887150600000012, 43.4287854 ], [ 141.8852046, 43.4290873 ] ] } },
{ "type": "Feature", "properties": { "u": 1938413199, "v": 1938413217, "key": 0, "osmid": "183466227", "highway": [ "unclassified" ], "oneway": false, "reversed": "False", "length": 53.048460547825194, "lanes": null, "name": null, "ref": null, "bridge": null, "maxspeed": null, "tunnel": null, "manual_add_candidate": true, "priority": 1 }, "geometry": { "type": "LineString", "coordinates": [ [ 141.887150600000012, 43.4287854 ], [ 141.8872907, 43.4292515 ] ] } },
{ "type": "Feature", "properties": { "u": 1938413199, "v": 1938413188, "key": 0, "osmid": "183466227", "highway": [ "unclassified" ], "oneway": false, "reversed": "True", "length": 51.927363147698138, "lanes": null, "name": null, "ref": null, "bridge": null, "maxspeed": null, "tunnel": null, "manual_add_candidate": true, "priority": 1 }, "geometry": { "type": "LineString", "coordinates": [ [ 141.887150600000012, 43.4287854 ], [ 141.8870196, 43.4283282 ] ] } },
{ "type": "Feature", "properties": { "u": 1938413201, "v": 1938413154, "key": 0, "osmid": "183465938", "highway": [ "unclassified" ], "oneway": false, "reversed": "True", "length": 116.33947826681575, "lanes": null, "name": null, "ref": null, "bridge": null, "maxspeed": null, "tunnel": null, "manual_add_candidate": true, "priority": 1 }, "geometry": { "type": "LineString", "coordinates": [ [ 141.882854, 43.4287899 ], [ 141.8825387, 43.427769 ] ] } },
{ "type": "Feature", "properties": { "u": 1938413201, "v": 1938413198, "key": 0, "osmid": "183466152", "highway": [ "unclassified" ], "oneway": false, "reversed": "False", "length": 47.031598932703837, "lanes": null, "name": null, "ref": null, "bridge": null, "maxspeed": null, "tunnel": null, "manual_add_candidate": true, "priority": 1 }, "geometry": { "type": "LineString", "coordinates": [ [ 141.882854, 43.4287899 ], [ 141.8834239, 43.4287027 ] ] } },
{ "type": "Feature", "properties": { "u": 1938413201, "v": 1938413204, "key": 0, "osmid": "183466152", "highway": [ "unclassified" ], "oneway": false, "reversed": "True", "length": 48.743722928858411, "lanes": null, "name": null, "ref": null, "bridge": null, "maxspeed": null, "tunnel": null, "manual_add_candidate": true, "priority": 1 }, "geometry": { "type": "LineString", "coordinates": [ [ 141.882854, 43.4287899 ], [ 141.8822647, 43.4288848 ] ] } },
{ "type": "Feature", "properties": { "u": 1938413204, "v": 1938413201, "key": 0, "osmid": "183466152", "highway": [ "unclassified" ], "oneway": false, "reversed": "False", "length": 48.743722928858411, "lanes": null, "name": null, "ref": null, "bridge": null, "maxspeed": null, "tunnel": null, "manual_add_candidate": true, "priority": 1 }, "geometry": { "type": "LineString", "coordinates": [ [ 141.8822647, 43.4288848 ], [ 141.882854, 43.4287899 ] ] } },
{ "type": "Feature", "properties": { "u": 1938413204, "v": 1938413206, "key": 0, "osmid": "183466152", "highway": [ "unclassified" ], "oneway": false, "reversed": "True", "length": 51.002908441055865, "lanes": null, "name": null, "ref": null, "bridge": null, "maxspeed": null, "tunnel": null, "manual_add_candidate": true, "priority": 1 }, "geometry": { "type": "LineString", "coordinates": [ [ 141.8822647, 43.4288848 ], [ 141.88164660000001, 43.4289791 ] ] } },
{ "type": "Feature", "properties": { "u": 1938413204, "v": 1938413157, "key": 0, "osmid": "183466172", "highway": [ "unclassified" ], "oneway": false, "reversed": "False", "length": 118.1078549060733, "lanes": null, "name": null, "ref": null, "bridge": null, "maxspeed": null, "tunnel": null, "manual_add_candidate": true, "priority": 1 }, "geometry": { "type": "LineString", "coordinates": [ [ 141.8822647, 43.4288848 ], [ 141.88213970000001, 43.4284669 ], [ 141.8819809, 43.4282802 ], [ 141.881871499999988, 43.4278728 ] ] } },
{ "type": "Feature", "properties": { "u": 1938413206, "v": 1938413204, "key": 0, "osmid": "183466152", "highway": [ "unclassified" ], "oneway": false, "reversed": "False", "length": 51.002908441055865, "lanes": null, "name": null, "ref": null, "bridge": null, "maxspeed": null, "tunnel": null, "manual_add_candidate": true, "priority": 1 }, "geometry": { "type": "LineString", "coordinates": [ [ 141.88164660000001, 43.4289791 ], [ 141.8822647, 43.4288848 ] ] } },
{ "type": "Feature", "properties": { "u": 1938413209, "v": 1938413441, "key": 0, "osmid": "183466173", "highway": [ "unclassified" ], "oneway": false, "reversed": "False", "length": 564.32252206519968, "lanes": null, "name": null, "ref": null, "bridge": null, "maxspeed": null, "tunnel": null, "manual_add_candidate": true, "priority": 1 }, "geometry": { "type": "LineString", "coordinates": [ [ 141.8745554, 43.4290052 ], [ 141.8759945, 43.4339715 ] ] } },
{ "type": "Feature", "properties": { "u": 1938413209, "v": 1938412811, "key": 0, "osmid": [ 183465977, 183466043, 183466173 ], "highway": [ "unclassified" ], "oneway": false, "reversed": "True", "length": 565.26921622139662, "lanes": null, "name": null, "ref": null, "bridge": "yes", "maxspeed": null, "tunnel": null, "manual_add_candidate": true, "priority": 1 }, "geometry": { "type": "LineString", "coordinates": [ [ 141.8745554, 43.4290052 ], [ 141.874082, 43.4274371 ], [ 141.8740636, 43.4273763 ], [ 141.873895, 43.4268166 ], [ 141.8738741, 43.4267472 ], [ 141.873059899999987, 43.424039 ] ] } },
{ "type": "Feature", "properties": { "u": 1938413211, "v": 1938413199, "key": 0, "osmid": "183465967", "highway": [ "unclassified" ], "oneway": false, "reversed": "False", "length": 160.69085016838568, "lanes": null, "name": null, "ref": null, "bridge": null, "maxspeed": null, "tunnel": null, "manual_add_candidate": true, "priority": 1 }, "geometry": { "type": "LineString", "coordinates": [ [ 141.8852046, 43.4290873 ], [ 141.887150600000012, 43.4287854 ] ] } },
{ "type": "Feature", "properties": { "u": 1938413214, "v": 3010041364, "key": 0, "osmid": "183465921", "highway": [ "unclassified" ], "oneway": false, "reversed": "False", "length": 26.152736663915086, "lanes": null, "name": null, "ref": null, "bridge": null, "maxspeed": null, "tunnel": null, "manual_add_candidate": true, "priority": 1 }, "geometry": { "type": "LineString", "coordinates": [ [ 141.8835377, 43.4291344 ], [ 141.8836021, 43.4293649 ] ] } },
{ "type": "Feature", "properties": { "u": 1938413214, "v": 1938413198, "key": 0, "osmid": "183465921", "highway": [ "unclassified" ], "oneway": false, "reversed": "True", "length": 48.874640114031294, "lanes": null, "name": null, "ref": null, "bridge": null, "maxspeed": null, "tunnel": null, "manual_add_candidate": true, "priority": 1 }, "geometry": { "type": "LineString", "coordinates": [ [ 141.8835377, 43.4291344 ], [ 141.8834239, 43.4287027 ] ] } },
{ "type": "Feature", "properties": { "u": 1938413214, "v": 1938413248, "key": 0, "osmid": "183465941", "highway": [ "unclassified" ], "oneway": false, "reversed": "True", "length": 145.00777801053803, "lanes": null, "name": null, "ref": null, "bridge": null, "maxspeed": null, "tunnel": null, "manual_add_candidate": true, "priority": 1 }, "geometry": { "type": "LineString", "coordinates": [ [ 141.8835377, 43.4291344 ], [ 141.881783, 43.4294115 ] ] } },
{ "type": "Feature", "properties": { "u": 1938413216, "v": 1938413156, "key": 0, "osmid": "183465899", "highway": [ "unclassified" ], "oneway": false, "reversed": "True", "length": 151.64757384013467, "lanes": null, "name": null, "ref": null, "bridge": null, "maxspeed": null, "tunnel": null, "manual_add_candidate": true, "priority": 1 }, "geometry": { "type": "LineString", "coordinates": [ [ 141.888022799999987, 43.4291387 ], [ 141.8876363, 43.4278041 ] ] } },
{ "type": "Feature", "properties": { "u": 1938413216, "v": 1938413252, "key": 0, "osmid": "183466111", "highway": [ "unclassified" ], "oneway": false, "reversed": "True", "length": 42.74493144497638, "lanes": null, "name": null, "ref": null, "bridge": null, "maxspeed": null, "tunnel": null, "manual_add_candidate": true, "priority": 1 }, "geometry": { "type": "LineString", "coordinates": [ [ 141.888022799999987, 43.4291387 ], [ 141.8881355, 43.4295143 ] ] } },
{ "type": "Feature", "properties": { "u": 1938413217, "v": 1938413199, "key": 0, "osmid": "183466227", "highway": [ "unclassified" ], "oneway": false, "reversed": "True", "length": 53.048460547825194, "lanes": null, "name": null, "ref": null, "bridge": null, "maxspeed": null, "tunnel": null, "manual_add_candidate": true, "priority": 1 }, "geometry": { "type": "LineString", "coordinates": [ [ 141.8872907, 43.4292515 ], [ 141.887150600000012, 43.4287854 ] ] } },
{ "type": "Feature", "properties": { "u": 1938413245, "v": 1938413269, "key": 0, "osmid": "183466190", "highway": [ "unclassified" ], "oneway": false, "reversed": "False", "length": 41.998147832005785, "lanes": null, "name": null, "ref": null, "bridge": null, "maxspeed": null, "tunnel": null, "manual_add_candidate": true, "priority": 1 }, "geometry": { "type": "LineString", "coordinates": [ [ 141.8865695, 43.4293703 ], [ 141.8866811, 43.4297392 ] ] } },
{ "type": "Feature", "properties": { "u": 1938413247, "v": 1938413252, "key": 0, "osmid": "183466179", "highway": [ "unclassified" ], "oneway": false, "reversed": "False", "length": 63.920532466016532, "lanes": null, "name": null, "ref": null, "bridge": null, "maxspeed": null, "tunnel": null, "manual_add_candidate": true, "priority": 1 }, "geometry": { "type": "LineString", "coordinates": [ [ 141.888908, 43.4293889 ], [ 141.8881355, 43.4295143 ] ] } },
{ "type": "Feature", "properties": { "u": 1938413248, "v": 1938413214, "key": 0, "osmid": "183465941", "highway": [ "unclassified" ], "oneway": false, "reversed": "False", "length": 145.00777801053803, "lanes": null, "name": null, "ref": null, "bridge": null, "maxspeed": null, "tunnel": null, "manual_add_candidate": true, "priority": 1 }, "geometry": { "type": "LineString", "coordinates": [ [ 141.881783, 43.4294115 ], [ 141.8835377, 43.4291344 ] ] } },
{ "type": "Feature", "properties": { "u": 1938413251, "v": 1938413324, "key": 0, "osmid": "183466150", "highway": [ "unclassified" ], "oneway": false, "reversed": "True", "length": 196.61241011230194, "lanes": null, "name": null, "ref": null, "bridge": null, "maxspeed": null, "tunnel": null, "manual_add_candidate": true, "priority": 1 }, "geometry": { "type": "LineString", "coordinates": [ [ 141.888934299999988, 43.429478 ], [ 141.8898364, 43.4293415 ], [ 141.8901775, 43.4304122 ] ] } },
{ "type": "Feature", "properties": { "u": 1938413252, "v": 1938413216, "key": 0, "osmid": "183466111", "highway": [ "unclassified" ], "oneway": false, "reversed": "False", "length": 42.74493144497638, "lanes": null, "name": null, "ref": null, "bridge": null, "maxspeed": null, "tunnel": null, "manual_add_candidate": true, "priority": 1 }, "geometry": { "type": "LineString", "coordinates": [ [ 141.8881355, 43.4295143 ], [ 141.888022799999987, 43.4291387 ] ] } },
{ "type": "Feature", "properties": { "u": 1938413252, "v": 1938413309, "key": 0, "osmid": "183466111", "highway": [ "unclassified" ], "oneway": false, "reversed": "True", "length": 66.091199257946542, "lanes": null, "name": null, "ref": null, "bridge": null, "maxspeed": null, "tunnel": null, "manual_add_candidate": true, "priority": 1 }, "geometry": { "type": "LineString", "coordinates": [ [ 141.8881355, 43.4295143 ], [ 141.8883094, 43.4300951 ] ] } },
{ "type": "Feature", "properties": { "u": 1938413252, "v": 1938413257, "key": 0, "osmid": "183466179", "highway": [ "unclassified" ], "oneway": false, "reversed": "False", "length": 58.440486271245739, "lanes": null, "name": null, "ref": null, "bridge": null, "maxspeed": null, "tunnel": null, "manual_add_candidate": true, "priority": 1 }, "geometry": { "type": "LineString", "coordinates": [ [ 141.8881355, 43.4295143 ], [ 141.8874265, 43.4296197 ] ] } },
{ "type": "Feature", "properties": { "u": 1938413252, "v": 1938413247, "key": 0, "osmid": "183466179", "highway": [ "unclassified" ], "oneway": false, "reversed": "True", "length": 63.920532466016532, "lanes": null, "name": null, "ref": null, "bridge": null, "maxspeed": null, "tunnel": null, "manual_add_candidate": true, "priority": 1 }, "geometry": { "type": "LineString", "coordinates": [ [ 141.8881355, 43.4295143 ], [ 141.888908, 43.4293889 ] ] } },
{ "type": "Feature", "properties": { "u": 1938413257, "v": 1938413313, "key": 0, "osmid": "183466005", "highway": [ "unclassified" ], "oneway": false, "reversed": "True", "length": 66.259510623807714, "lanes": null, "name": null, "ref": null, "bridge": null, "maxspeed": null, "tunnel": null, "manual_add_candidate": true, "priority": 1 }, "geometry": { "type": "LineString", "coordinates": [ [ 141.8874265, 43.4296197 ], [ 141.88758820000001, 43.4302039 ] ] } },
{ "type": "Feature", "properties": { "u": 1938413257, "v": 1938413269, "key": 0, "osmid": "183466179", "highway": [ "unclassified" ], "oneway": false, "reversed": "False", "length": 61.641730673017797, "lanes": null, "name": null, "ref": null, "bridge": null, "maxspeed": null, "tunnel": null, "manual_add_candidate": true, "priority": 1 }, "geometry": { "type": "LineString", "coordinates": [ [ 141.8874265, 43.4296197 ], [ 141.8866811, 43.4297392 ] ] } },
{ "type": "Feature", "properties": { "u": 1938413257, "v": 1938413252, "key": 0, "osmid": "183466179", "highway": [ "unclassified" ], "oneway": false, "reversed": "True", "length": 58.440486271245739, "lanes": null, "name": null, "ref": null, "bridge": null, "maxspeed": null, "tunnel": null, "manual_add_candidate": true, "priority": 1 }, "geometry": { "type": "LineString", "coordinates": [ [ 141.8874265, 43.4296197 ], [ 141.8881355, 43.4295143 ] ] } },
{ "type": "Feature", "properties": { "u": 1938413259, "v": 1938413327, "key": 0, "osmid": "183466090", "highway": [ "unclassified" ], "oneway": false, "reversed": "False", "length": 93.063885517119985, "lanes": null, "name": null, "ref": null, "bridge": null, "maxspeed": null, "tunnel": null, "manual_add_candidate": true, "priority": 1 }, "geometry": { "type": "LineString", "coordinates": [ [ 141.884747800000014, 43.4296484 ], [ 141.8849845, 43.4304675 ] ] } },
{ "type": "Feature", "properties": { "u": 1938413263, "v": 2350615079, "key": 0, "osmid": "183466094", "highway": [ "unclassified" ], "oneway": false, "reversed": "True", "length": 550.06989976949512, "lanes": null, "name": null, "ref": null, "bridge": null, "maxspeed": null, "tunnel": null, "manual_add_candidate": true, "priority": 1 }, "geometry": { "type": "LineString", "coordinates": [ [ 141.9033203, 43.4297227 ], [ 141.9009307, 43.4300824 ], [ 141.8997223, 43.4302794 ], [ 141.8966622, 43.4307675 ] ] } },
{ "type": "Feature", "properties": { "u": 1938413266, "v": 1938413331, "key": 0, "osmid": "183466062", "highway": [ "unclassified" ], "oneway": false, "reversed": "True", "length": 92.51061735541802, "lanes": null, "name": null, "ref": null, "bridge": null, "maxspeed": null, "tunnel": null, "manual_add_candidate": true, "priority": 1 }, "geometry": { "type": "LineString", "coordinates": [ [ 141.8842417, 43.4297279 ], [ 141.8844785, 43.4305419 ] ] } },
{ "type": "Feature", "properties": { "u": 1938413269, "v": 1938413279, "key": 0, "osmid": "183466179", "highway": [ "unclassified" ], "oneway": false, "reversed": "False", "length": 101.25193234150018, "lanes": null, "name": null, "ref": null, "bridge": null, "maxspeed": null, "tunnel": null, "manual_add_candidate": true, "priority": 1 }, "geometry": { "type": "LineString", "coordinates": [ [ 141.8866811, 43.4297392 ], [ 141.8854586, 43.4299416 ] ] } },
{ "type": "Feature", "properties": { "u": 1938413269, "v": 1938413257, "key": 0, "osmid": "183466179", "highway": [ "unclassified" ], "oneway": false, "reversed": "True", "length": 61.641730673017797, "lanes": null, "name": null, "ref": null, "bridge": null, "maxspeed": null, "tunnel": null, "manual_add_candidate": true, "priority": 1 }, "geometry": { "type": "LineString", "coordinates": [ [ 141.8866811, 43.4297392 ], [ 141.8874265, 43.4296197 ] ] } },
{ "type": "Feature", "properties": { "u": 1938413269, "v": 1938413320, "key": 0, "osmid": "183466190", "highway": [ "unclassified" ], "oneway": false, "reversed": "False", "length": 66.003727906946011, "lanes": null, "name": null, "ref": null, "bridge": null, "maxspeed": null, "tunnel": null, "manual_add_candidate": true, "priority": 1 }, "geometry": { "type": "LineString", "coordinates": [ [ 141.8866811, 43.4297392 ], [ 141.8868556, 43.4303191 ] ] } },
{ "type": "Feature", "properties": { "u": 1938413269, "v": 1938413245, "key": 0, "osmid": "183466190", "highway": [ "unclassified" ], "oneway": false, "reversed": "True", "length": 41.998147832005785, "lanes": null, "name": null, "ref": null, "bridge": null, "maxspeed": null, "tunnel": null, "manual_add_candidate": true, "priority": 1 }, "geometry": { "type": "LineString", "coordinates": [ [ 141.8866811, 43.4297392 ], [ 141.8865695, 43.4293703 ] ] } },
{ "type": "Feature", "properties": { "u": 1938413273, "v": 3010041364, "key": 0, "osmid": "183465921", "highway": [ "unclassified" ], "oneway": false, "reversed": "True", "length": 51.204840208091902, "lanes": null, "name": null, "ref": null, "bridge": null, "maxspeed": null, "tunnel": null, "manual_add_candidate": true, "priority": 1 }, "geometry": { "type": "LineString", "coordinates": [ [ 141.8837447, 43.4298136 ], [ 141.8836021, 43.4293649 ] ] } },
{ "type": "Feature", "properties": { "u": 1938413273, "v": 1938413340, "key": 0, "osmid": "183466140", "highway": [ "unclassified" ], "oneway": false, "reversed": "False", "length": 91.512241684199907, "lanes": null, "name": null, "ref": null, "bridge": null, "maxspeed": null, "tunnel": null, "manual_add_candidate": true, "priority": 1 }, "geometry": { "type": "LineString", "coordinates": [ [ 141.8837447, 43.4298136 ], [ 141.883986099999987, 43.4306177 ] ] } },
{ "type": "Feature", "properties": { "u": 1938413279, "v": 1938413269, "key": 0, "osmid": "183466179", "highway": [ "unclassified" ], "oneway": false, "reversed": "True", "length": 101.25193234150018, "lanes": null, "name": null, "ref": null, "bridge": null, "maxspeed": null, "tunnel": null, "manual_add_candidate": true, "priority": 1 }, "geometry": { "type": "LineString", "coordinates": [ [ 141.8854586, 43.4299416 ], [ 141.8866811, 43.4297392 ] ] } },
{ "type": "Feature", "properties": { "u": 1938413280, "v": 1938413346, "key": 0, "osmid": "183466074", "highway": [ "unclassified" ], "oneway": false, "reversed": "False", "length": 91.492983671807551, "lanes": null, "name": null, "ref": null, "bridge": null, "maxspeed": null, "tunnel": null, "manual_add_candidate": true, "priority": 1 }, "geometry": { "type": "LineString", "coordinates": [ [ 141.8827182, 43.4299689 ], [ 141.882963499999988, 43.4307722 ] ] } },
{ "type": "Feature", "properties": { "u": 1938413283, "v": 1938413286, "key": 0, "osmid": "183466225", "highway": [ "unclassified" ], "oneway": false, "reversed": "True", "length": 52.064269669935868, "lanes": null, "name": null, "ref": null, "bridge": null, "maxspeed": null, "tunnel": null, "manual_add_candidate": true, "priority": 1 }, "geometry": { "type": "LineString", "coordinates": [ [ 141.88908090000001, 43.429975 ], [ 141.8884507, 43.4300739 ] ] } },
{ "type": "Feature", "properties": { "u": 1938413286, "v": 1938413378, "key": 0, "osmid": "183466113", "highway": [ "unclassified" ], "oneway": false, "reversed": "False", "length": 104.75765620245733, "lanes": null, "name": null, "ref": null, "bridge": null, "maxspeed": null, "tunnel": null, "manual_add_candidate": true, "priority": 1 }, "geometry": { "type": "LineString", "coordinates": [ [ 141.8884507, 43.4300739 ], [ 141.8887186, 43.4309957 ] ] } },
{ "type": "Feature", "properties": { "u": 1938413286, "v": 1938413283, "key": 0, "osmid": "183466225", "highway": [ "unclassified" ], "oneway": false, "reversed": "False", "length": 52.064269669935868, "lanes": null, "name": null, "ref": null, "bridge": null, "maxspeed": null, "tunnel": null, "manual_add_candidate": true, "priority": 1 }, "geometry": { "type": "LineString", "coordinates": [ [ 141.8884507, 43.4300739 ], [ 141.88908090000001, 43.429975 ] ] } },
{ "type": "Feature", "properties": { "u": 1938413286, "v": 1938413309, "key": 0, "osmid": "183466225", "highway": [ "unclassified" ], "oneway": false, "reversed": "True", "length": 11.651141116856126, "lanes": null, "name": null, "ref": null, "bridge": null, "maxspeed": null, "tunnel": null, "manual_add_candidate": true, "priority": 1 }, "geometry": { "type": "LineString", "coordinates": [ [ 141.8884507, 43.4300739 ], [ 141.8883094, 43.4300951 ] ] } },
{ "type": "Feature", "properties": { "u": 1938413309, "v": 1938413252, "key": 0, "osmid": "183466111", "highway": [ "unclassified" ], "oneway": false, "reversed": "False", "length": 66.091199257946542, "lanes": null, "name": null, "ref": null, "bridge": null, "maxspeed": null, "tunnel": null, "manual_add_candidate": true, "priority": 1 }, "geometry": { "type": "LineString", "coordinates": [ [ 141.8883094, 43.4300951 ], [ 141.8881355, 43.4295143 ] ] } },
{ "type": "Feature", "properties": { "u": 1938413309, "v": 1938413286, "key": 0, "osmid": "183466225", "highway": [ "unclassified" ], "oneway": false, "reversed": "False", "length": 11.651141116856126, "lanes": null, "name": null, "ref": null, "bridge": null, "maxspeed": null, "tunnel": null, "manual_add_candidate": true, "priority": 1 }, "geometry": { "type": "LineString", "coordinates": [ [ 141.8883094, 43.4300951 ], [ 141.8884507, 43.4300739 ] ] } },
{ "type": "Feature", "properties": { "u": 1938413309, "v": 1938413311, "key": 0, "osmid": "183466225", "highway": [ "unclassified" ], "oneway": false, "reversed": "True", "length": 32.666557196232098, "lanes": null, "name": null, "ref": null, "bridge": null, "maxspeed": null, "tunnel": null, "manual_add_candidate": true, "priority": 1 }, "geometry": { "type": "LineString", "coordinates": [ [ 141.8883094, 43.4300951 ], [ 141.8879144, 43.4301585 ] ] } },
{ "type": "Feature", "properties": { "u": 1938413311, "v": 1938413388, "key": 0, "osmid": "183466088", "highway": [ "unclassified" ], "oneway": false, "reversed": "False", "length": 104.083039642152, "lanes": null, "name": null, "ref": null, "bridge": null, "maxspeed": null, "tunnel": null, "manual_add_candidate": true, "priority": 1 }, "geometry": { "type": "LineString", "coordinates": [ [ 141.8879144, 43.4301585 ], [ 141.8881683, 43.4310762 ] ] } },
{ "type": "Feature", "properties": { "u": 1938413311, "v": 1938413309, "key": 0, "osmid": "183466225", "highway": [ "unclassified" ], "oneway": false, "reversed": "False", "length": 32.666557196232098, "lanes": null, "name": null, "ref": null, "bridge": null, "maxspeed": null, "tunnel": null, "manual_add_candidate": true, "priority": 1 }, "geometry": { "type": "LineString", "coordinates": [ [ 141.8879144, 43.4301585 ], [ 141.8883094, 43.4300951 ] ] } },
{ "type": "Feature", "properties": { "u": 1938413311, "v": 1938413313, "key": 0, "osmid": "183466225", "highway": [ "unclassified" ], "oneway": false, "reversed": "True", "length": 26.820452143232497, "lanes": null, "name": null, "ref": null, "bridge": null, "maxspeed": null, "tunnel": null, "manual_add_candidate": true, "priority": 1 }, "geometry": { "type": "LineString", "coordinates": [ [ 141.8879144, 43.4301585 ], [ 141.88758820000001, 43.4302039 ] ] } },
{ "type": "Feature", "properties": { "u": 1938413313, "v": 1938413257, "key": 0, "osmid": "183466005", "highway": [ "unclassified" ], "oneway": false, "reversed": "False", "length": 66.259510623807714, "lanes": null, "name": null, "ref": null, "bridge": null, "maxspeed": null, "tunnel": null, "manual_add_candidate": true, "priority": 1 }, "geometry": { "type": "LineString", "coordinates": [ [ 141.88758820000001, 43.4302039 ], [ 141.8874265, 43.4296197 ] ] } },
{ "type": "Feature", "properties": { "u": 1938413313, "v": 1938413311, "key": 0, "osmid": "183466225", "highway": [ "unclassified" ], "oneway": false, "reversed": "False", "length": 26.820452143232497, "lanes": null, "name": null, "ref": null, "bridge": null, "maxspeed": null, "tunnel": null, "manual_add_candidate": true, "priority": 1 }, "geometry": { "type": "LineString", "coordinates": [ [ 141.88758820000001, 43.4302039 ], [ 141.8879144, 43.4301585 ] ] } },
{ "type": "Feature", "properties": { "u": 1938413313, "v": 1938413315, "key": 0, "osmid": "183466225", "highway": [ "unclassified" ], "oneway": false, "reversed": "True", "length": 19.660411927309319, "lanes": null, "name": null, "ref": null, "bridge": null, "maxspeed": null, "tunnel": null, "manual_add_candidate": true, "priority": 1 }, "geometry": { "type": "LineString", "coordinates": [ [ 141.88758820000001, 43.4302039 ], [ 141.8873503, 43.4302415 ] ] } },
{ "type": "Feature", "properties": { "u": 1938413315, "v": 1938413392, "key": 0, "osmid": "183466103", "highway": [ "unclassified" ], "oneway": false, "reversed": "True", "length": 104.51026628585042, "lanes": null, "name": null, "ref": null, "bridge": null, "maxspeed": null, "tunnel": null, "manual_add_candidate": true, "priority": 1 }, "geometry": { "type": "LineString", "coordinates": [ [ 141.8873503, 43.4302415 ], [ 141.8876323, 43.4311588 ] ] } },
{ "type": "Feature", "properties": { "u": 1938413315, "v": 1938413313, "key": 0, "osmid": "183466225", "highway": [ "unclassified" ], "oneway": false, "reversed": "False", "length": 19.660411927309319, "lanes": null, "name": null, "ref": null, "bridge": null, "maxspeed": null, "tunnel": null, "manual_add_candidate": true, "priority": 1 }, "geometry": { "type": "LineString", "coordinates": [ [ 141.8873503, 43.4302415 ], [ 141.88758820000001, 43.4302039 ] ] } },
{ "type": "Feature", "properties": { "u": 1938413315, "v": 1938413320, "key": 0, "osmid": "183466225", "highway": [ "unclassified" ], "oneway": false, "reversed": "True", "length": 40.868877028615543, "lanes": null, "name": null, "ref": null, "bridge": null, "maxspeed": null, "tunnel": null, "manual_add_candidate": true, "priority": 1 }, "geometry": { "type": "LineString", "coordinates": [ [ 141.8873503, 43.4302415 ], [ 141.8868556, 43.4303191 ] ] } },
{ "type": "Feature", "properties": { "u": 1938413320, "v": 1938413368, "key": 0, "osmid": "183466190", "highway": [ "unclassified" ], "oneway": false, "reversed": "False", "length": 62.755437836755206, "lanes": null, "name": null, "ref": null, "bridge": null, "maxspeed": null, "tunnel": null, "manual_add_candidate": true, "priority": 1 }, "geometry": { "type": "LineString", "coordinates": [ [ 141.8868556, 43.4303191 ], [ 141.8870115, 43.430872 ] ] } },
{ "type": "Feature", "properties": { "u": 1938413320, "v": 1938413269, "key": 0, "osmid": "183466190", "highway": [ "unclassified" ], "oneway": false, "reversed": "True", "length": 66.003727906946011, "lanes": null, "name": null, "ref": null, "bridge": null, "maxspeed": null, "tunnel": null, "manual_add_candidate": true, "priority": 1 }, "geometry": { "type": "LineString", "coordinates": [ [ 141.8868556, 43.4303191 ], [ 141.8866811, 43.4297392 ] ] } },
{ "type": "Feature", "properties": { "u": 1938413320, "v": 1938413315, "key": 0, "osmid": "183466225", "highway": [ "unclassified" ], "oneway": false, "reversed": "False", "length": 40.868877028615543, "lanes": null, "name": null, "ref": null, "bridge": null, "maxspeed": null, "tunnel": null, "manual_add_candidate": true, "priority": 1 }, "geometry": { "type": "LineString", "coordinates": [ [ 141.8868556, 43.4303191 ], [ 141.8873503, 43.4302415 ] ] } },
{ "type": "Feature", "properties": { "u": 1938413320, "v": 1938413329, "key": 0, "osmid": "183466225", "highway": [ "unclassified" ], "oneway": false, "reversed": "True", "length": 100.62762942537063, "lanes": null, "name": null, "ref": null, "bridge": null, "maxspeed": null, "tunnel": null, "manual_add_candidate": true, "priority": 1 }, "geometry": { "type": "LineString", "coordinates": [ [ 141.8868556, 43.4303191 ], [ 141.885639, 43.430515 ] ] } },
{ "type": "Feature", "properties": { "u": 1938413322, "v": 1938413327, "key": 0, "osmid": "183466201", "highway": [ "unclassified" ], "oneway": false, "reversed": "True", "length": 50.441160133522459, "lanes": null, "name": null, "ref": null, "bridge": null, "maxspeed": null, "tunnel": null, "manual_add_candidate": true, "priority": 1 }, "geometry": { "type": "LineString", "coordinates": [ [ 141.8855944, 43.4303695 ], [ 141.8849845, 43.4304675 ] ] } },
{ "type": "Feature", "properties": { "u": 1938413324, "v": 1938413337, "key": 0, "osmid": "183465953", "highway": [ "unclassified" ], "oneway": false, "reversed": "True", "length": 76.405116233461655, "lanes": null, "name": null, "ref": null, "bridge": null, "maxspeed": null, "tunnel": null, "manual_add_candidate": true, "priority": 1 }, "geometry": { "type": "LineString", "coordinates": [ [ 141.8901775, 43.4304122 ], [ 141.889251800000011, 43.4305544 ] ] } },
{ "type": "Feature", "properties": { "u": 1938413324, "v": 1938413416, "key": 0, "osmid": "183466150", "highway": [ "unclassified" ], "oneway": false, "reversed": "True", "length": 146.47374614595103, "lanes": null, "name": null, "ref": null, "bridge": null, "maxspeed": null, "tunnel": null, "manual_add_candidate": true, "priority": 1 }, "geometry": { "type": "LineString", "coordinates": [ [ 141.8901775, 43.4304122 ], [ 141.890544, 43.4317023 ] ] } },
{ "type": "Feature", "properties": { "u": 1938413324, "v": 1938413251, "key": 0, "osmid": "183466150", "highway": [ "unclassified" ], "oneway": false, "reversed": "False", "length": 196.61241011230194, "lanes": null, "name": null, "ref": null, "bridge": null, "maxspeed": null, "tunnel": null, "manual_add_candidate": true, "priority": 1 }, "geometry": { "type": "LineString", "coordinates": [ [ 141.8901775, 43.4304122 ], [ 141.8898364, 43.4293415 ], [ 141.888934299999988, 43.429478 ] ] } },
{ "type": "Feature", "properties": { "u": 1938413327, "v": 1938413387, "key": 0, "osmid": "183466090", "highway": [ "unclassified" ], "oneway": false, "reversed": "False", "length": 69.258276378692344, "lanes": null, "name": null, "ref": null, "bridge": null, "maxspeed": null, "tunnel": null, "manual_add_candidate": true, "priority": 1 }, "geometry": { "type": "LineString", "coordinates": [ [ 141.8849845, 43.4304675 ], [ 141.8851631, 43.4310767 ] ] } },
{ "type": "Feature", "properties": { "u": 1938413327, "v": 1938413259, "key": 0, "osmid": "183466090", "highway": [ "unclassified" ], "oneway": false, "reversed": "True", "length": 93.063885517119985, "lanes": null, "name": null, "ref": null, "bridge": null, "maxspeed": null, "tunnel": null, "manual_add_candidate": true, "priority": 1 }, "geometry": { "type": "LineString", "coordinates": [ [ 141.8849845, 43.4304675 ], [ 141.884747800000014, 43.4296484 ] ] } },
{ "type": "Feature", "properties": { "u": 1938413327, "v": 1938413322, "key": 0, "osmid": "183466201", "highway": [ "unclassified" ], "oneway": false, "reversed": "False", "length": 50.441160133522459, "lanes": null, "name": null, "ref": null, "bridge": null, "maxspeed": null, "tunnel": null, "manual_add_candidate": true, "priority": 1 }, "geometry": { "type": "LineString", "coordinates": [ [ 141.8849845, 43.4304675 ], [ 141.8855944, 43.4303695 ] ] } },
{ "type": "Feature", "properties": { "u": 1938413327, "v": 1938413331, "key": 0, "osmid": "183466201", "highway": [ "unclassified" ], "oneway": false, "reversed": "True", "length": 41.689024127862673, "lanes": null, "name": null, "ref": null, "bridge": null, "maxspeed": null, "tunnel": null, "manual_add_candidate": true, "priority": 1 }, "geometry": { "type": "LineString", "coordinates": [ [ 141.8849845, 43.4304675 ], [ 141.8844785, 43.4305419 ] ] } },
{ "type": "Feature", "properties": { "u": 1938413329, "v": 1938413320, "key": 0, "osmid": "183466225", "highway": [ "unclassified" ], "oneway": false, "reversed": "False", "length": 100.62762942537063, "lanes": null, "name": null, "ref": null, "bridge": null, "maxspeed": null, "tunnel": null, "manual_add_candidate": true, "priority": 1 }, "geometry": { "type": "LineString", "coordinates": [ [ 141.885639, 43.430515 ], [ 141.8868556, 43.4303191 ] ] } },
{ "type": "Feature", "properties": { "u": 1938413331, "v": 1938413266, "key": 0, "osmid": "183466062", "highway": [ "unclassified" ], "oneway": false, "reversed": "False", "length": 92.51061735541802, "lanes": null, "name": null, "ref": null, "bridge": null, "maxspeed": null, "tunnel": null, "manual_add_candidate": true, "priority": 1 }, "geometry": { "type": "LineString", "coordinates": [ [ 141.8844785, 43.4305419 ], [ 141.8842417, 43.4297279 ] ] } },
{ "type": "Feature", "properties": { "u": 1938413331, "v": 1938413391, "key": 0, "osmid": "183466062", "highway": [ "unclassified" ], "oneway": false, "reversed": "True", "length": 69.906232102156338, "lanes": null, "name": null, "ref": null, "bridge": null, "maxspeed": null, "tunnel": null, "manual_add_candidate": true, "priority": 1 }, "geometry": { "type": "LineString", "coordinates": [ [ 141.8844785, 43.4305419 ], [ 141.8846515, 43.4311579 ] ] } },
{ "type": "Feature", "properties": { "u": 1938413331, "v": 1938413327, "key": 0, "osmid": "183466201", "highway": [ "unclassified" ], "oneway": false, "reversed": "False", "length": 41.689024127862673, "lanes": null, "name": null, "ref": null, "bridge": null, "maxspeed": null, "tunnel": null, "manual_add_candidate": true, "priority": 1 }, "geometry": { "type": "LineString", "coordinates": [ [ 141.8844785, 43.4305419 ], [ 141.8849845, 43.4304675 ] ] } },
{ "type": "Feature", "properties": { "u": 1938413331, "v": 1938413340, "key": 0, "osmid": "183466201", "highway": [ "unclassified" ], "oneway": false, "reversed": "True", "length": 40.645186326206684, "lanes": null, "name": null, "ref": null, "bridge": null, "maxspeed": null, "tunnel": null, "manual_add_candidate": true, "priority": 1 }, "geometry": { "type": "LineString", "coordinates": [ [ 141.8844785, 43.4305419 ], [ 141.883986099999987, 43.4306177 ] ] } },
{ "type": "Feature", "properties": { "u": 1938413337, "v": 1938413324, "key": 0, "osmid": "183465953", "highway": [ "unclassified" ], "oneway": false, "reversed": "False", "length": 76.405116233461655, "lanes": null, "name": null, "ref": null, "bridge": null, "maxspeed": null, "tunnel": null, "manual_add_candidate": true, "priority": 1 }, "geometry": { "type": "LineString", "coordinates": [ [ 141.889251800000011, 43.4305544 ], [ 141.8901775, 43.4304122 ] ] } },
{ "type": "Feature", "properties": { "u": 1938413340, "v": 1938413393, "key": 0, "osmid": "183466140", "highway": [ "unclassified" ], "oneway": false, "reversed": "False", "length": 69.440796525383604, "lanes": null, "name": null, "ref": null, "bridge": null, "maxspeed": null, "tunnel": null, "manual_add_candidate": true, "priority": 1 }, "geometry": { "type": "LineString", "coordinates": [ [ 141.883986099999987, 43.4306177 ], [ 141.8841626, 43.4312289 ] ] } },
{ "type": "Feature", "properties": { "u": 1938413340, "v": 1938413273, "key": 0, "osmid": "183466140", "highway": [ "unclassified" ], "oneway": false, "reversed": "True", "length": 91.512241684199907, "lanes": null, "name": null, "ref": null, "bridge": null, "maxspeed": null, "tunnel": null, "manual_add_candidate": true, "priority": 1 }, "geometry": { "type": "LineString", "coordinates": [ [ 141.883986099999987, 43.4306177 ], [ 141.8837447, 43.4298136 ] ] } },
{ "type": "Feature", "properties": { "u": 1938413340, "v": 1938413331, "key": 0, "osmid": "183466201", "highway": [ "unclassified" ], "oneway": false, "reversed": "False", "length": 40.645186326206684, "lanes": null, "name": null, "ref": null, "bridge": null, "maxspeed": null, "tunnel": null, "manual_add_candidate": true, "priority": 1 }, "geometry": { "type": "LineString", "coordinates": [ [ 141.883986099999987, 43.4306177 ], [ 141.8844785, 43.4305419 ] ] } },
{ "type": "Feature", "properties": { "u": 1938413340, "v": 1938413346, "key": 0, "osmid": "183466201", "highway": [ "unclassified" ], "oneway": false, "reversed": "True", "length": 84.343713538411009, "lanes": null, "name": null, "ref": null, "bridge": null, "maxspeed": null, "tunnel": null, "manual_add_candidate": true, "priority": 1 }, "geometry": { "type": "LineString", "coordinates": [ [ 141.883986099999987, 43.4306177 ], [ 141.882963499999988, 43.4307722 ] ] } },
{ "type": "Feature", "properties": { "u": 1938413346, "v": 1938413396, "key": 0, "osmid": "183466074", "highway": [ "unclassified" ], "oneway": false, "reversed": "False", "length": 69.377266659136509, "lanes": null, "name": null, "ref": null, "bridge": null, "maxspeed": null, "tunnel": null, "manual_add_candidate": true, "priority": 1 }, "geometry": { "type": "LineString", "coordinates": [ [ 141.882963499999988, 43.4307722 ], [ 141.8831341, 43.4313837 ] ] } },
{ "type": "Feature", "properties": { "u": 1938413346, "v": 1938413280, "key": 0, "osmid": "183466074", "highway": [ "unclassified" ], "oneway": false, "reversed": "True", "length": 91.492983671807551, "lanes": null, "name": null, "ref": null, "bridge": null, "maxspeed": null, "tunnel": null, "manual_add_candidate": true, "priority": 1 }, "geometry": { "type": "LineString", "coordinates": [ [ 141.882963499999988, 43.4307722 ], [ 141.8827182, 43.4299689 ] ] } },
{ "type": "Feature", "properties": { "u": 1938413346, "v": 1938413340, "key": 0, "osmid": "183466201", "highway": [ "unclassified" ], "oneway": false, "reversed": "False", "length": 84.343713538411009, "lanes": null, "name": null, "ref": null, "bridge": null, "maxspeed": null, "tunnel": null, "manual_add_candidate": true, "priority": 1 }, "geometry": { "type": "LineString", "coordinates": [ [ 141.882963499999988, 43.4307722 ], [ 141.883986099999987, 43.4306177 ] ] } },
{ "type": "Feature", "properties": { "u": 1938413346, "v": 1938413374, "key": 0, "osmid": "183466201", "highway": [ "unclassified" ], "oneway": false, "reversed": "True", "length": 62.485283982975183, "lanes": null, "name": null, "ref": null, "bridge": null, "maxspeed": null, "tunnel": null, "manual_add_candidate": true, "priority": 1 }, "geometry": { "type": "LineString", "coordinates": [ [ 141.882963499999988, 43.4307722 ], [ 141.8822093, 43.4308979 ] ] } },
{ "type": "Feature", "properties": { "u": 1938413350, "v": 1938413382, "key": 0, "osmid": "183465927", "highway": [ "unclassified" ], "oneway": false, "reversed": "True", "length": 131.31045979486481, "lanes": null, "name": null, "ref": null, "bridge": null, "maxspeed": null, "tunnel": null, "manual_add_candidate": true, "priority": 1 }, "geometry": { "type": "LineString", "coordinates": [ [ 141.896330799999987, 43.4308111 ], [ 141.8947412, 43.43106 ] ] } },
{ "type": "Feature", "properties": { "u": 1938413350, "v": 2350615079, "key": 0, "osmid": [ 183466094, 183465982, 183465927 ], "highway": [ "unclassified" ], "oneway": false, "reversed": "False", "length": 27.227117348251916, "lanes": null, "name": null, "ref": null, "bridge": "yes", "maxspeed": null, "tunnel": null, "manual_add_candidate": true, "priority": 1 }, "geometry": { "type": "LineString", "coordinates": [ [ 141.896330799999987, 43.4308111 ], [ 141.8964092, 43.4308056 ], [ 141.8966101, 43.4307765 ], [ 141.8966622, 43.4307675 ] ] } },
{ "type": "Feature", "properties": { "u": 1938413350, "v": 1938413174, "key": 0, "osmid": "183466178", "highway": [ "unclassified" ], "oneway": false, "reversed": "False", "length": 286.11562284221503, "lanes": null, "name": null, "ref": null, "bridge": null, "maxspeed": null, "tunnel": null, "manual_add_candidate": true, "priority": 1 }, "geometry": { "type": "LineString", "coordinates": [ [ 141.896330799999987, 43.4308111 ], [ 141.896269600000011, 43.4298491 ], [ 141.8958538, 43.4282676 ] ] } },
{ "type": "Feature", "properties": { "u": 1938413350, "v": 2350615490, "key": 0, "osmid": "226201845", "highway": [ "unclassified" ], "oneway": false, "reversed": "True", "length": 566.55862125907299, "lanes": null, "name": null, "ref": null, "bridge": null, "maxspeed": null, "tunnel": null, "manual_add_candidate": true, "priority": 1 }, "geometry": { "type": "LineString", "coordinates": [ [ 141.896330799999987, 43.4308111 ], [ 141.8964082, 43.4314433 ], [ 141.8964618, 43.4318364 ], [ 141.8975231, 43.435553 ], [ 141.8975997, 43.435817 ] ] } },
{ "type": "Feature", "properties": { "u": 1938413368, "v": 1938413385, "key": 0, "osmid": "183465955", "highway": [ "unclassified" ], "oneway": false, "reversed": "True", "length": 100.42960461975821, "lanes": null, "name": null, "ref": null, "bridge": null, "maxspeed": null, "tunnel": null, "manual_add_candidate": true, "priority": 1 }, "geometry": { "type": "LineString", "coordinates": [ [ 141.8870115, 43.430872 ], [ 141.8857978, 43.4310692 ] ] } },
{ "type": "Feature", "properties": { "u": 1938413368, "v": 1938413320, "key": 0, "osmid": "183466190", "highway": [ "unclassified" ], "oneway": false, "reversed": "True", "length": 62.755437836755206, "lanes": null, "name": null, "ref": null, "bridge": null, "maxspeed": null, "tunnel": null, "manual_add_candidate": true, "priority": 1 }, "geometry": { "type": "LineString", "coordinates": [ [ 141.8870115, 43.430872 ], [ 141.8868556, 43.4303191 ] ] } },
{ "type": "Feature", "properties": { "u": 1938413368, "v": 1938413392, "key": 0, "osmid": [ 183466195, 183466190 ], "highway": [ "unclassified" ], "oneway": false, "reversed": [ false, true ], "length": 85.103497146868449, "lanes": null, "name": null, "ref": null, "bridge": null, "maxspeed": null, "tunnel": null, "manual_add_candidate": true, "priority": 1 }, "geometry": { "type": "LineString", "coordinates": [ [ 141.8870115, 43.430872 ], [ 141.8871124, 43.4312433 ], [ 141.8876323, 43.4311588 ] ] } },
{ "type": "Feature", "properties": { "u": 1938413370, "v": 1938413378, "key": 0, "osmid": "183466195", "highway": [ "unclassified" ], "oneway": false, "reversed": "False", "length": 52.373807844195746, "lanes": null, "name": null, "ref": null, "bridge": null, "maxspeed": null, "tunnel": null, "manual_add_candidate": true, "priority": 1 }, "geometry": { "type": "LineString", "coordinates": [ [ 141.889353199999988, 43.4308984 ], [ 141.8887186, 43.4309957 ] ] } },
{ "type": "Feature", "properties": { "u": 1938413374, "v": 1938413346, "key": 0, "osmid": "183466201", "highway": [ "unclassified" ], "oneway": false, "reversed": "False", "length": 62.485283982975183, "lanes": null, "name": null, "ref": null, "bridge": null, "maxspeed": null, "tunnel": null, "manual_add_candidate": true, "priority": 1 }, "geometry": { "type": "LineString", "coordinates": [ [ 141.8822093, 43.4308979 ], [ 141.882963499999988, 43.4307722 ] ] } },
{ "type": "Feature", "properties": { "u": 1938413376, "v": 1938413387, "key": 0, "osmid": "183466205", "highway": [ "unclassified" ], "oneway": false, "reversed": "True", "length": 50.251575887568549, "lanes": null, "name": null, "ref": null, "bridge": null, "maxspeed": null, "tunnel": null, "manual_add_candidate": true, "priority": 1 }, "geometry": { "type": "LineString", "coordinates": [ [ 141.885773, 43.4309869 ], [ 141.8851631, 43.4310767 ] ] } },
{ "type": "Feature", "properties": { "u": 1938413378, "v": 5424606150, "key": 0, "osmid": "183466113", "highway": [ "unclassified" ], "oneway": false, "reversed": "False", "length": 107.0126659683724, "lanes": null, "name": null, "ref": null, "bridge": null, "maxspeed": null, "tunnel": null, "manual_add_candidate": true, "priority": 1 }, "geometry": { "type": "LineString", "coordinates": [ [ 141.8887186, 43.4309957 ], [ 141.888993199999987, 43.4319372 ] ] } },
{ "type": "Feature", "properties": { "u": 1938413378, "v": 1938413286, "key": 0, "osmid": "183466113", "highway": [ "unclassified" ], "oneway": false, "reversed": "True", "length": 104.75765620245733, "lanes": null, "name": null, "ref": null, "bridge": null, "maxspeed": null, "tunnel": null, "manual_add_candidate": true, "priority": 1 }, "geometry": { "type": "LineString", "coordinates": [ [ 141.8887186, 43.4309957 ], [ 141.8884507, 43.4300739 ] ] } },
{ "type": "Feature", "properties": { "u": 1938413378, "v": 1938413388, "key": 0, "osmid": "183466195", "highway": [ "unclassified" ], "oneway": false, "reversed": "False", "length": 45.329385378761856, "lanes": null, "name": null, "ref": null, "bridge": null, "maxspeed": null, "tunnel": null, "manual_add_candidate": true, "priority": 1 }, "geometry": { "type": "LineString", "coordinates": [ [ 141.8887186, 43.4309957 ], [ 141.8881683, 43.4310762 ] ] } },
{ "type": "Feature", "properties": { "u": 1938413378, "v": 1938413370, "key": 0, "osmid": "183466195", "highway": [ "unclassified" ], "oneway": false, "reversed": "True", "length": 52.373807844195746, "lanes": null, "name": null, "ref": null, "bridge": null, "maxspeed": null, "tunnel": null, "manual_add_candidate": true, "priority": 1 }, "geometry": { "type": "LineString", "coordinates": [ [ 141.8887186, 43.4309957 ], [ 141.889353199999988, 43.4308984 ] ] } },
{ "type": "Feature", "properties": { "u": 1938413382, "v": 1938413350, "key": 0, "osmid": "183465927", "highway": [ "unclassified" ], "oneway": false, "reversed": "False", "length": 131.31045979486481, "lanes": null, "name": null, "ref": null, "bridge": null, "maxspeed": null, "tunnel": null, "manual_add_candidate": true, "priority": 1 }, "geometry": { "type": "LineString", "coordinates": [ [ 141.8947412, 43.43106 ], [ 141.896330799999987, 43.4308111 ] ] } },
{ "type": "Feature", "properties": { "u": 1938413382, "v": 1938413416, "key": 0, "osmid": "183465927", "highway": [ "unclassified" ], "oneway": false, "reversed": "True", "length": 346.41694311829411, "lanes": null, "name": null, "ref": null, "bridge": null, "maxspeed": null, "tunnel": null, "manual_add_candidate": true, "priority": 1 }, "geometry": { "type": "LineString", "coordinates": [ [ 141.8947412, 43.43106 ], [ 141.8915469, 43.4315488 ], [ 141.8914595, 43.4315698 ], [ 141.890544, 43.4317023 ] ] } },
{ "type": "Feature", "properties": { "u": 1938413382, "v": 1938413174, "key": 0, "osmid": "183466127", "highway": [ "unclassified" ], "oneway": false, "reversed": "False", "length": 431.73180864759047, "lanes": null, "name": null, "ref": null, "bridge": null, "maxspeed": null, "tunnel": null, "manual_add_candidate": true, "priority": 1 }, "geometry": { "type": "LineString", "coordinates": [ [ 141.8947412, 43.43106 ], [ 141.894042399999989, 43.4285811 ], [ 141.8958538, 43.4282676 ] ] } },
{ "type": "Feature", "properties": { "u": 1938413385, "v": 1938413368, "key": 0, "osmid": "183465955", "highway": [ "unclassified" ], "oneway": false, "reversed": "False", "length": 100.42960461975821, "lanes": null, "name": null, "ref": null, "bridge": null, "maxspeed": null, "tunnel": null, "manual_add_candidate": true, "priority": 1 }, "geometry": { "type": "LineString", "coordinates": [ [ 141.8857978, 43.4310692 ], [ 141.8870115, 43.430872 ] ] } },
{ "type": "Feature", "properties": { "u": 1938413387, "v": 1938413327, "key": 0, "osmid": "183466090", "highway": [ "unclassified" ], "oneway": false, "reversed": "True", "length": 69.258276378692344, "lanes": null, "name": null, "ref": null, "bridge": null, "maxspeed": null, "tunnel": null, "manual_add_candidate": true, "priority": 1 }, "geometry": { "type": "LineString", "coordinates": [ [ 141.8851631, 43.4310767 ], [ 141.8849845, 43.4304675 ] ] } },
{ "type": "Feature", "properties": { "u": 1938413387, "v": 1938413376, "key": 0, "osmid": "183466205", "highway": [ "unclassified" ], "oneway": false, "reversed": "False", "length": 50.251575887568549, "lanes": null, "name": null, "ref": null, "bridge": null, "maxspeed": null, "tunnel": null, "manual_add_candidate": true, "priority": 1 }, "geometry": { "type": "LineString", "coordinates": [ [ 141.8851631, 43.4310767 ], [ 141.885773, 43.4309869 ] ] } },
{ "type": "Feature", "properties": { "u": 1938413387, "v": 1938413391, "key": 0, "osmid": "183466205", "highway": [ "unclassified" ], "oneway": false, "reversed": "True", "length": 42.286892115067133, "lanes": null, "name": null, "ref": null, "bridge": null, "maxspeed": null, "tunnel": null, "manual_add_candidate": true, "priority": 1 }, "geometry": { "type": "LineString", "coordinates": [ [ 141.8851631, 43.4310767 ], [ 141.8846515, 43.4311579 ] ] } },
{ "type": "Feature", "properties": { "u": 1938413388, "v": 1938413423, "key": 0, "osmid": "183466088", "highway": [ "unclassified" ], "oneway": false, "reversed": "False", "length": 107.87809538238434, "lanes": null, "name": null, "ref": null, "bridge": null, "maxspeed": null, "tunnel": null, "manual_add_candidate": true, "priority": 1 }, "geometry": { "type": "LineString", "coordinates": [ [ 141.8881683, 43.4310762 ], [ 141.8884529, 43.4320241 ] ] } },
{ "type": "Feature", "properties": { "u": 1938413388, "v": 1938413311, "key": 0, "osmid": "183466088", "highway": [ "unclassified" ], "oneway": false, "reversed": "True", "length": 104.083039642152, "lanes": null, "name": null, "ref": null, "bridge": null, "maxspeed": null, "tunnel": null, "manual_add_candidate": true, "priority": 1 }, "geometry": { "type": "LineString", "coordinates": [ [ 141.8881683, 43.4310762 ], [ 141.8879144, 43.4301585 ] ] } },
{ "type": "Feature", "properties": { "u": 1938413388, "v": 1938413392, "key": 0, "osmid": "183466195", "highway": [ "unclassified" ], "oneway": false, "reversed": "False", "length": 44.245809966049087, "lanes": null, "name": null, "ref": null, "bridge": null, "maxspeed": null, "tunnel": null, "manual_add_candidate": true, "priority": 1 }, "geometry": { "type": "LineString", "coordinates": [ [ 141.8881683, 43.4310762 ], [ 141.8876323, 43.4311588 ] ] } },
{ "type": "Feature", "properties": { "u": 1938413388, "v": 1938413378, "key": 0, "osmid": "183466195", "highway": [ "unclassified" ], "oneway": false, "reversed": "True", "length": 45.329385378761856, "lanes": null, "name": null, "ref": null, "bridge": null, "maxspeed": null, "tunnel": null, "manual_add_candidate": true, "priority": 1 }, "geometry": { "type": "LineString", "coordinates": [ [ 141.8881683, 43.4310762 ], [ 141.8887186, 43.4309957 ] ] } },
{ "type": "Feature", "properties": { "u": 1938413391, "v": 1938413331, "key": 0, "osmid": "183466062", "highway": [ "unclassified" ], "oneway": false, "reversed": "False", "length": 69.906232102156338, "lanes": null, "name": null, "ref": null, "bridge": null, "maxspeed": null, "tunnel": null, "manual_add_candidate": true, "priority": 1 }, "geometry": { "type": "LineString", "coordinates": [ [ 141.8846515, 43.4311579 ], [ 141.8844785, 43.4305419 ] ] } },
{ "type": "Feature", "properties": { "u": 1938413391, "v": 1938413387, "key": 0, "osmid": "183466205", "highway": [ "unclassified" ], "oneway": false, "reversed": "False", "length": 42.286892115067133, "lanes": null, "name": null, "ref": null, "bridge": null, "maxspeed": null, "tunnel": null, "manual_add_candidate": true, "priority": 1 }, "geometry": { "type": "LineString", "coordinates": [ [ 141.8846515, 43.4311579 ], [ 141.8851631, 43.4310767 ] ] } },
{ "type": "Feature", "properties": { "u": 1938413391, "v": 1938413393, "key": 0, "osmid": "183466205", "highway": [ "unclassified" ], "oneway": false, "reversed": "True", "length": 40.26029738177899, "lanes": null, "name": null, "ref": null, "bridge": null, "maxspeed": null, "tunnel": null, "manual_add_candidate": true, "priority": 1 }, "geometry": { "type": "LineString", "coordinates": [ [ 141.8846515, 43.4311579 ], [ 141.8841626, 43.4312289 ] ] } },
{ "type": "Feature", "properties": { "u": 1938413392, "v": 1938413315, "key": 0, "osmid": "183466103", "highway": [ "unclassified" ], "oneway": false, "reversed": "False", "length": 104.51026628585042, "lanes": null, "name": null, "ref": null, "bridge": null, "maxspeed": null, "tunnel": null, "manual_add_candidate": true, "priority": 1 }, "geometry": { "type": "LineString", "coordinates": [ [ 141.8876323, 43.4311588 ], [ 141.8873503, 43.4302415 ] ] } },
{ "type": "Feature", "properties": { "u": 1938413392, "v": 1938413425, "key": 0, "osmid": "183466103", "highway": [ "unclassified" ], "oneway": false, "reversed": "True", "length": 108.52886682145218, "lanes": null, "name": null, "ref": null, "bridge": null, "maxspeed": null, "tunnel": null, "manual_add_candidate": true, "priority": 1 }, "geometry": { "type": "LineString", "coordinates": [ [ 141.8876323, 43.4311588 ], [ 141.8879181, 43.4321125 ] ] } },
{ "type": "Feature", "properties": { "u": 1938413392, "v": 1938413388, "key": 0, "osmid": "183466195", "highway": [ "unclassified" ], "oneway": false, "reversed": "True", "length": 44.245809966049087, "lanes": null, "name": null, "ref": null, "bridge": null, "maxspeed": null, "tunnel": null, "manual_add_candidate": true, "priority": 1 }, "geometry": { "type": "LineString", "coordinates": [ [ 141.8876323, 43.4311588 ], [ 141.8881683, 43.4310762 ] ] } },
{ "type": "Feature", "properties": { "u": 1938413392, "v": 1938413368, "key": 0, "osmid": [ 183466195, 183466190 ], "highway": [ "unclassified" ], "oneway": false, "reversed": [ false, true ], "length": 85.103497146868449, "lanes": null, "name": null, "ref": null, "bridge": null, "maxspeed": null, "tunnel": null, "manual_add_candidate": true, "priority": 1 }, "geometry": { "type": "LineString", "coordinates": [ [ 141.8876323, 43.4311588 ], [ 141.8871124, 43.4312433 ], [ 141.8870115, 43.430872 ] ] } },
{ "type": "Feature", "properties": { "u": 1938413393, "v": 1938413340, "key": 0, "osmid": "183466140", "highway": [ "unclassified" ], "oneway": false, "reversed": "True", "length": 69.440796525383604, "lanes": null, "name": null, "ref": null, "bridge": null, "maxspeed": null, "tunnel": null, "manual_add_candidate": true, "priority": 1 }, "geometry": { "type": "LineString", "coordinates": [ [ 141.8841626, 43.4312289 ], [ 141.883986099999987, 43.4306177 ] ] } },
{ "type": "Feature", "properties": { "u": 1938413393, "v": 1938413391, "key": 0, "osmid": "183466205", "highway": [ "unclassified" ], "oneway": false, "reversed": "False", "length": 40.26029738177899, "lanes": null, "name": null, "ref": null, "bridge": null, "maxspeed": null, "tunnel": null, "manual_add_candidate": true, "priority": 1 }, "geometry": { "type": "LineString", "coordinates": [ [ 141.8841626, 43.4312289 ], [ 141.8846515, 43.4311579 ] ] } },
{ "type": "Feature", "properties": { "u": 1938413393, "v": 1938413396, "key": 0, "osmid": "183466205", "highway": [ "unclassified" ], "oneway": false, "reversed": "True", "length": 84.816151936944721, "lanes": null, "name": null, "ref": null, "bridge": null, "maxspeed": null, "tunnel": null, "manual_add_candidate": true, "priority": 1 }, "geometry": { "type": "LineString", "coordinates": [ [ 141.8841626, 43.4312289 ], [ 141.8831341, 43.4313837 ] ] } },
{ "type": "Feature", "properties": { "u": 1938413396, "v": 1938413346, "key": 0, "osmid": "183466074", "highway": [ "unclassified" ], "oneway": false, "reversed": "True", "length": 69.377266659136509, "lanes": null, "name": null, "ref": null, "bridge": null, "maxspeed": null, "tunnel": null, "manual_add_candidate": true, "priority": 1 }, "geometry": { "type": "LineString", "coordinates": [ [ 141.8831341, 43.4313837 ], [ 141.882963499999988, 43.4307722 ] ] } },
{ "type": "Feature", "properties": { "u": 1938413396, "v": 1938413393, "key": 0, "osmid": "183466205", "highway": [ "unclassified" ], "oneway": false, "reversed": "False", "length": 84.816151936944721, "lanes": null, "name": null, "ref": null, "bridge": null, "maxspeed": null, "tunnel": null, "manual_add_candidate": true, "priority": 1 }, "geometry": { "type": "LineString", "coordinates": [ [ 141.8831341, 43.4313837 ], [ 141.8841626, 43.4312289 ] ] } },
{ "type": "Feature", "properties": { "u": 1938413396, "v": 1938413397, "key": 0, "osmid": "183466205", "highway": [ "unclassified" ], "oneway": false, "reversed": "True", "length": 62.186793686275898, "lanes": null, "name": null, "ref": null, "bridge": null, "maxspeed": null, "tunnel": null, "manual_add_candidate": true, "priority": 1 }, "geometry": { "type": "LineString", "coordinates": [ [ 141.8831341, 43.4313837 ], [ 141.8823807, 43.4314996 ] ] } },
{ "type": "Feature", "properties": { "u": 1938413397, "v": 1938413396, "key": 0, "osmid": "183466205", "highway": [ "unclassified" ], "oneway": false, "reversed": "False", "length": 62.186793686275898, "lanes": null, "name": null, "ref": null, "bridge": null, "maxspeed": null, "tunnel": null, "manual_add_candidate": true, "priority": 1 }, "geometry": { "type": "LineString", "coordinates": [ [ 141.8823807, 43.4314996 ], [ 141.8831341, 43.4313837 ] ] } },
{ "type": "Feature", "properties": { "u": 1938413416, "v": 501816742, "key": 0, "osmid": "183465927", "highway": [ "unclassified" ], "oneway": false, "reversed": "True", "length": 72.916241743942706, "lanes": null, "name": null, "ref": null, "bridge": null, "maxspeed": null, "tunnel": null, "manual_add_candidate": true, "priority": 1 }, "geometry": { "type": "LineString", "coordinates": [ [ 141.890544, 43.4317023 ], [ 141.8896581, 43.4318293 ] ] } },
{ "type": "Feature", "properties": { "u": 1938413416, "v": 1938413324, "key": 0, "osmid": "183466150", "highway": [ "unclassified" ], "oneway": false, "reversed": "False", "length": 146.47374614595103, "lanes": null, "name": null, "ref": null, "bridge": null, "maxspeed": null, "tunnel": null, "manual_add_candidate": true, "priority": 1 }, "geometry": { "type": "LineString", "coordinates": [ [ 141.890544, 43.4317023 ], [ 141.8901775, 43.4304122 ] ] } },
{ "type": "Feature", "properties": { "u": 1938413416, "v": 1938413382, "key": 0, "osmid": "183465927", "highway": [ "unclassified" ], "oneway": false, "reversed": "False", "length": 346.41694311829411, "lanes": null, "name": null, "ref": null, "bridge": null, "maxspeed": null, "tunnel": null, "manual_add_candidate": true, "priority": 1 }, "geometry": { "type": "LineString", "coordinates": [ [ 141.890544, 43.4317023 ], [ 141.8914595, 43.4315698 ], [ 141.8915469, 43.4315488 ], [ 141.8947412, 43.43106 ] ] } },
{ "type": "Feature", "properties": { "u": 1938413421, "v": 5424606150, "key": 0, "osmid": "183465927", "highway": [ "unclassified" ], "oneway": false, "reversed": "False", "length": 36.991467213683812, "lanes": null, "name": null, "ref": null, "bridge": null, "maxspeed": null, "tunnel": null, "manual_add_candidate": true, "priority": 1 }, "geometry": { "type": "LineString", "coordinates": [ [ 141.8885455, 43.4320077 ], [ 141.888993199999987, 43.4319372 ] ] } },
{ "type": "Feature", "properties": { "u": 1938413421, "v": 1938413423, "key": 0, "osmid": "183465927", "highway": [ "unclassified" ], "oneway": false, "reversed": "True", "length": 7.6965024027571847, "lanes": null, "name": null, "ref": null, "bridge": null, "maxspeed": null, "tunnel": null, "manual_add_candidate": true, "priority": 1 }, "geometry": { "type": "LineString", "coordinates": [ [ 141.8885455, 43.4320077 ], [ 141.8884529, 43.4320241 ] ] } },
{ "type": "Feature", "properties": { "u": 1938413421, "v": 1938413436, "key": 0, "osmid": "183466182", "highway": [ "unclassified" ], "oneway": false, "reversed": "True", "length": 217.05211428935095, "lanes": null, "name": null, "ref": null, "bridge": null, "maxspeed": null, "tunnel": null, "manual_add_candidate": true, "priority": 1 }, "geometry": { "type": "LineString", "coordinates": [ [ 141.8885455, 43.4320077 ], [ 141.888778800000011, 43.4328414 ], [ 141.88873430000001, 43.4329096 ], [ 141.887353600000012, 43.4331263 ] ] } },
{ "type": "Feature", "properties": { "u": 1938413423, "v": 1938413421, "key": 0, "osmid": "183465927", "highway": [ "unclassified" ], "oneway": false, "reversed": "False", "length": 7.6965024027571847, "lanes": null, "name": null, "ref": null, "bridge": null, "maxspeed": null, "tunnel": null, "manual_add_candidate": true, "priority": 1 }, "geometry": { "type": "LineString", "coordinates": [ [ 141.8884529, 43.4320241 ], [ 141.8885455, 43.4320077 ] ] } },
{ "type": "Feature", "properties": { "u": 1938413423, "v": 1938413425, "key": 0, "osmid": "183465927", "highway": [ "unclassified" ], "oneway": false, "reversed": "True", "length": 44.289021156580034, "lanes": null, "name": null, "ref": null, "bridge": null, "maxspeed": null, "tunnel": null, "manual_add_candidate": true, "priority": 1 }, "geometry": { "type": "LineString", "coordinates": [ [ 141.8884529, 43.4320241 ], [ 141.8879181, 43.4321125 ] ] } },
{ "type": "Feature", "properties": { "u": 1938413423, "v": 1938413388, "key": 0, "osmid": "183466088", "highway": [ "unclassified" ], "oneway": false, "reversed": "True", "length": 107.87809538238434, "lanes": null, "name": null, "ref": null, "bridge": null, "maxspeed": null, "tunnel": null, "manual_add_candidate": true, "priority": 1 }, "geometry": { "type": "LineString", "coordinates": [ [ 141.8884529, 43.4320241 ], [ 141.8881683, 43.4310762 ] ] } },
{ "type": "Feature", "properties": { "u": 1938413425, "v": 1938413423, "key": 0, "osmid": "183465927", "highway": [ "unclassified" ], "oneway": false, "reversed": "False", "length": 44.289021156580034, "lanes": null, "name": null, "ref": null, "bridge": null, "maxspeed": null, "tunnel": null, "manual_add_candidate": true, "priority": 1 }, "geometry": { "type": "LineString", "coordinates": [ [ 141.8879181, 43.4321125 ], [ 141.8884529, 43.4320241 ] ] } },
{ "type": "Feature", "properties": { "u": 1938413425, "v": 1938413430, "key": 0, "osmid": "183465927", "highway": [ "unclassified" ], "oneway": false, "reversed": "True", "length": 68.824319868402966, "lanes": null, "name": null, "ref": null, "bridge": null, "maxspeed": null, "tunnel": null, "manual_add_candidate": true, "priority": 1 }, "geometry": { "type": "LineString", "coordinates": [ [ 141.8879181, 43.4321125 ], [ 141.8870852, 43.4322439 ] ] } },
{ "type": "Feature", "properties": { "u": 1938413425, "v": 1938413392, "key": 0, "osmid": "183466103", "highway": [ "unclassified" ], "oneway": false, "reversed": "False", "length": 108.52886682145218, "lanes": null, "name": null, "ref": null, "bridge": null, "maxspeed": null, "tunnel": null, "manual_add_candidate": true, "priority": 1 }, "geometry": { "type": "LineString", "coordinates": [ [ 141.8879181, 43.4321125 ], [ 141.8876323, 43.4311588 ] ] } },
{ "type": "Feature", "properties": { "u": 1938413430, "v": 1938413425, "key": 0, "osmid": "183465927", "highway": [ "unclassified" ], "oneway": false, "reversed": "False", "length": 68.824319868402966, "lanes": null, "name": null, "ref": null, "bridge": null, "maxspeed": null, "tunnel": null, "manual_add_candidate": true, "priority": 1 }, "geometry": { "type": "LineString", "coordinates": [ [ 141.8870852, 43.4322439 ], [ 141.8879181, 43.4321125 ] ] } },
{ "type": "Feature", "properties": { "u": 1938413430, "v": 7111573622, "key": 0, "osmid": "183465927", "highway": [ "unclassified" ], "oneway": false, "reversed": "True", "length": 33.944239050632795, "lanes": null, "name": null, "ref": null, "bridge": null, "maxspeed": null, "tunnel": null, "manual_add_candidate": true, "priority": 1 }, "geometry": { "type": "LineString", "coordinates": [ [ 141.8870852, 43.4322439 ], [ 141.8866745, 43.432309 ] ] } },
{ "type": "Feature", "properties": { "u": 1938413432, "v": 7111573622, "key": 0, "osmid": "183465927", "highway": [ "unclassified" ], "oneway": false, "reversed": "False", "length": 39.276908086847421, "lanes": null, "name": null, "ref": null, "bridge": null, "maxspeed": null, "tunnel": null, "manual_add_candidate": true, "priority": 1 }, "geometry": { "type": "LineString", "coordinates": [ [ 141.886199299999987, 43.4323844 ], [ 141.8866745, 43.432309 ] ] } },
{ "type": "Feature", "properties": { "u": 1938413432, "v": 1938413435, "key": 0, "osmid": "183465927", "highway": [ "unclassified" ], "oneway": false, "reversed": "True", "length": 280.40848910324064, "lanes": null, "name": null, "ref": null, "bridge": null, "maxspeed": null, "tunnel": null, "manual_add_candidate": true, "priority": 1 }, "geometry": { "type": "LineString", "coordinates": [ [ 141.886199299999987, 43.4323844 ], [ 141.8828024, 43.4329082 ] ] } },
{ "type": "Feature", "properties": { "u": 1938413435, "v": 1938413432, "key": 0, "osmid": "183465927", "highway": [ "unclassified" ], "oneway": false, "reversed": "False", "length": 280.40848910324064, "lanes": null, "name": null, "ref": null, "bridge": null, "maxspeed": null, "tunnel": null, "manual_add_candidate": true, "priority": 1 }, "geometry": { "type": "LineString", "coordinates": [ [ 141.8828024, 43.4329082 ], [ 141.886199299999987, 43.4323844 ] ] } },
{ "type": "Feature", "properties": { "u": 1938413435, "v": 1938413441, "key": 0, "osmid": "183465927", "highway": [ "unclassified" ], "oneway": false, "reversed": "True", "length": 562.28818528420311, "lanes": null, "name": null, "ref": null, "bridge": null, "maxspeed": null, "tunnel": null, "manual_add_candidate": true, "priority": 1 }, "geometry": { "type": "LineString", "coordinates": [ [ 141.8828024, 43.4329082 ], [ 141.8759945, 43.4339715 ] ] } },
{ "type": "Feature", "properties": { "u": 1938413436, "v": 1938413438, "key": 0, "osmid": "183466182", "highway": [ "unclassified" ], "oneway": false, "reversed": "True", "length": 23.011412110332252, "lanes": null, "name": null, "ref": null, "bridge": null, "maxspeed": null, "tunnel": null, "manual_add_candidate": true, "priority": 1 }, "geometry": { "type": "LineString", "coordinates": [ [ 141.887353600000012, 43.4331263 ], [ 141.8870755, 43.4331715 ] ] } },
{ "type": "Feature", "properties": { "u": 1938413436, "v": 1938413421, "key": 0, "osmid": "183466182", "highway": [ "unclassified" ], "oneway": false, "reversed": "False", "length": 217.05211428935095, "lanes": null, "name": null, "ref": null, "bridge": null, "maxspeed": null, "tunnel": null, "manual_add_candidate": true, "priority": 1 }, "geometry": { "type": "LineString", "coordinates": [ [ 141.887353600000012, 43.4331263 ], [ 141.88873430000001, 43.4329096 ], [ 141.888778800000011, 43.4328414 ], [ 141.8885455, 43.4320077 ] ] } },
{ "type": "Feature", "properties": { "u": 1938413438, "v": 1938413436, "key": 0, "osmid": "183466182", "highway": [ "unclassified" ], "oneway": false, "reversed": "False", "length": 23.011412110332252, "lanes": null, "name": null, "ref": null, "bridge": null, "maxspeed": null, "tunnel": null, "manual_add_candidate": true, "priority": 1 }, "geometry": { "type": "LineString", "coordinates": [ [ 141.8870755, 43.4331715 ], [ 141.887353600000012, 43.4331263 ] ] } },
{ "type": "Feature", "properties": { "u": 1938413438, "v": 1938413439, "key": 0, "osmid": "183466182", "highway": [ "unclassified" ], "oneway": false, "reversed": "True", "length": 51.412705171977393, "lanes": null, "name": null, "ref": null, "bridge": null, "maxspeed": null, "tunnel": null, "manual_add_candidate": true, "priority": 1 }, "geometry": { "type": "LineString", "coordinates": [ [ 141.8870755, 43.4331715 ], [ 141.8864522, 43.4332659 ] ] } },
{ "type": "Feature", "properties": { "u": 1938413439, "v": 1938413438, "key": 0, "osmid": "183466182", "highway": [ "unclassified" ], "oneway": false, "reversed": "False", "length": 51.412705171977393, "lanes": null, "name": null, "ref": null, "bridge": null, "maxspeed": null, "tunnel": null, "manual_add_candidate": true, "priority": 1 }, "geometry": { "type": "LineString", "coordinates": [ [ 141.8864522, 43.4332659 ], [ 141.8870755, 43.4331715 ] ] } },
{ "type": "Feature", "properties": { "u": 1938413440, "v": 389414192, "key": 0, "osmid": "33995219", "highway": [ "unclassified" ], "oneway": false, "reversed": "False", "length": 51.086860451736413, "lanes": null, "name": null, "ref": null, "bridge": null, "maxspeed": null, "tunnel": null, "manual_add_candidate": true, "priority": 1 }, "geometry": { "type": "LineString", "coordinates": [ [ 141.8873106, 43.4339382 ], [ 141.8866933, 43.4340389 ] ] } },
{ "type": "Feature", "properties": { "u": 1938413440, "v": 389414186, "key": 0, "osmid": "33995219", "highway": [ "unclassified" ], "oneway": false, "reversed": "True", "length": 228.03392004612283, "lanes": null, "name": null, "ref": null, "bridge": null, "maxspeed": null, "tunnel": null, "manual_add_candidate": true, "priority": 1 }, "geometry": { "type": "LineString", "coordinates": [ [ 141.8873106, 43.4339382 ], [ 141.8894401, 43.4335751 ], [ 141.890062699999987, 43.4334785 ] ] } },
{ "type": "Feature", "properties": { "u": 1938413441, "v": 1938413435, "key": 0, "osmid": "183465927", "highway": [ "unclassified" ], "oneway": false, "reversed": "False", "length": 562.28818528420311, "lanes": null, "name": null, "ref": null, "bridge": null, "maxspeed": null, "tunnel": null, "manual_add_candidate": true, "priority": 1 }, "geometry": { "type": "LineString", "coordinates": [ [ 141.8759945, 43.4339715 ], [ 141.8828024, 43.4329082 ] ] } },
{ "type": "Feature", "properties": { "u": 1938413441, "v": 2350615377, "key": 0, "osmid": "183465927", "highway": [ "unclassified" ], "oneway": false, "reversed": "True", "length": 289.63530482285864, "lanes": null, "name": null, "ref": null, "bridge": null, "maxspeed": null, "tunnel": null, "manual_add_candidate": true, "priority": 1 }, "geometry": { "type": "LineString", "coordinates": [ [ 141.8759945, 43.4339715 ], [ 141.872492200000011, 43.4345342 ] ] } },
{ "type": "Feature", "properties": { "u": 1938413441, "v": 1938413474, "key": 0, "osmid": "183466173", "highway": [ "unclassified" ], "oneway": false, "reversed": "False", "length": 561.63571060008633, "lanes": null, "name": null, "ref": null, "bridge": null, "maxspeed": null, "tunnel": null, "manual_add_candidate": true, "priority": 1 }, "geometry": { "type": "LineString", "coordinates": [ [ 141.8759945, 43.4339715 ], [ 141.8774331, 43.4389132 ] ] } },
{ "type": "Feature", "properties": { "u": 1938413441, "v": 1938413209, "key": 0, "osmid": "183466173", "highway": [ "unclassified" ], "oneway": false, "reversed": "True", "length": 564.32252206519968, "lanes": null, "name": null, "ref": null, "bridge": null, "maxspeed": null, "tunnel": null, "manual_add_candidate": true, "priority": 1 }, "geometry": { "type": "LineString", "coordinates": [ [ 141.8759945, 43.4339715 ], [ 141.8745554, 43.4290052 ] ] } },
{ "type": "Feature", "properties": { "u": 1938413467, "v": 1938413469, "key": 0, "osmid": "226201598", "highway": [ "unclassified" ], "oneway": false, "reversed": "False", "length": 279.79168847220757, "lanes": null, "name": null, "ref": null, "bridge": null, "maxspeed": null, "tunnel": null, "manual_add_candidate": true, "priority": 1 }, "geometry": { "type": "LineString", "coordinates": [ [ 141.887653199999988, 43.4373628 ], [ 141.884259500000013, 43.4378716 ] ] } },
{ "type": "Feature", "properties": { "u": 1938413467, "v": 2350615607, "key": 0, "osmid": "226201641", "highway": [ "unclassified" ], "oneway": false, "reversed": "False", "length": 149.81776876744485, "lanes": null, "name": null, "ref": null, "bridge": null, "maxspeed": null, "tunnel": null, "manual_add_candidate": true, "priority": 1 }, "geometry": { "type": "LineString", "coordinates": [ [ 141.887653199999988, 43.4373628 ], [ 141.8894661, 43.4370757 ] ] } },
{ "type": "Feature", "properties": { "u": 1938413467, "v": 3010041379, "key": 0, "osmid": "297154886", "highway": [ "unclassified" ], "oneway": false, "reversed": "False", "length": 187.49565274513364, "lanes": null, "name": null, "ref": null, "bridge": null, "maxspeed": null, "tunnel": null, "manual_add_candidate": true, "priority": 1 }, "geometry": { "type": "LineString", "coordinates": [ [ 141.887653199999988, 43.4373628 ], [ 141.8881754, 43.4390058 ] ] } },
{ "type": "Feature", "properties": { "u": 1938413469, "v": 1938413467, "key": 0, "osmid": "226201598", "highway": [ "unclassified" ], "oneway": false, "reversed": "True", "length": 279.79168847220757, "lanes": null, "name": null, "ref": null, "bridge": null, "maxspeed": null, "tunnel": null, "manual_add_candidate": true, "priority": 1 }, "geometry": { "type": "LineString", "coordinates": [ [ 141.884259500000013, 43.4378716 ], [ 141.887653199999988, 43.4373628 ] ] } },
{ "type": "Feature", "properties": { "u": 1938413469, "v": 1938413474, "key": 0, "osmid": "226201707", "highway": [ "unclassified" ], "oneway": false, "reversed": "True", "length": 563.20342853416992, "lanes": null, "name": null, "ref": null, "bridge": null, "maxspeed": null, "tunnel": null, "manual_add_candidate": true, "priority": 1 }, "geometry": { "type": "LineString", "coordinates": [ [ 141.884259500000013, 43.4378716 ], [ 141.8774331, 43.4389132 ] ] } },
{ "type": "Feature", "properties": { "u": 1938413474, "v": 1938413441, "key": 0, "osmid": "183466173", "highway": [ "unclassified" ], "oneway": false, "reversed": "True", "length": 561.63571060008633, "lanes": null, "name": null, "ref": null, "bridge": null, "maxspeed": null, "tunnel": null, "manual_add_candidate": true, "priority": 1 }, "geometry": { "type": "LineString", "coordinates": [ [ 141.8774331, 43.4389132 ], [ 141.8759945, 43.4339715 ] ] } },
{ "type": "Feature", "properties": { "u": 1938413474, "v": 1938413469, "key": 0, "osmid": "226201707", "highway": [ "unclassified" ], "oneway": false, "reversed": "False", "length": 563.20342853416992, "lanes": null, "name": null, "ref": null, "bridge": null, "maxspeed": null, "tunnel": null, "manual_add_candidate": true, "priority": 1 }, "geometry": { "type": "LineString", "coordinates": [ [ 141.8774331, 43.4389132 ], [ 141.884259500000013, 43.4378716 ] ] } },
{ "type": "Feature", "properties": { "u": 1938413474, "v": 2350616124, "key": 0, "osmid": [ 183465969, 183466078 ], "highway": [ "unclassified" ], "oneway": false, "reversed": "False", "length": 29.067851742382697, "lanes": null, "name": null, "ref": null, "bridge": "yes", "maxspeed": null, "tunnel": null, "manual_add_candidate": true, "priority": 1 }, "geometry": { "type": "LineString", "coordinates": [ [ 141.8774331, 43.4389132 ], [ 141.8774987, 43.4390954 ], [ 141.8775311, 43.4391646 ] ] } },
{ "type": "Feature", "properties": { "u": 1938413494, "v": 2350616365, "key": 0, "osmid": "226201587", "highway": [ "unclassified" ], "oneway": false, "reversed": "False", "length": 296.0690918734839, "lanes": null, "name": null, "ref": null, "bridge": null, "maxspeed": null, "tunnel": null, "manual_add_candidate": true, "priority": 1 }, "geometry": { "type": "LineString", "coordinates": [ [ 141.8857308, 43.4428438 ], [ 141.889080799999988, 43.4423326 ], [ 141.889321200000012, 43.4423023 ] ] } },
{ "type": "Feature", "properties": { "u": 1938413494, "v": 2350616528, "key": 0, "osmid": "226201722", "highway": [ "unclassified" ], "oneway": false, "reversed": "True", "length": 565.16857846985408, "lanes": null, "name": null, "ref": null, "bridge": null, "maxspeed": null, "tunnel": null, "manual_add_candidate": true, "priority": 1 }, "geometry": { "type": "LineString", "coordinates": [ [ 141.8857308, 43.4428438 ], [ 141.8808539, 43.4436073 ], [ 141.878885200000013, 43.4439067 ] ] } },
{ "type": "Feature", "properties": { "u": 1938413555, "v": 2350616535, "key": 0, "osmid": [ 226201521, 226201643, 226201574 ], "highway": [ "unclassified" ], "oneway": false, "reversed": "False", "length": 358.73201627527561, "lanes": null, "name": null, "ref": null, "bridge": "yes", "maxspeed": null, "tunnel": null, "manual_add_candidate": true, "priority": 1 }, "geometry": { "type": "LineString", "coordinates": [ [ 141.924715, 43.4472116 ], [ 141.924478599999986, 43.4465979 ], [ 141.9243887, 43.4463258 ], [ 141.924242600000014, 43.4459364 ], [ 141.9241532, 43.4455597 ], [ 141.9240996, 43.4452825 ], [ 141.9238377, 43.4440538 ] ] } },
{ "type": "Feature", "properties": { "u": 1938413563, "v": 1726858692, "key": 0, "osmid": "226201773", "highway": [ "unclassified" ], "oneway": false, "reversed": "True", "length": 467.80397889641262, "lanes": null, "name": null, "ref": null, "bridge": null, "maxspeed": null, "tunnel": null, "manual_add_candidate": true, "priority": 1 }, "geometry": { "type": "LineString", "coordinates": [ [ 141.9227376, 43.4475236 ], [ 141.923547899999988, 43.4503313 ], [ 141.9235825, 43.4504509 ], [ 141.9237923, 43.451178 ], [ 141.9238852, 43.4514987 ], [ 141.9239073, 43.4516434 ] ] } },
{ "type": "Feature", "properties": { "u": 1938413567, "v": 2350616691, "key": 0, "osmid": "226201481", "highway": [ "unclassified" ], "oneway": false, "reversed": "False", "length": 289.74019207225894, "lanes": null, "name": null, "ref": null, "bridge": null, "maxspeed": null, "tunnel": null, "manual_add_candidate": true, "priority": 1 }, "geometry": { "type": "LineString", "coordinates": [ [ 141.887175, 43.4478082 ], [ 141.8906871, 43.4472714 ] ] } },
{ "type": "Feature", "properties": { "u": 1938413567, "v": 1938413592, "key": 0, "osmid": "226201592", "highway": [ "unclassified" ], "oneway": false, "reversed": "False", "length": 563.17089606598859, "lanes": null, "name": null, "ref": null, "bridge": null, "maxspeed": null, "tunnel": null, "manual_add_candidate": true, "priority": 1 }, "geometry": { "type": "LineString", "coordinates": [ [ 141.887175, 43.4478082 ], [ 141.880352, 43.4488639 ] ] } },
{ "type": "Feature", "properties": { "u": 1938413592, "v": 2350616843, "key": 0, "osmid": "183466078", "highway": [ "unclassified" ], "oneway": false, "reversed": "False", "length": 566.31481226046731, "lanes": null, "name": null, "ref": null, "bridge": null, "maxspeed": null, "tunnel": null, "manual_add_candidate": true, "priority": 1 }, "geometry": { "type": "LineString", "coordinates": [ [ 141.880352, 43.4488639 ], [ 141.8818099, 43.4538457 ] ] } },
{ "type": "Feature", "properties": { "u": 1938413592, "v": 2350616686, "key": 0, "osmid": "183466078", "highway": [ "unclassified" ], "oneway": false, "reversed": "True", "length": 190.65328336375995, "lanes": null, "name": null, "ref": null, "bridge": null, "maxspeed": null, "tunnel": null, "manual_add_candidate": true, "priority": 1 }, "geometry": { "type": "LineString", "coordinates": [ [ 141.880352, 43.4488639 ], [ 141.8798538, 43.4471879 ] ] } },
{ "type": "Feature", "properties": { "u": 1938413592, "v": 1938413567, "key": 0, "osmid": "226201592", "highway": [ "unclassified" ], "oneway": false, "reversed": "True", "length": 563.17089606598859, "lanes": null, "name": null, "ref": null, "bridge": null, "maxspeed": null, "tunnel": null, "manual_add_candidate": true, "priority": 1 }, "geometry": { "type": "LineString", "coordinates": [ [ 141.880352, 43.4488639 ], [ 141.887175, 43.4478082 ] ] } },
{ "type": "Feature", "properties": { "u": 2350610649, "v": 2350610789, "key": 0, "osmid": "226201458", "highway": [ "unclassified" ], "oneway": false, "reversed": "False", "length": 195.09794761399428, "lanes": null, "name": null, "ref": null, "bridge": null, "maxspeed": null, "tunnel": null, "manual_add_candidate": true, "priority": 1 }, "geometry": { "type": "LineString", "coordinates": [ [ 141.885966, 43.395562 ], [ 141.886429, 43.397284 ] ] } },
{ "type": "Feature", "properties": { "u": 2350610714, "v": 1383046127, "key": 0, "osmid": "226201571", "highway": [ "unclassified" ], "oneway": false, "reversed": "True", "length": 276.61804220108178, "lanes": null, "name": null, "ref": null, "bridge": null, "maxspeed": null, "tunnel": null, "manual_add_candidate": true, "priority": 1 }, "geometry": { "type": "LineString", "coordinates": [ [ 141.850641, 43.39637 ], [ 141.851374, 43.3988 ] ] } },
{ "type": "Feature", "properties": { "u": 2350610789, "v": 2350610649, "key": 0, "osmid": "226201458", "highway": [ "unclassified" ], "oneway": false, "reversed": "True", "length": 195.09794761399428, "lanes": null, "name": null, "ref": null, "bridge": null, "maxspeed": null, "tunnel": null, "manual_add_candidate": true, "priority": 1 }, "geometry": { "type": "LineString", "coordinates": [ [ 141.886429, 43.397284 ], [ 141.885966, 43.395562 ] ] } },
{ "type": "Feature", "properties": { "u": 2350610789, "v": 2350611177, "key": 0, "osmid": "226201559", "highway": [ "unclassified" ], "oneway": false, "reversed": "False", "length": 426.95128872446918, "lanes": null, "name": null, "ref": null, "bridge": null, "maxspeed": null, "tunnel": null, "manual_add_candidate": true, "priority": 1 }, "geometry": { "type": "LineString", "coordinates": [ [ 141.886429, 43.397284 ], [ 141.8875568, 43.4010352 ] ] } },
{ "type": "Feature", "properties": { "u": 2350610804, "v": 2350610954, "key": 0, "osmid": "226201508", "highway": [ "unclassified" ], "oneway": false, "reversed": "False", "length": 565.02277246930282, "lanes": null, "name": null, "ref": null, "bridge": null, "maxspeed": null, "tunnel": null, "manual_add_candidate": true, "priority": 1 }, "geometry": { "type": "LineString", "coordinates": [ [ 141.843847899999986, 43.3974315 ], [ 141.837027, 43.398553 ] ] } },
{ "type": "Feature", "properties": { "u": 2350610954, "v": 2350611522, "key": 0, "osmid": "226201484", "highway": [ "unclassified" ], "oneway": false, "reversed": "False", "length": 562.86493805366138, "lanes": null, "name": null, "ref": null, "bridge": null, "maxspeed": null, "tunnel": null, "manual_add_candidate": true, "priority": 1 }, "geometry": { "type": "LineString", "coordinates": [ [ 141.837027, 43.398553 ], [ 141.838516, 43.403498 ] ] } },
{ "type": "Feature", "properties": { "u": 2350610954, "v": 2350610804, "key": 0, "osmid": "226201508", "highway": [ "unclassified" ], "oneway": false, "reversed": "True", "length": 565.02277246930282, "lanes": null, "name": null, "ref": null, "bridge": null, "maxspeed": null, "tunnel": null, "manual_add_candidate": true, "priority": 1 }, "geometry": { "type": "LineString", "coordinates": [ [ 141.837027, 43.398553 ], [ 141.843847899999986, 43.3974315 ] ] } },
{ "type": "Feature", "properties": { "u": 2350610954, "v": 2350611056, "key": 0, "osmid": "226201539", "highway": [ "unclassified" ], "oneway": false, "reversed": "False", "length": 558.85785927650829, "lanes": null, "name": null, "ref": null, "bridge": null, "maxspeed": null, "tunnel": null, "manual_add_candidate": true, "priority": 1 }, "geometry": { "type": "LineString", "coordinates": [ [ 141.837027, 43.398553 ], [ 141.8302678, 43.399621 ] ] } },
{ "type": "Feature", "properties": { "u": 2350610972, "v": 1938411876, "key": 0, "osmid": "183466216", "highway": [ "unclassified" ], "oneway": false, "reversed": "True", "length": 494.60000139529689, "lanes": null, "name": null, "ref": null, "bridge": null, "maxspeed": null, "tunnel": null, "manual_add_candidate": true, "priority": 1 }, "geometry": { "type": "LineString", "coordinates": [ [ 141.902283399999988, 43.3987871 ], [ 141.9021472, 43.398801 ], [ 141.900353700000011, 43.3990584 ], [ 141.8962875, 43.3996833 ] ] } },
{ "type": "Feature", "properties": { "u": 2350611056, "v": 2350610954, "key": 0, "osmid": "226201539", "highway": [ "unclassified" ], "oneway": false, "reversed": "True", "length": 558.85785927650829, "lanes": null, "name": null, "ref": null, "bridge": null, "maxspeed": null, "tunnel": null, "manual_add_candidate": true, "priority": 1 }, "geometry": { "type": "LineString", "coordinates": [ [ 141.8302678, 43.399621 ], [ 141.837027, 43.398553 ] ] } },
{ "type": "Feature", "properties": { "u": 2350611177, "v": 2350611235, "key": 0, "osmid": "183466216", "highway": [ "unclassified" ], "oneway": false, "reversed": "True", "length": 332.62686228512342, "lanes": null, "name": null, "ref": null, "bridge": null, "maxspeed": null, "tunnel": null, "manual_add_candidate": true, "priority": 1 }, "geometry": { "type": "LineString", "coordinates": [ [ 141.8875568, 43.4010352 ], [ 141.8835298, 43.4016579 ] ] } },
{ "type": "Feature", "properties": { "u": 2350611177, "v": 2350610789, "key": 0, "osmid": "226201559", "highway": [ "unclassified" ], "oneway": false, "reversed": "True", "length": 426.95128872446918, "lanes": null, "name": null, "ref": null, "bridge": null, "maxspeed": null, "tunnel": null, "manual_add_candidate": true, "priority": 1 }, "geometry": { "type": "LineString", "coordinates": [ [ 141.8875568, 43.4010352 ], [ 141.886429, 43.397284 ] ] } },
{ "type": "Feature", "properties": { "u": 2350611177, "v": 1938411880, "key": 0, "osmid": "183466216", "highway": [ "unclassified" ], "oneway": false, "reversed": "False", "length": 241.93507630982339, "lanes": null, "name": null, "ref": null, "bridge": null, "maxspeed": null, "tunnel": null, "manual_add_candidate": true, "priority": 1 }, "geometry": { "type": "LineString", "coordinates": [ [ 141.8875568, 43.4010352 ], [ 141.89026530000001, 43.4006141 ], [ 141.8904851, 43.4005799 ] ] } },
{ "type": "Feature", "properties": { "u": 2350611202, "v": 1383046127, "key": 0, "osmid": "226201532", "highway": [ "unclassified" ], "oneway": false, "reversed": "False", "length": 287.16265561375582, "lanes": null, "name": null, "ref": null, "bridge": null, "maxspeed": null, "tunnel": null, "manual_add_candidate": true, "priority": 1 }, "geometry": { "type": "LineString", "coordinates": [ [ 141.852107, 43.401327 ], [ 141.851374, 43.3988 ] ] } },
{ "type": "Feature", "properties": { "u": 2350611202, "v": 2350611820, "key": 0, "osmid": "226201677", "highway": [ "unclassified" ], "oneway": false, "reversed": "True", "length": 577.27155905539621, "lanes": null, "name": null, "ref": null, "bridge": null, "maxspeed": null, "tunnel": null, "manual_add_candidate": true, "priority": 1 }, "geometry": { "type": "LineString", "coordinates": [ [ 141.852107, 43.401327 ], [ 141.851985, 43.401362 ], [ 141.853512, 43.406336 ] ] } },
{ "type": "Feature", "properties": { "u": 2350611235, "v": 2350611177, "key": 0, "osmid": "183466216", "highway": [ "unclassified" ], "oneway": false, "reversed": "False", "length": 332.62686228512342, "lanes": null, "name": null, "ref": null, "bridge": null, "maxspeed": null, "tunnel": null, "manual_add_candidate": true, "priority": 1 }, "geometry": { "type": "LineString", "coordinates": [ [ 141.8835298, 43.4016579 ], [ 141.8875568, 43.4010352 ] ] } },
{ "type": "Feature", "properties": { "u": 2350611235, "v": 1938411889, "key": 0, "osmid": "183466216", "highway": [ "unclassified" ], "oneway": false, "reversed": "True", "length": 211.44450558751814, "lanes": null, "name": null, "ref": null, "bridge": null, "maxspeed": null, "tunnel": null, "manual_add_candidate": true, "priority": 1 }, "geometry": { "type": "LineString", "coordinates": [ [ 141.8835298, 43.4016579 ], [ 141.8827637, 43.4017753 ], [ 141.8827192, 43.4017821 ], [ 141.8809708, 43.4020568 ] ] } },
{ "type": "Feature", "properties": { "u": 2350611395, "v": 1938411892, "key": 0, "osmid": "183466216", "highway": [ "unclassified" ], "oneway": false, "reversed": "False", "length": 361.76184606742186, "lanes": null, "name": null, "ref": null, "bridge": null, "maxspeed": null, "tunnel": null, "manual_add_candidate": true, "priority": 1 }, "geometry": { "type": "LineString", "coordinates": [ [ 141.8764646, 43.4027674 ], [ 141.880842800000011, 43.4020847 ] ] } },
{ "type": "Feature", "properties": { "u": 2350611395, "v": 1938411906, "key": 0, "osmid": "183466216", "highway": [ "unclassified" ], "oneway": false, "reversed": "True", "length": 203.1332929409119, "lanes": null, "name": null, "ref": null, "bridge": null, "maxspeed": null, "tunnel": null, "manual_add_candidate": true, "priority": 1 }, "geometry": { "type": "LineString", "coordinates": [ [ 141.8764646, 43.4027674 ], [ 141.8740044, 43.4031447 ] ] } },
{ "type": "Feature", "properties": { "u": 2350611395, "v": 2350611754, "key": 0, "osmid": "226201879", "highway": [ "unclassified" ], "oneway": false, "reversed": "False", "length": 322.75858853256273, "lanes": null, "name": null, "ref": null, "bridge": null, "maxspeed": null, "tunnel": null, "manual_add_candidate": true, "priority": 1 }, "geometry": { "type": "LineString", "coordinates": [ [ 141.8764646, 43.4027674 ], [ 141.876572, 43.403137 ], [ 141.876687, 43.403423 ], [ 141.876907, 43.403787 ], [ 141.87693, 43.403963 ], [ 141.87693, 43.404435 ], [ 141.876965, 43.404672 ], [ 141.877244499999989, 43.4050569 ], [ 141.8774071, 43.40555 ] ] } },
{ "type": "Feature", "properties": { "u": 2350611522, "v": 2350610954, "key": 0, "osmid": "226201484", "highway": [ "unclassified" ], "oneway": false, "reversed": "True", "length": 562.86493805366138, "lanes": null, "name": null, "ref": null, "bridge": null, "maxspeed": null, "tunnel": null, "manual_add_candidate": true, "priority": 1 }, "geometry": { "type": "LineString", "coordinates": [ [ 141.838516, 43.403498 ], [ 141.837027, 43.398553 ] ] } },
{ "type": "Feature", "properties": { "u": 2350611522, "v": 2350611834, "key": 0, "osmid": "226201634", "highway": [ "unclassified" ], "oneway": false, "reversed": "False", "length": 343.8902453561048, "lanes": null, "name": null, "ref": null, "bridge": null, "maxspeed": null, "tunnel": null, "manual_add_candidate": true, "priority": 1 }, "geometry": { "type": "LineString", "coordinates": [ [ 141.838516, 43.403498 ], [ 141.83937, 43.4065278 ] ] } },
{ "type": "Feature", "properties": { "u": 2350611537, "v": 1938411906, "key": 0, "osmid": "183466216", "highway": [ "unclassified" ], "oneway": false, "reversed": "False", "length": 277.02570632683995, "lanes": null, "name": null, "ref": null, "bridge": null, "maxspeed": null, "tunnel": null, "manual_add_candidate": true, "priority": 1 }, "geometry": { "type": "LineString", "coordinates": [ [ 141.8706527, 43.403671 ], [ 141.8740044, 43.4031447 ] ] } },
{ "type": "Feature", "properties": { "u": 2350611537, "v": 1938411936, "key": 0, "osmid": "183466216", "highway": [ "unclassified" ], "oneway": false, "reversed": "True", "length": 446.42928142641034, "lanes": null, "name": null, "ref": null, "bridge": null, "maxspeed": null, "tunnel": null, "manual_add_candidate": true, "priority": 1 }, "geometry": { "type": "LineString", "coordinates": [ [ 141.8706527, 43.403671 ], [ 141.86525, 43.4045146 ] ] } },
{ "type": "Feature", "properties": { "u": 2350611537, "v": 2350611823, "key": 0, "osmid": "226201798", "highway": [ "unclassified" ], "oneway": false, "reversed": "True", "length": 323.65373488404299, "lanes": null, "name": null, "ref": null, "bridge": null, "maxspeed": null, "tunnel": null, "manual_add_candidate": true, "priority": 1 }, "geometry": { "type": "LineString", "coordinates": [ [ 141.8706527, 43.403671 ], [ 141.870816, 43.404451 ], [ 141.870915, 43.404595 ], [ 141.871186099999989, 43.4048367 ], [ 141.8716614, 43.4064491 ] ] } },
{ "type": "Feature", "properties": { "u": 2350611692, "v": 1938411948, "key": 0, "osmid": [ 226201639, 226201544, 226201515, 226201625, 226201466 ], "highway": [ "unclassified" ], "oneway": false, "reversed": [ false, true ], "length": 85.923295304914234, "lanes": null, "name": null, "ref": null, "bridge": "yes", "maxspeed": null, "tunnel": null, "manual_add_candidate": true, "priority": 1 }, "geometry": { "type": "LineString", "coordinates": [ [ 141.860028, 43.4050736 ], [ 141.8601143, 43.4051095 ], [ 141.860192399999988, 43.4051456 ], [ 141.8606566, 43.4053959 ], [ 141.8607812, 43.4054518 ], [ 141.8608922, 43.4055219 ] ] } },
{ "type": "Feature", "properties": { "u": 2350611692, "v": 2350611820, "key": 0, "osmid": "226201831", "highway": [ "unclassified" ], "oneway": false, "reversed": "False", "length": 550.22314766533327, "lanes": null, "name": null, "ref": null, "bridge": null, "maxspeed": null, "tunnel": null, "manual_add_candidate": true, "priority": 1 }, "geometry": { "type": "LineString", "coordinates": [ [ 141.860028, 43.4050736 ], [ 141.8598681, 43.4052015 ], [ 141.8597165, 43.4052893 ], [ 141.859544, 43.405362 ], [ 141.859345, 43.405407 ], [ 141.853512, 43.406336 ] ] } },
{ "type": "Feature", "properties": { "u": 2350611754, "v": 1938411942, "key": 0, "osmid": "183466186", "highway": [ "unclassified" ], "oneway": false, "reversed": "False", "length": 349.94940087711632, "lanes": null, "name": null, "ref": null, "bridge": null, "maxspeed": null, "tunnel": null, "manual_add_candidate": true, "priority": 1 }, "geometry": { "type": "LineString", "coordinates": [ [ 141.8774071, 43.40555 ], [ 141.8816392, 43.4048784 ] ] } },
{ "type": "Feature", "properties": { "u": 2350611754, "v": 1938411952, "key": 0, "osmid": "183466186", "highway": [ "unclassified" ], "oneway": false, "reversed": "True", "length": 214.5252403227752, "lanes": null, "name": null, "ref": null, "bridge": null, "maxspeed": null, "tunnel": null, "manual_add_candidate": true, "priority": 1 }, "geometry": { "type": "LineString", "coordinates": [ [ 141.8774071, 43.40555 ], [ 141.8748162, 43.4059731 ] ] } },
{ "type": "Feature", "properties": { "u": 2350611754, "v": 2350611395, "key": 0, "osmid": "226201879", "highway": [ "unclassified" ], "oneway": false, "reversed": "True", "length": 322.75858853256278, "lanes": null, "name": null, "ref": null, "bridge": null, "maxspeed": null, "tunnel": null, "manual_add_candidate": true, "priority": 1 }, "geometry": { "type": "LineString", "coordinates": [ [ 141.8774071, 43.40555 ], [ 141.877244499999989, 43.4050569 ], [ 141.876965, 43.404672 ], [ 141.87693, 43.404435 ], [ 141.87693, 43.403963 ], [ 141.876907, 43.403787 ], [ 141.876687, 43.403423 ], [ 141.876572, 43.403137 ], [ 141.8764646, 43.4027674 ] ] } },
{ "type": "Feature", "properties": { "u": 2350611775, "v": 1938411937, "key": 0, "osmid": "226201593", "highway": [ "unclassified" ], "oneway": false, "reversed": "False", "length": 545.75053241746764, "lanes": null, "name": null, "ref": null, "bridge": null, "maxspeed": null, "tunnel": null, "manual_add_candidate": true, "priority": 1 }, "geometry": { "type": "LineString", "coordinates": [ [ 141.8910912, 43.4057138 ], [ 141.8977007, 43.4046985 ] ] } },
{ "type": "Feature", "properties": { "u": 2350611775, "v": 3010041350, "key": 0, "osmid": "297154882", "highway": [ "unclassified" ], "oneway": false, "reversed": "False", "length": 564.3664998773985, "lanes": null, "name": null, "ref": null, "bridge": null, "maxspeed": null, "tunnel": null, "manual_add_candidate": true, "priority": 1 }, "geometry": { "type": "LineString", "coordinates": [ [ 141.8910912, 43.4057138 ], [ 141.892536299999989, 43.4106795 ] ] } },
{ "type": "Feature", "properties": { "u": 2350611820, "v": 2350611202, "key": 0, "osmid": "226201677", "highway": [ "unclassified" ], "oneway": false, "reversed": "False", "length": 577.27155905539621, "lanes": null, "name": null, "ref": null, "bridge": null, "maxspeed": null, "tunnel": null, "manual_add_candidate": true, "priority": 1 }, "geometry": { "type": "LineString", "coordinates": [ [ 141.853512, 43.406336 ], [ 141.851985, 43.401362 ], [ 141.852107, 43.401327 ] ] } },
{ "type": "Feature", "properties": { "u": 2350611820, "v": 2350612813, "key": 0, "osmid": [ 226201682, 226201418 ], "highway": [ "unclassified" ], "oneway": false, "reversed": [ false, true ], "length": 970.53373723993764, "lanes": null, "name": null, "ref": null, "bridge": null, "maxspeed": null, "tunnel": null, "manual_add_candidate": true, "priority": 1 }, "geometry": { "type": "LineString", "coordinates": [ [ 141.853512, 43.406336 ], [ 141.852276, 43.406534 ], [ 141.8536521, 43.4110159 ], [ 141.854002, 43.4122395 ], [ 141.8539826, 43.4123812 ], [ 141.853943, 43.4124738 ], [ 141.8538402, 43.4125639 ], [ 141.8533689, 43.4127709 ], [ 141.8528, 43.413033 ], [ 141.852507, 43.413275 ], [ 141.8522941, 43.41344 ], [ 141.8520862, 43.4135237 ] ] } },
{ "type": "Feature", "properties": { "u": 2350611820, "v": 2350611692, "key": 0, "osmid": "226201831", "highway": [ "unclassified" ], "oneway": false, "reversed": "True", "length": 550.22314766533316, "lanes": null, "name": null, "ref": null, "bridge": null, "maxspeed": null, "tunnel": null, "manual_add_candidate": true, "priority": 1 }, "geometry": { "type": "LineString", "coordinates": [ [ 141.853512, 43.406336 ], [ 141.859345, 43.405407 ], [ 141.859544, 43.405362 ], [ 141.8597165, 43.4052893 ], [ 141.8598681, 43.4052015 ], [ 141.860028, 43.4050736 ] ] } },
{ "type": "Feature", "properties": { "u": 2350611823, "v": 1938411952, "key": 0, "osmid": "183466186", "highway": [ "unclassified" ], "oneway": false, "reversed": "False", "length": 260.29316493780397, "lanes": null, "name": null, "ref": null, "bridge": null, "maxspeed": null, "tunnel": null, "manual_add_candidate": true, "priority": 1 }, "geometry": { "type": "LineString", "coordinates": [ [ 141.8716614, 43.4064491 ], [ 141.8748162, 43.4059731 ] ] } },
{ "type": "Feature", "properties": { "u": 2350611823, "v": 1938411958, "key": 0, "osmid": "183466186", "highway": [ "unclassified" ], "oneway": false, "reversed": "True", "length": 281.62232220971987, "lanes": null, "name": null, "ref": null, "bridge": null, "maxspeed": null, "tunnel": null, "manual_add_candidate": true, "priority": 1 }, "geometry": { "type": "LineString", "coordinates": [ [ 141.8716614, 43.4064491 ], [ 141.868251500000014, 43.406976 ] ] } },
{ "type": "Feature", "properties": { "u": 2350611823, "v": 2350611537, "key": 0, "osmid": "226201798", "highway": [ "unclassified" ], "oneway": false, "reversed": "False", "length": 323.65373488404299, "lanes": null, "name": null, "ref": null, "bridge": null, "maxspeed": null, "tunnel": null, "manual_add_candidate": true, "priority": 1 }, "geometry": { "type": "LineString", "coordinates": [ [ 141.8716614, 43.4064491 ], [ 141.871186099999989, 43.4048367 ], [ 141.870915, 43.404595 ], [ 141.870816, 43.404451 ], [ 141.8706527, 43.403671 ] ] } },
{ "type": "Feature", "properties": { "u": 2350611834, "v": 2350611522, "key": 0, "osmid": "226201634", "highway": [ "unclassified" ], "oneway": false, "reversed": "True", "length": 343.8902453561048, "lanes": null, "name": null, "ref": null, "bridge": null, "maxspeed": null, "tunnel": null, "manual_add_candidate": true, "priority": 1 }, "geometry": { "type": "LineString", "coordinates": [ [ 141.83937, 43.4065278 ], [ 141.838516, 43.403498 ] ] } },
{ "type": "Feature", "properties": { "u": 2350611865, "v": 501824726, "key": 0, "osmid": "226201610", "highway": [ "unclassified" ], "oneway": false, "reversed": "False", "length": 373.30507211346355, "lanes": null, "name": null, "ref": null, "bridge": null, "maxspeed": null, "tunnel": null, "manual_add_candidate": true, "priority": 1 }, "geometry": { "type": "LineString", "coordinates": [ [ 141.8467307, 43.4073258 ], [ 141.8422165, 43.408044 ] ] } },
{ "type": "Feature", "properties": { "u": 2350611929, "v": 1938412005, "key": 0, "osmid": "183466057", "highway": [ "unclassified" ], "oneway": false, "reversed": "False", "length": 12.262413735319228, "lanes": null, "name": null, "ref": null, "bridge": null, "maxspeed": null, "tunnel": null, "manual_add_candidate": true, "priority": 1 }, "geometry": { "type": "LineString", "coordinates": [ [ 141.9052139, 43.4086652 ], [ 141.905362, 43.408641 ] ] } },
{ "type": "Feature", "properties": { "u": 2350611929, "v": 1938412009, "key": 0, "osmid": "183466057", "highway": [ "unclassified" ], "oneway": false, "reversed": "True", "length": 483.16725156499359, "lanes": null, "name": null, "ref": null, "bridge": null, "maxspeed": null, "tunnel": null, "manual_add_candidate": true, "priority": 1 }, "geometry": { "type": "LineString", "coordinates": [ [ 141.9052139, 43.4086652 ], [ 141.8993783, 43.4096185 ] ] } },
{ "type": "Feature", "properties": { "u": 2350611965, "v": 2350612061, "key": 0, "osmid": "226201622", "highway": [ "unclassified" ], "oneway": false, "reversed": "False", "length": 559.2300509579751, "lanes": null, "name": null, "ref": null, "bridge": null, "maxspeed": null, "tunnel": null, "manual_add_candidate": true, "priority": 1 }, "geometry": { "type": "LineString", "coordinates": [ [ 141.8828552, 43.4090269 ], [ 141.876088, 43.4100878 ] ] } },
{ "type": "Feature", "properties": { "u": 2350611965, "v": 7838309217, "key": 0, "osmid": "226201622", "highway": [ "unclassified" ], "oneway": false, "reversed": "True", "length": 11.309194201423574, "lanes": null, "name": null, "ref": null, "bridge": null, "maxspeed": null, "tunnel": null, "manual_add_candidate": true, "priority": 1 }, "geometry": { "type": "LineString", "coordinates": [ [ 141.8828552, 43.4090269 ], [ 141.882990799999988, 43.4090016 ] ] } },
{ "type": "Feature", "properties": { "u": 2350612061, "v": 1938412062, "key": 0, "osmid": "183465905", "highway": [ "unclassified" ], "oneway": false, "reversed": "True", "length": 339.77550682959753, "lanes": null, "name": null, "ref": null, "bridge": null, "maxspeed": null, "tunnel": null, "manual_add_candidate": true, "priority": 1 }, "geometry": { "type": "LineString", "coordinates": [ [ 141.876088, 43.4100878 ], [ 141.8769773, 43.4130744 ] ] } },
{ "type": "Feature", "properties": { "u": 2350612061, "v": 2350611965, "key": 0, "osmid": "226201622", "highway": [ "unclassified" ], "oneway": false, "reversed": "True", "length": 559.2300509579751, "lanes": null, "name": null, "ref": null, "bridge": null, "maxspeed": null, "tunnel": null, "manual_add_candidate": true, "priority": 1 }, "geometry": { "type": "LineString", "coordinates": [ [ 141.876088, 43.4100878 ], [ 141.8828552, 43.4090269 ] ] } },
{ "type": "Feature", "properties": { "u": 2350612061, "v": 1938411952, "key": 0, "osmid": [ 183465905, 183465993, 183466167 ], "highway": [ "unclassified" ], "oneway": false, "reversed": "False", "length": 468.96992449367895, "lanes": null, "name": null, "ref": null, "bridge": "yes", "maxspeed": null, "tunnel": null, "manual_add_candidate": true, "priority": 1 }, "geometry": { "type": "LineString", "coordinates": [ [ 141.876088, 43.4100878 ], [ 141.8755126, 43.4083478 ], [ 141.875492799999989, 43.4082879 ], [ 141.8753486, 43.4077752 ], [ 141.8753328, 43.4077218 ], [ 141.8748162, 43.4059731 ] ] } },
{ "type": "Feature", "properties": { "u": 2350612795, "v": 1938412068, "key": 0, "osmid": "226201737", "highway": [ "unclassified" ], "oneway": false, "reversed": "False", "length": 186.62005038519388, "lanes": null, "name": null, "ref": null, "bridge": null, "maxspeed": null, "tunnel": null, "manual_add_candidate": true, "priority": 1 }, "geometry": { "type": "LineString", "coordinates": [ [ 141.908017, 43.4134435 ], [ 141.9057561, 43.4137891 ] ] } },
{ "type": "Feature", "properties": { "u": 2350612813, "v": 2350611820, "key": 0, "osmid": [ 226201418, 226201682 ], "highway": [ "unclassified" ], "oneway": false, "reversed": [ false, true ], "length": 970.53373723993752, "lanes": null, "name": null, "ref": null, "bridge": null, "maxspeed": null, "tunnel": null, "manual_add_candidate": true, "priority": 1 }, "geometry": { "type": "LineString", "coordinates": [ [ 141.8520862, 43.4135237 ], [ 141.8522941, 43.41344 ], [ 141.852507, 43.413275 ], [ 141.8528, 43.413033 ], [ 141.8533689, 43.4127709 ], [ 141.8538402, 43.4125639 ], [ 141.853943, 43.4124738 ], [ 141.8539826, 43.4123812 ], [ 141.854002, 43.4122395 ], [ 141.8536521, 43.4110159 ], [ 141.852276, 43.406534 ], [ 141.853512, 43.406336 ] ] } },
{ "type": "Feature", "properties": { "u": 2350612813, "v": 1938412075, "key": 0, "osmid": "226201832", "highway": [ "unclassified" ], "oneway": false, "reversed": "True", "length": 119.85270044390822, "lanes": null, "name": null, "ref": null, "bridge": null, "maxspeed": null, "tunnel": null, "manual_add_candidate": true, "priority": 1 }, "geometry": { "type": "LineString", "coordinates": [ [ 141.8520862, 43.4135237 ], [ 141.851768, 43.4136191 ], [ 141.85130190000001, 43.413752 ], [ 141.851166, 43.413838 ], [ 141.851081, 43.413911 ], [ 141.8508747, 43.4140953 ] ] } },
{ "type": "Feature", "properties": { "u": 2350612857, "v": 2350612889, "key": 0, "osmid": "183466228", "highway": [ "unclassified" ], "oneway": false, "reversed": "True", "length": 140.87610423419176, "lanes": null, "name": null, "ref": null, "bridge": null, "maxspeed": null, "tunnel": null, "manual_add_candidate": true, "priority": 1 }, "geometry": { "type": "LineString", "coordinates": [ [ 141.872358100000014, 43.413794 ], [ 141.8706628, 43.4140916 ] ] } },
{ "type": "Feature", "properties": { "u": 2350612857, "v": 1938412062, "key": 0, "osmid": "183466228", "highway": [ "unclassified" ], "oneway": false, "reversed": "False", "length": 381.60704182783348, "lanes": null, "name": null, "ref": null, "bridge": null, "maxspeed": null, "tunnel": null, "manual_add_candidate": true, "priority": 1 }, "geometry": { "type": "LineString", "coordinates": [ [ 141.872358100000014, 43.413794 ], [ 141.8733427, 43.4136283 ], [ 141.8769773, 43.4130744 ] ] } },
{ "type": "Feature", "properties": { "u": 2350612889, "v": 2350612857, "key": 0, "osmid": "183466228", "highway": [ "unclassified" ], "oneway": false, "reversed": "False", "length": 140.87610423419176, "lanes": null, "name": null, "ref": null, "bridge": null, "maxspeed": null, "tunnel": null, "manual_add_candidate": true, "priority": 1 }, "geometry": { "type": "LineString", "coordinates": [ [ 141.8706628, 43.4140916 ], [ 141.872358100000014, 43.413794 ] ] } },
{ "type": "Feature", "properties": { "u": 2350612889, "v": 1938412084, "key": 0, "osmid": "183466228", "highway": [ "unclassified" ], "oneway": false, "reversed": "True", "length": 605.49271920436308, "lanes": null, "name": null, "ref": null, "bridge": null, "maxspeed": null, "tunnel": null, "manual_add_candidate": true, "priority": 1 }, "geometry": { "type": "LineString", "coordinates": [ [ 141.8706628, 43.4140916 ], [ 141.8638968, 43.4151518 ], [ 141.8633231, 43.4151763 ] ] } },
{ "type": "Feature", "properties": { "u": 2350612959, "v": 3010041354, "key": 0, "osmid": "236724222", "highway": [ "unclassified" ], "oneway": false, "reversed": "False", "length": 408.36593284755679, "lanes": null, "name": null, "ref": null, "bridge": null, "maxspeed": null, "tunnel": null, "manual_add_candidate": true, "priority": 1 }, "geometry": { "type": "LineString", "coordinates": [ [ 141.898932300000013, 43.414851 ], [ 141.893982099999988, 43.4155978 ] ] } },
{ "type": "Feature", "properties": { "u": 2350613601, "v": 2350613752, "key": 0, "osmid": [ 226201490, 226201835 ], "highway": [ "unclassified" ], "oneway": false, "reversed": "False", "length": 223.14642588161615, "lanes": null, "name": null, "ref": null, "bridge": null, "maxspeed": null, "tunnel": null, "manual_add_candidate": true, "priority": 1 }, "geometry": { "type": "LineString", "coordinates": [ [ 141.896065, 43.418494 ], [ 141.896297, 43.418646 ], [ 141.896498, 43.418819 ], [ 141.896531, 43.418876 ], [ 141.896559, 43.418944 ], [ 141.896599, 43.41909 ], [ 141.896969, 43.4203331 ] ] } },
{ "type": "Feature", "properties": { "u": 2350613650, "v": 2350613665, "key": 0, "osmid": "761397572", "highway": [ "unclassified" ], "oneway": false, "reversed": "False", "length": 39.414573792947245, "lanes": null, "name": null, "ref": null, "bridge": null, "maxspeed": null, "tunnel": null, "manual_add_candidate": true, "priority": 1 }, "geometry": { "type": "LineString", "coordinates": [ [ 141.8720698, 43.4190052 ], [ 141.8715929, 43.4190804 ] ] } },
{ "type": "Feature", "properties": { "u": 2350613650, "v": 1938412313, "key": 0, "osmid": "761397572", "highway": [ "unclassified" ], "oneway": false, "reversed": "True", "length": 237.95260919523935, "lanes": null, "name": null, "ref": null, "bridge": null, "maxspeed": null, "tunnel": null, "manual_add_candidate": true, "priority": 1 }, "geometry": { "type": "LineString", "coordinates": [ [ 141.8720698, 43.4190052 ], [ 141.874956200000014, 43.4185763 ] ] } },
{ "type": "Feature", "properties": { "u": 2350613665, "v": 3033240784, "key": 0, "osmid": "226201728", "highway": [ "unclassified" ], "oneway": false, "reversed": "False", "length": 236.83315430854336, "lanes": null, "name": null, "ref": null, "bridge": null, "maxspeed": null, "tunnel": null, "manual_add_candidate": true, "priority": 1 }, "geometry": { "type": "LineString", "coordinates": [ [ 141.8715929, 43.4190804 ], [ 141.8722061, 43.4211632 ] ] } },
{ "type": "Feature", "properties": { "u": 2350613665, "v": 1938412451, "key": 0, "osmid": "761397572", "highway": [ "unclassified" ], "oneway": false, "reversed": "False", "length": 561.25875702269593, "lanes": null, "name": null, "ref": null, "bridge": null, "maxspeed": null, "tunnel": null, "manual_add_candidate": true, "priority": 1 }, "geometry": { "type": "LineString", "coordinates": [ [ 141.8715929, 43.4190804 ], [ 141.8648071, 43.4201687 ] ] } },
{ "type": "Feature", "properties": { "u": 2350613665, "v": 2350613650, "key": 0, "osmid": "761397572", "highway": [ "unclassified" ], "oneway": false, "reversed": "True", "length": 39.414573792947245, "lanes": null, "name": null, "ref": null, "bridge": null, "maxspeed": null, "tunnel": null, "manual_add_candidate": true, "priority": 1 }, "geometry": { "type": "LineString", "coordinates": [ [ 141.8715929, 43.4190804 ], [ 141.8720698, 43.4190052 ] ] } },
{ "type": "Feature", "properties": { "u": 2350613752, "v": 2350613601, "key": 0, "osmid": [ 226201490, 226201835 ], "highway": [ "unclassified" ], "oneway": false, "reversed": "True", "length": 223.14642588161612, "lanes": null, "name": null, "ref": null, "bridge": null, "maxspeed": null, "tunnel": null, "manual_add_candidate": true, "priority": 1 }, "geometry": { "type": "LineString", "coordinates": [ [ 141.896969, 43.4203331 ], [ 141.896599, 43.41909 ], [ 141.896559, 43.418944 ], [ 141.896531, 43.418876 ], [ 141.896498, 43.418819 ], [ 141.896297, 43.418646 ], [ 141.896065, 43.418494 ] ] } },
{ "type": "Feature", "properties": { "u": 2350614317, "v": 1938412767, "key": 0, "osmid": [ 226201511, 226201793, 226201599 ], "highway": [ "unclassified" ], "oneway": false, "reversed": "True", "length": 341.72800180187903, "lanes": null, "name": null, "ref": null, "bridge": null, "maxspeed": null, "tunnel": "yes", "manual_add_candidate": true, "priority": 1 }, "geometry": { "type": "LineString", "coordinates": [ [ 141.9119939, 43.4238876 ], [ 141.911912199999989, 43.4239049 ], [ 141.911436, 43.423983 ], [ 141.911331, 43.423991 ], [ 141.911141, 43.42331 ], [ 141.910861, 43.423347 ], [ 141.9086058, 43.4237144 ] ] } },
{ "type": "Feature", "properties": { "u": 2350614317, "v": 2350614635, "key": 0, "osmid": "226201729", "highway": [ "unclassified" ], "oneway": false, "reversed": "True", "length": 203.37782772944217, "lanes": null, "name": null, "ref": null, "bridge": null, "maxspeed": null, "tunnel": null, "manual_add_candidate": true, "priority": 1 }, "geometry": { "type": "LineString", "coordinates": [ [ 141.9119939, 43.4238876 ], [ 141.9124405, 43.4250725 ], [ 141.912653799999987, 43.4256527 ] ] } },
{ "type": "Feature", "properties": { "u": 2350614317, "v": 2350614368, "key": 0, "osmid": "226201847", "highway": [ "unclassified" ], "oneway": false, "reversed": "False", "length": 1166.7892203101374, "lanes": null, "name": null, "ref": null, "bridge": null, "maxspeed": null, "tunnel": null, "manual_add_candidate": true, "priority": 1 }, "geometry": { "type": "LineString", "coordinates": [ [ 141.9119939, 43.4238876 ], [ 141.9118638, 43.4233801 ], [ 141.9118284, 43.423145 ], [ 141.9119619, 43.4229142 ], [ 141.912068, 43.422788 ], [ 141.912176, 43.42263 ], [ 141.912407, 43.422507 ], [ 141.912925, 43.422501 ], [ 141.913025, 43.422473 ], [ 141.913087, 43.422417 ], [ 141.913172, 43.422293 ], [ 141.913133, 43.422214 ], [ 141.913071, 43.422146 ], [ 141.912994, 43.422101 ], [ 141.912693, 43.422034 ], [ 141.912515, 43.421972 ], [ 141.912407, 43.42191 ], [ 141.912415, 43.421803 ], [ 141.912546, 43.421708 ], [ 141.912886, 43.421612 ], [ 141.91311, 43.421606 ], [ 141.913233, 43.421618 ], [ 141.91338, 43.421657 ], [ 141.913434, 43.421685 ], [ 141.913558, 43.421724 ], [ 141.91365, 43.42173 ], [ 141.913697, 43.421713 ], [ 141.913774, 43.421657 ], [ 141.913805, 43.421601 ], [ 141.913797, 43.421449 ], [ 141.913712, 43.421263 ], [ 141.913712, 43.421162 ], [ 141.913805, 43.421094 ], [ 141.913944, 43.421061 ], [ 141.914137, 43.421061 ], [ 141.914253, 43.421094 ], [ 141.914291, 43.421156 ], [ 141.914291, 43.42128 ], [ 141.914245, 43.421482 ], [ 141.91426, 43.421651 ], [ 141.914282, 43.421696 ], [ 141.914375, 43.421775 ], [ 141.914515, 43.421859 ], [ 141.914715, 43.421927 ], [ 141.914993, 43.421972 ], [ 141.915271, 43.422045 ], [ 141.91565, 43.422073 ], [ 141.915873, 43.422135 ], [ 141.915958, 43.42218 ], [ 141.916073, 43.422253 ], [ 141.916375, 43.422524 ], [ 141.917038, 43.422833 ], [ 141.917255, 43.422934 ], [ 141.91748, 43.423098 ], [ 141.917812, 43.423429 ], [ 141.917997, 43.423565 ], [ 141.918306, 43.423739 ], [ 141.918429, 43.423835 ], [ 141.918591, 43.424009 ], [ 141.918753, 43.424139 ], [ 141.9192952, 43.4246286 ] ] } },
{ "type": "Feature", "properties": { "u": 2350614321, "v": 2350616319, "key": 0, "osmid": [ 226201868, 1455452621, 1455452620, 1455452623, 1455452624, 1455452625, 1455452622 ], "highway": [ "unclassified" ], "oneway": false, "reversed": "False", "length": 2157.1180906188033, "lanes": null, "name": null, "ref": null, "bridge": "yes", "maxspeed": null, "tunnel": null, "manual_add_candidate": true, "priority": 1 }, "geometry": { "type": "LineString", "coordinates": [ [ 141.942632, 43.42384 ], [ 141.942292, 43.424138 ], [ 141.942061, 43.424352 ], [ 141.941914, 43.424527 ], [ 141.941767, 43.424747 ], [ 141.941644, 43.424888 ], [ 141.941497, 43.424995 ], [ 141.941203, 43.425152 ], [ 141.941011, 43.425293 ], [ 141.940926, 43.425394 ], [ 141.940854, 43.425552 ], [ 141.940454, 43.426745 ], [ 141.940339, 43.427032 ], [ 141.940107, 43.427454 ], [ 141.940061, 43.427589 ], [ 141.940014, 43.428067 ], [ 141.93996, 43.42827 ], [ 141.939536, 43.428855 ], [ 141.939443, 43.429024 ], [ 141.939412, 43.429231 ], [ 141.939389, 43.429563 ], [ 141.939272, 43.4300588 ], [ 141.939229899999987, 43.4302787 ], [ 141.9391899, 43.430369 ], [ 141.9391623, 43.4304374 ], [ 141.9389478, 43.4307623 ], [ 141.938848299999989, 43.4310166 ], [ 141.938854099999986, 43.4312129 ], [ 141.9388291, 43.4313137 ], [ 141.9387963, 43.4313823 ], [ 141.9387082, 43.4314655 ], [ 141.9384684, 43.4316197 ], [ 141.9381717, 43.4318733 ], [ 141.93792, 43.432146 ], [ 141.937744400000014, 43.4322954 ], [ 141.9376614, 43.4324114 ], [ 141.9376154, 43.4324975 ], [ 141.93758170000001, 43.4326331 ], [ 141.9375238, 43.4330249 ], [ 141.9374982, 43.4331535 ], [ 141.9374497, 43.4332681 ], [ 141.937277599999987, 43.4335767 ], [ 141.9372559, 43.4336917 ], [ 141.937264199999987, 43.4337921 ], [ 141.9373167, 43.4339406 ], [ 141.9373615, 43.4340838 ], [ 141.9373871, 43.4342076 ], [ 141.9374196, 43.4343249 ], [ 141.937446099999988, 43.4344854 ], [ 141.9374623, 43.4346715 ], [ 141.937452, 43.4348373 ], [ 141.937458, 43.4349847 ], [ 141.9375196, 43.4350661 ], [ 141.9376035, 43.4351844 ], [ 141.9376641, 43.4352977 ], [ 141.9376928, 43.4354388 ], [ 141.937709500000011, 43.4356209 ], [ 141.9377269, 43.4357932 ], [ 141.937648700000011, 43.4360417 ], [ 141.937635699999987, 43.4362074 ], [ 141.9376744, 43.4363466 ], [ 141.937801799999988, 43.4365365 ], [ 141.9378501, 43.4366358 ], [ 141.9378662, 43.4367385 ], [ 141.9378691, 43.4368393 ], [ 141.9378434, 43.4371474 ], [ 141.937848800000012, 43.4372287 ], [ 141.937878399999988, 43.4373321 ], [ 141.9379449, 43.4374822 ], [ 141.93806, 43.437695 ], [ 141.938122, 43.437852 ], [ 141.938231, 43.4382631 ], [ 141.9384095, 43.4387584 ], [ 141.9384322, 43.439122 ], [ 141.9385019, 43.4394336 ], [ 141.9386326, 43.4402357 ], [ 141.938696099999987, 43.4403812 ], [ 141.9391321, 43.440812 ], [ 141.9393279, 43.4410037 ], [ 141.9394419, 43.4411909 ], [ 141.9395577, 43.4414135 ], [ 141.9396779, 43.4416467 ], [ 141.939742200000012, 43.4418224 ] ] } },
{ "type": "Feature", "properties": { "u": 2350614368, "v": 2350616319, "key": 0, "osmid": [ 226201744, 226201436 ], "highway": [ "unclassified" ], "oneway": false, "reversed": "False", "length": 4044.2890794370546, "lanes": null, "name": null, "ref": null, "bridge": null, "maxspeed": null, "tunnel": null, "manual_add_candidate": true, "priority": 1 }, "geometry": { "type": "LineString", "coordinates": [ [ 141.9192952, 43.4246286 ], [ 141.919382399999989, 43.4246752 ], [ 141.9194692, 43.4247086 ], [ 141.9195772, 43.4247824 ], [ 141.919682599999987, 43.4248418 ], [ 141.919899500000014, 43.424952 ], [ 141.920459, 43.425094 ], [ 141.920645, 43.425173 ], [ 141.920753, 43.425246 ], [ 141.921039, 43.42546 ], [ 141.921185, 43.42555 ], [ 141.921324, 43.425612 ], [ 141.921533, 43.425663 ], [ 141.921787, 43.425702 ], [ 141.922135, 43.425702 ], [ 141.92242, 43.42564 ], [ 141.922613, 43.425573 ], [ 141.922953, 43.425477 ], [ 141.923177, 43.42537 ], [ 141.923362, 43.425241 ], [ 141.923748, 43.424775 ], [ 141.923795, 43.424724 ], [ 141.923972, 43.4246 ], [ 141.924397, 43.424414 ], [ 141.924698, 43.424296 ], [ 141.924829, 43.424274 ], [ 141.925076, 43.424274 ], [ 141.925184, 43.424302 ], [ 141.925555, 43.424504 ], [ 141.925748, 43.424589 ], [ 141.925949, 43.424662 ], [ 141.92614, 43.424707 ], [ 141.926411, 43.424707 ], [ 141.926508, 43.424688 ], [ 141.927067, 43.424578 ], [ 141.927345, 43.424578 ], [ 141.927492, 43.424628 ], [ 141.9276, 43.42469 ], [ 141.927716, 43.424775 ], [ 141.927794, 43.424899 ], [ 141.927885, 43.425107 ], [ 141.927947, 43.425293 ], [ 141.928072, 43.425551 ], [ 141.92824, 43.425782 ], [ 141.928302, 43.425855 ], [ 141.928387, 43.426035 ], [ 141.928402, 43.426131 ], [ 141.92838, 43.426726 ], [ 141.928395, 43.42694 ], [ 141.92845, 43.427143 ], [ 141.928666, 43.427632 ], [ 141.928697, 43.427739 ], [ 141.928689, 43.427909 ], [ 141.928635, 43.428212 ], [ 141.928612, 43.428444 ], [ 141.928581, 43.428534 ], [ 141.928388, 43.428826 ], [ 141.928365, 43.428887 ], [ 141.928357, 43.428995 ], [ 141.928666, 43.429412 ], [ 141.928851, 43.429692 ], [ 141.928874, 43.429789 ], [ 141.928874, 43.429924 ], [ 141.92882, 43.430036 ], [ 141.928735, 43.43016 ], [ 141.928596, 43.430278 ], [ 141.928094, 43.430565 ], [ 141.927739, 43.430734 ], [ 141.927654, 43.430785 ], [ 141.927486, 43.430914 ], [ 141.927454, 43.430953 ], [ 141.927447, 43.430996 ], [ 141.927461, 43.43106 ], [ 141.927562, 43.431263 ], [ 141.927801, 43.431668 ], [ 141.927863, 43.431809 ], [ 141.927994, 43.432225 ], [ 141.928033, 43.432411 ], [ 141.928024, 43.432766 ], [ 141.92794, 43.433064 ], [ 141.927932, 43.433159 ], [ 141.927944, 43.433199 ], [ 141.928003, 43.433229 ], [ 141.92814, 43.433249 ], [ 141.928395, 43.433249 ], [ 141.928542, 43.433233 ], [ 141.928774, 43.433238 ], [ 141.92892, 43.433289 ], [ 141.929013, 43.433345 ], [ 141.92909, 43.433463 ], [ 141.929136, 43.433598 ], [ 141.929135, 43.433857 ], [ 141.92912, 43.434088 ], [ 141.929128, 43.434122 ], [ 141.929213, 43.434223 ], [ 141.929336, 43.434341 ], [ 141.929413, 43.434453 ], [ 141.929428, 43.434605 ], [ 141.929405, 43.434672 ], [ 141.929359, 43.43479 ], [ 141.929365, 43.434852 ], [ 141.929403, 43.434875 ], [ 141.929473, 43.434885 ], [ 141.929718, 43.434875 ], [ 141.929815, 43.434886 ], [ 141.929907, 43.434925 ], [ 141.930294, 43.435291 ], [ 141.93041, 43.435432 ], [ 141.930449, 43.435545 ], [ 141.930449, 43.435786 ], [ 141.930426, 43.435933 ], [ 141.930341, 43.436107 ], [ 141.930086, 43.436305 ], [ 141.929978, 43.436428 ], [ 141.929916, 43.436546 ], [ 141.929885, 43.436715 ], [ 141.929846, 43.436823 ], [ 141.929738, 43.436952 ], [ 141.929684, 43.437059 ], [ 141.929684, 43.437177 ], [ 141.929754, 43.437324 ], [ 141.929814, 43.437442 ], [ 141.929862, 43.437594 ], [ 141.929885, 43.437723 ], [ 141.929916, 43.437768 ], [ 141.929949, 43.437795 ], [ 141.930003, 43.437803 ], [ 141.930178, 43.437791 ], [ 141.930348, 43.437762 ], [ 141.930503, 43.437768 ], [ 141.930618, 43.437813 ], [ 141.930796, 43.437909 ], [ 141.930973, 43.438038 ], [ 141.931136, 43.438083 ], [ 141.931383, 43.438094 ], [ 141.931606, 43.4381 ], [ 141.931753, 43.438139 ], [ 141.9319, 43.438201 ], [ 141.932185, 43.438303 ], [ 141.932348, 43.438426 ], [ 141.932409, 43.438505 ], [ 141.932471, 43.43868 ], [ 141.932525, 43.438747 ], [ 141.932672, 43.438837 ], [ 141.932857, 43.438877 ], [ 141.93339, 43.438905 ], [ 141.933575, 43.438933 ], [ 141.933853, 43.438927 ], [ 141.934, 43.438905 ], [ 141.934162, 43.438905 ], [ 141.934278, 43.438939 ], [ 141.934385, 43.439001 ], [ 141.934455, 43.439074 ], [ 141.934524, 43.439198 ], [ 141.934662, 43.43967 ], [ 141.93474, 43.439783 ], [ 141.935227, 43.440143 ], [ 141.935482, 43.440306 ], [ 141.935548, 43.440319 ], [ 141.935627, 43.440323 ], [ 141.935905, 43.440233 ], [ 141.93598, 43.44023 ], [ 141.936045, 43.440239 ], [ 141.936129, 43.440312 ], [ 141.936122, 43.440481 ], [ 141.936083, 43.440565 ], [ 141.935928, 43.440751 ], [ 141.935775, 43.440908 ], [ 141.935658, 43.440998 ], [ 141.935372, 43.44115 ], [ 141.935272, 43.441246 ], [ 141.935272, 43.441308 ], [ 141.9353, 43.441366 ], [ 141.935357, 43.441403 ], [ 141.93548, 43.441448 ], [ 141.93557, 43.441452 ], [ 141.935658, 43.441443 ], [ 141.935867, 43.441353 ], [ 141.93609, 43.441206 ], [ 141.936345, 43.441009 ], [ 141.9365, 43.440919 ], [ 141.936615, 43.440886 ], [ 141.936817, 43.440858 ], [ 141.936894, 43.440858 ], [ 141.936964, 43.44088 ], [ 141.937118, 43.440993 ], [ 141.937273, 43.441161 ], [ 141.937334, 43.441296 ], [ 141.937427, 43.44155 ], [ 141.937481, 43.441657 ], [ 141.937582, 43.441741 ], [ 141.93772, 43.441814 ], [ 141.937828, 43.441848 ], [ 141.938083, 43.441888 ], [ 141.938168, 43.44191 ], [ 141.938222, 43.441938 ], [ 141.9383058, 43.4420086 ], [ 141.9383197, 43.4420838 ], [ 141.938256599999988, 43.4421627 ], [ 141.9381567, 43.4422147 ], [ 141.9379173, 43.4423055 ], [ 141.9376384, 43.4423091 ], [ 141.937516100000011, 43.4423817 ], [ 141.9374609, 43.4424631 ], [ 141.93748, 43.4425504 ], [ 141.9375499, 43.4426133 ], [ 141.9376552, 43.4426517 ], [ 141.9381946, 43.4427212 ], [ 141.9384752, 43.442769 ], [ 141.9388492, 43.4429596 ], [ 141.9390947, 43.443054 ], [ 141.9392904, 43.4430825 ], [ 141.9393962, 43.4430462 ], [ 141.9394854, 43.4429558 ], [ 141.9395366, 43.4427864 ], [ 141.939574599999986, 43.4426311 ], [ 141.939561200000014, 43.4424553 ], [ 141.939561200000014, 43.4422509 ], [ 141.9395815, 43.4421239 ], [ 141.939639699999987, 43.4418984 ], [ 141.939742200000012, 43.4418224 ] ] } },
{ "type": "Feature", "properties": { "u": 2350614368, "v": 2350614317, "key": 0, "osmid": "226201847", "highway": [ "unclassified" ], "oneway": false, "reversed": "True", "length": 1166.7892203101378, "lanes": null, "name": null, "ref": null, "bridge": null, "maxspeed": null, "tunnel": null, "manual_add_candidate": true, "priority": 1 }, "geometry": { "type": "LineString", "coordinates": [ [ 141.9192952, 43.4246286 ], [ 141.918753, 43.424139 ], [ 141.918591, 43.424009 ], [ 141.918429, 43.423835 ], [ 141.918306, 43.423739 ], [ 141.917997, 43.423565 ], [ 141.917812, 43.423429 ], [ 141.91748, 43.423098 ], [ 141.917255, 43.422934 ], [ 141.917038, 43.422833 ], [ 141.916375, 43.422524 ], [ 141.916073, 43.422253 ], [ 141.915958, 43.42218 ], [ 141.915873, 43.422135 ], [ 141.91565, 43.422073 ], [ 141.915271, 43.422045 ], [ 141.914993, 43.421972 ], [ 141.914715, 43.421927 ], [ 141.914515, 43.421859 ], [ 141.914375, 43.421775 ], [ 141.914282, 43.421696 ], [ 141.91426, 43.421651 ], [ 141.914245, 43.421482 ], [ 141.914291, 43.42128 ], [ 141.914291, 43.421156 ], [ 141.914253, 43.421094 ], [ 141.914137, 43.421061 ], [ 141.913944, 43.421061 ], [ 141.913805, 43.421094 ], [ 141.913712, 43.421162 ], [ 141.913712, 43.421263 ], [ 141.913797, 43.421449 ], [ 141.913805, 43.421601 ], [ 141.913774, 43.421657 ], [ 141.913697, 43.421713 ], [ 141.91365, 43.42173 ], [ 141.913558, 43.421724 ], [ 141.913434, 43.421685 ], [ 141.91338, 43.421657 ], [ 141.913233, 43.421618 ], [ 141.91311, 43.421606 ], [ 141.912886, 43.421612 ], [ 141.912546, 43.421708 ], [ 141.912415, 43.421803 ], [ 141.912407, 43.42191 ], [ 141.912515, 43.421972 ], [ 141.912693, 43.422034 ], [ 141.912994, 43.422101 ], [ 141.913071, 43.422146 ], [ 141.913133, 43.422214 ], [ 141.913172, 43.422293 ], [ 141.913087, 43.422417 ], [ 141.913025, 43.422473 ], [ 141.912925, 43.422501 ], [ 141.912407, 43.422507 ], [ 141.912176, 43.42263 ], [ 141.912068, 43.422788 ], [ 141.9119619, 43.4229142 ], [ 141.9118284, 43.423145 ], [ 141.9118638, 43.4233801 ], [ 141.9119939, 43.4238876 ] ] } },
{ "type": "Feature", "properties": { "u": 2350614518, "v": 2350614834, "key": 0, "osmid": "226201605", "highway": [ "unclassified" ], "oneway": false, "reversed": "False", "length": 516.55200111609224, "lanes": null, "name": null, "ref": null, "bridge": null, "maxspeed": null, "tunnel": null, "manual_add_candidate": true, "priority": 1 }, "geometry": { "type": "LineString", "coordinates": [ [ 141.844987300000014, 43.4250694 ], [ 141.845572, 43.4257003 ], [ 141.8478017, 43.4278996 ], [ 141.8479481, 43.427992 ], [ 141.848104400000011, 43.4280096 ], [ 141.8482545, 43.427981 ], [ 141.849215, 43.4276201 ] ] } },
{ "type": "Feature", "properties": { "u": 2350614635, "v": 2350614662, "key": 0, "osmid": [ 226201617, 226201540 ], "highway": [ "unclassified" ], "oneway": false, "reversed": "False", "length": 51.759835793957564, "lanes": null, "name": null, "ref": null, "bridge": null, "maxspeed": null, "tunnel": "yes", "manual_add_candidate": true, "priority": 1 }, "geometry": { "type": "LineString", "coordinates": [ [ 141.912653799999987, 43.4256527 ], [ 141.912595399999987, 43.4256737 ], [ 141.9120488, 43.4258051 ] ] } },
{ "type": "Feature", "properties": { "u": 2350614635, "v": 2350614317, "key": 0, "osmid": "226201729", "highway": [ "unclassified" ], "oneway": false, "reversed": "False", "length": 203.37782772944217, "lanes": null, "name": null, "ref": null, "bridge": null, "maxspeed": null, "tunnel": null, "manual_add_candidate": true, "priority": 1 }, "geometry": { "type": "LineString", "coordinates": [ [ 141.912653799999987, 43.4256527 ], [ 141.9124405, 43.4250725 ], [ 141.9119939, 43.4238876 ] ] } },
{ "type": "Feature", "properties": { "u": 2350614635, "v": 2350614870, "key": 0, "osmid": "226201806", "highway": [ "unclassified" ], "oneway": false, "reversed": "True", "length": 282.53031857415419, "lanes": null, "name": null, "ref": null, "bridge": null, "maxspeed": null, "tunnel": null, "manual_add_candidate": true, "priority": 1 }, "geometry": { "type": "LineString", "coordinates": [ [ 141.912653799999987, 43.4256527 ], [ 141.912877900000012, 43.4262312 ], [ 141.9133291, 43.4273159 ], [ 141.9136753, 43.4280825 ] ] } },
{ "type": "Feature", "properties": { "u": 2350614662, "v": 2350614635, "key": 0, "osmid": [ 226201617, 226201540 ], "highway": [ "unclassified" ], "oneway": false, "reversed": "True", "length": 51.759835793957564, "lanes": null, "name": null, "ref": null, "bridge": null, "maxspeed": null, "tunnel": "yes", "manual_add_candidate": true, "priority": 1 }, "geometry": { "type": "LineString", "coordinates": [ [ 141.9120488, 43.4258051 ], [ 141.912595399999987, 43.4256737 ], [ 141.912653799999987, 43.4256527 ] ] } },
{ "type": "Feature", "properties": { "u": 2350614707, "v": 2350615106, "key": 0, "osmid": "226201506", "highway": [ "unclassified" ], "oneway": false, "reversed": "True", "length": 565.7221037455796, "lanes": null, "name": null, "ref": null, "bridge": null, "maxspeed": null, "tunnel": null, "manual_add_candidate": true, "priority": 1 }, "geometry": { "type": "LineString", "coordinates": [ [ 141.85943850000001, 43.4261732 ], [ 141.8609212, 43.4311456 ] ] } },
{ "type": "Feature", "properties": { "u": 2350614743, "v": 2350615142, "key": 0, "osmid": "226201633", "highway": [ "unclassified" ], "oneway": false, "reversed": "False", "length": 564.56997323464634, "lanes": null, "name": null, "ref": null, "bridge": null, "maxspeed": null, "tunnel": null, "manual_add_candidate": true, "priority": 1 }, "geometry": { "type": "LineString", "coordinates": [ [ 141.8561276, 43.4267002 ], [ 141.8576103, 43.431662 ] ] } },
{ "type": "Feature", "properties": { "u": 2350614771, "v": 2350614821, "key": 0, "osmid": "226201573", "highway": [ "unclassified" ], "oneway": false, "reversed": "True", "length": 231.08618346513575, "lanes": null, "name": null, "ref": null, "bridge": null, "maxspeed": null, "tunnel": null, "manual_add_candidate": true, "priority": 1 }, "geometry": { "type": "LineString", "coordinates": [ [ 141.9124368, 43.4268236 ], [ 141.9097285, 43.4274946 ] ] } },
{ "type": "Feature", "properties": { "u": 2350614821, "v": 2350614771, "key": 0, "osmid": "226201573", "highway": [ "unclassified" ], "oneway": false, "reversed": "False", "length": 231.08618346513575, "lanes": null, "name": null, "ref": null, "bridge": null, "maxspeed": null, "tunnel": null, "manual_add_candidate": true, "priority": 1 }, "geometry": { "type": "LineString", "coordinates": [ [ 141.9097285, 43.4274946 ], [ 141.9124368, 43.4268236 ] ] } },
{ "type": "Feature", "properties": { "u": 2350614821, "v": 1938412767, "key": 0, "osmid": "435242782", "highway": [ "unclassified" ], "oneway": false, "reversed": "False", "length": 430.00675118197404, "lanes": null, "name": null, "ref": null, "bridge": null, "maxspeed": null, "tunnel": null, "manual_add_candidate": true, "priority": 1 }, "geometry": { "type": "LineString", "coordinates": [ [ 141.9097285, 43.4274946 ], [ 141.9086058, 43.4237144 ] ] } },
{ "type": "Feature", "properties": { "u": 2350614821, "v": 2350614926, "key": 0, "osmid": "435242782", "highway": [ "unclassified" ], "oneway": false, "reversed": "True", "length": 133.56017166566184, "lanes": null, "name": null, "ref": null, "bridge": null, "maxspeed": null, "tunnel": null, "manual_add_candidate": true, "priority": 1 }, "geometry": { "type": "LineString", "coordinates": [ [ 141.9097285, 43.4274946 ], [ 141.9100604, 43.4286713 ] ] } },
{ "type": "Feature", "properties": { "u": 2350614834, "v": 2350614518, "key": 0, "osmid": "226201605", "highway": [ "unclassified" ], "oneway": false, "reversed": "True", "length": 516.55200111609224, "lanes": null, "name": null, "ref": null, "bridge": null, "maxspeed": null, "tunnel": null, "manual_add_candidate": true, "priority": 1 }, "geometry": { "type": "LineString", "coordinates": [ [ 141.849215, 43.4276201 ], [ 141.8482545, 43.427981 ], [ 141.848104400000011, 43.4280096 ], [ 141.8479481, 43.427992 ], [ 141.8478017, 43.4278996 ], [ 141.845572, 43.4257003 ], [ 141.844987300000014, 43.4250694 ] ] } },
{ "type": "Feature", "properties": { "u": 2350614870, "v": 2350614894, "key": 0, "osmid": [ 226201528, 226201580, 226201487 ], "highway": [ "unclassified" ], "oneway": false, "reversed": "True", "length": 54.762998822976783, "lanes": null, "name": null, "ref": null, "bridge": null, "maxspeed": null, "tunnel": "yes", "manual_add_candidate": true, "priority": 1 }, "geometry": { "type": "LineString", "coordinates": [ [ 141.9136753, 43.4280825 ], [ 141.913579700000014, 43.4280822 ], [ 141.913086600000014, 43.4281659 ], [ 141.9130117, 43.4281759 ] ] } },
{ "type": "Feature", "properties": { "u": 2350614870, "v": 2350614635, "key": 0, "osmid": "226201806", "highway": [ "unclassified" ], "oneway": false, "reversed": "False", "length": 282.53031857415419, "lanes": null, "name": null, "ref": null, "bridge": null, "maxspeed": null, "tunnel": null, "manual_add_candidate": true, "priority": 1 }, "geometry": { "type": "LineString", "coordinates": [ [ 141.9136753, 43.4280825 ], [ 141.9133291, 43.4273159 ], [ 141.912877900000012, 43.4262312 ], [ 141.912653799999987, 43.4256527 ] ] } },
{ "type": "Feature", "properties": { "u": 2350614894, "v": 2350614926, "key": 0, "osmid": "226201445", "highway": [ "unclassified" ], "oneway": false, "reversed": "True", "length": 244.61149591376636, "lanes": null, "name": null, "ref": null, "bridge": null, "maxspeed": null, "tunnel": null, "manual_add_candidate": true, "priority": 1 }, "geometry": { "type": "LineString", "coordinates": [ [ 141.9130117, 43.4281759 ], [ 141.91265580000001, 43.4282356 ], [ 141.9100604, 43.4286713 ] ] } },
{ "type": "Feature", "properties": { "u": 2350614894, "v": 2350614870, "key": 0, "osmid": [ 226201528, 226201580, 226201487 ], "highway": [ "unclassified" ], "oneway": false, "reversed": "False", "length": 54.762998822976783, "lanes": null, "name": null, "ref": null, "bridge": null, "maxspeed": null, "tunnel": "yes", "manual_add_candidate": true, "priority": 1 }, "geometry": { "type": "LineString", "coordinates": [ [ 141.9130117, 43.4281759 ], [ 141.913086600000014, 43.4281659 ], [ 141.913579700000014, 43.4280822 ], [ 141.9136753, 43.4280825 ] ] } },
{ "type": "Feature", "properties": { "u": 2350614926, "v": 2350614821, "key": 0, "osmid": "435242782", "highway": [ "unclassified" ], "oneway": false, "reversed": "False", "length": 133.56017166566184, "lanes": null, "name": null, "ref": null, "bridge": null, "maxspeed": null, "tunnel": null, "manual_add_candidate": true, "priority": 1 }, "geometry": { "type": "LineString", "coordinates": [ [ 141.9100604, 43.4286713 ], [ 141.9097285, 43.4274946 ] ] } },
{ "type": "Feature", "properties": { "u": 2350614926, "v": 2350614894, "key": 0, "osmid": "226201445", "highway": [ "unclassified" ], "oneway": false, "reversed": "False", "length": 244.61149591376636, "lanes": null, "name": null, "ref": null, "bridge": null, "maxspeed": null, "tunnel": null, "manual_add_candidate": true, "priority": 1 }, "geometry": { "type": "LineString", "coordinates": [ [ 141.9100604, 43.4286713 ], [ 141.91265580000001, 43.4282356 ], [ 141.9130117, 43.4281759 ] ] } },
{ "type": "Feature", "properties": { "u": 2350614994, "v": 2350615190, "key": 0, "osmid": "226201407", "highway": [ "unclassified" ], "oneway": false, "reversed": "False", "length": 340.61416563782132, "lanes": null, "name": null, "ref": null, "bridge": null, "maxspeed": null, "tunnel": null, "manual_add_candidate": true, "priority": 1 }, "geometry": { "type": "LineString", "coordinates": [ [ 141.916221, 43.429524 ], [ 141.916074, 43.430036 ], [ 141.915966, 43.430666 ], [ 141.915981, 43.431094 ], [ 141.916043, 43.431369 ], [ 141.916151, 43.431588 ], [ 141.916367, 43.431847 ], [ 141.9165538, 43.4320359 ], [ 141.9165212, 43.4321243 ], [ 141.916411900000014, 43.432263 ], [ 141.9162787, 43.4324139 ] ] } },
{ "type": "Feature", "properties": { "u": 2350615079, "v": 1938413263, "key": 0, "osmid": "183466094", "highway": [ "unclassified" ], "oneway": false, "reversed": "False", "length": 550.06989976949501, "lanes": null, "name": null, "ref": null, "bridge": null, "maxspeed": null, "tunnel": null, "manual_add_candidate": true, "priority": 1 }, "geometry": { "type": "LineString", "coordinates": [ [ 141.8966622, 43.4307675 ], [ 141.8997223, 43.4302794 ], [ 141.9009307, 43.4300824 ], [ 141.9033203, 43.4297227 ] ] } },
{ "type": "Feature", "properties": { "u": 2350615079, "v": 1938413350, "key": 0, "osmid": [ 183465982, 183466094, 183465927 ], "highway": [ "unclassified" ], "oneway": false, "reversed": "True", "length": 27.227117348251916, "lanes": null, "name": null, "ref": null, "bridge": "yes", "maxspeed": null, "tunnel": null, "manual_add_candidate": true, "priority": 1 }, "geometry": { "type": "LineString", "coordinates": [ [ 141.8966622, 43.4307675 ], [ 141.8966101, 43.4307765 ], [ 141.8964092, 43.4308056 ], [ 141.896330799999987, 43.4308111 ] ] } },
{ "type": "Feature", "properties": { "u": 2350615106, "v": 2350614707, "key": 0, "osmid": "226201506", "highway": [ "unclassified" ], "oneway": false, "reversed": "False", "length": 565.7221037455796, "lanes": null, "name": null, "ref": null, "bridge": null, "maxspeed": null, "tunnel": null, "manual_add_candidate": true, "priority": 1 }, "geometry": { "type": "LineString", "coordinates": [ [ 141.8609212, 43.4311456 ], [ 141.85943850000001, 43.4261732 ] ] } },
{ "type": "Feature", "properties": { "u": 2350615142, "v": 2350614743, "key": 0, "osmid": "226201633", "highway": [ "unclassified" ], "oneway": false, "reversed": "True", "length": 564.56997323464634, "lanes": null, "name": null, "ref": null, "bridge": null, "maxspeed": null, "tunnel": null, "manual_add_candidate": true, "priority": 1 }, "geometry": { "type": "LineString", "coordinates": [ [ 141.8576103, 43.431662 ], [ 141.8561276, 43.4267002 ] ] } },
{ "type": "Feature", "properties": { "u": 2350615150, "v": 7113321226, "key": 0, "osmid": "226201486", "highway": [ "unclassified" ], "oneway": false, "reversed": "True", "length": 388.81511311189365, "lanes": null, "name": null, "ref": null, "bridge": null, "maxspeed": null, "tunnel": null, "manual_add_candidate": true, "priority": 1 }, "geometry": { "type": "LineString", "coordinates": [ [ 141.8565456, 43.4318359 ], [ 141.8573925, 43.4347382 ], [ 141.857631199999986, 43.4348302 ], [ 141.8577173, 43.4350104 ], [ 141.857854, 43.4351133 ] ] } },
{ "type": "Feature", "properties": { "u": 2350615190, "v": 2350614994, "key": 0, "osmid": "226201407", "highway": [ "unclassified" ], "oneway": false, "reversed": "True", "length": 340.61416563782132, "lanes": null, "name": null, "ref": null, "bridge": null, "maxspeed": null, "tunnel": null, "manual_add_candidate": true, "priority": 1 }, "geometry": { "type": "LineString", "coordinates": [ [ 141.9162787, 43.4324139 ], [ 141.916411900000014, 43.432263 ], [ 141.9165212, 43.4321243 ], [ 141.9165538, 43.4320359 ], [ 141.916367, 43.431847 ], [ 141.916151, 43.431588 ], [ 141.916043, 43.431369 ], [ 141.915981, 43.431094 ], [ 141.915966, 43.430666 ], [ 141.916074, 43.430036 ], [ 141.916221, 43.429524 ] ] } },
{ "type": "Feature", "properties": { "u": 2350615190, "v": 2350615222, "key": 0, "osmid": "226201836", "highway": [ "unclassified" ], "oneway": false, "reversed": "False", "length": 104.35483196466342, "lanes": null, "name": null, "ref": null, "bridge": null, "maxspeed": null, "tunnel": null, "manual_add_candidate": true, "priority": 1 }, "geometry": { "type": "LineString", "coordinates": [ [ 141.9162787, 43.4324139 ], [ 141.916133699999989, 43.432575 ], [ 141.9159984, 43.432747 ], [ 141.9158745, 43.4328813 ], [ 141.9157299, 43.4329529 ], [ 141.9153873, 43.4330256 ] ] } },
{ "type": "Feature", "properties": { "u": 2350615222, "v": 2350615234, "key": 0, "osmid": [ 226201464, 226201640, 226201469 ], "highway": [ "unclassified" ], "oneway": false, "reversed": "False", "length": 62.016377902792357, "lanes": null, "name": null, "ref": null, "bridge": "yes", "maxspeed": null, "tunnel": null, "manual_add_candidate": true, "priority": 1 }, "geometry": { "type": "LineString", "coordinates": [ [ 141.9153873, 43.4330256 ], [ 141.9152977, 43.4330367 ], [ 141.9147472, 43.4331395 ], [ 141.914639200000011, 43.4331486 ] ] } },
{ "type": "Feature", "properties": { "u": 2350615222, "v": 2350615190, "key": 0, "osmid": "226201836", "highway": [ "unclassified" ], "oneway": false, "reversed": "True", "length": 104.35483196466342, "lanes": null, "name": null, "ref": null, "bridge": null, "maxspeed": null, "tunnel": null, "manual_add_candidate": true, "priority": 1 }, "geometry": { "type": "LineString", "coordinates": [ [ 141.9153873, 43.4330256 ], [ 141.9157299, 43.4329529 ], [ 141.9158745, 43.4328813 ], [ 141.9159984, 43.432747 ], [ 141.916133699999989, 43.432575 ], [ 141.9162787, 43.4324139 ] ] } },
{ "type": "Feature", "properties": { "u": 2350615234, "v": 2350615276, "key": 0, "osmid": "226201496", "highway": [ "unclassified" ], "oneway": false, "reversed": "False", "length": 252.43736493282597, "lanes": null, "name": null, "ref": null, "bridge": null, "maxspeed": null, "tunnel": null, "manual_add_candidate": true, "priority": 1 }, "geometry": { "type": "LineString", "coordinates": [ [ 141.914639200000011, 43.4331486 ], [ 141.911583900000011, 43.4336296 ] ] } },
{ "type": "Feature", "properties": { "u": 2350615234, "v": 2350615222, "key": 0, "osmid": [ 226201640, 226201464, 226201469 ], "highway": [ "unclassified" ], "oneway": false, "reversed": "True", "length": 62.016377902792357, "lanes": null, "name": null, "ref": null, "bridge": "yes", "maxspeed": null, "tunnel": null, "manual_add_candidate": true, "priority": 1 }, "geometry": { "type": "LineString", "coordinates": [ [ 141.914639200000011, 43.4331486 ], [ 141.9147472, 43.4331395 ], [ 141.9152977, 43.4330367 ], [ 141.9153873, 43.4330256 ] ] } },
{ "type": "Feature", "properties": { "u": 2350615276, "v": 2350615234, "key": 0, "osmid": "226201496", "highway": [ "unclassified" ], "oneway": false, "reversed": "True", "length": 252.43736493282597, "lanes": null, "name": null, "ref": null, "bridge": null, "maxspeed": null, "tunnel": null, "manual_add_candidate": true, "priority": 1 }, "geometry": { "type": "LineString", "coordinates": [ [ 141.911583900000011, 43.4336296 ], [ 141.914639200000011, 43.4331486 ] ] } },
{ "type": "Feature", "properties": { "u": 2350615276, "v": 2350615347, "key": 0, "osmid": "436199698", "highway": [ "unclassified" ], "oneway": false, "reversed": "True", "length": 562.06022114211862, "lanes": null, "name": null, "ref": null, "bridge": null, "maxspeed": null, "tunnel": null, "manual_add_candidate": true, "priority": 1 }, "geometry": { "type": "LineString", "coordinates": [ [ 141.911583900000011, 43.4336296 ], [ 141.90477580000001, 43.4346827 ] ] } },
{ "type": "Feature", "properties": { "u": 2350615347, "v": 2350615276, "key": 0, "osmid": "436199698", "highway": [ "unclassified" ], "oneway": false, "reversed": "False", "length": 562.06022114211862, "lanes": null, "name": null, "ref": null, "bridge": null, "maxspeed": null, "tunnel": null, "manual_add_candidate": true, "priority": 1 }, "geometry": { "type": "LineString", "coordinates": [ [ 141.90477580000001, 43.4346827 ], [ 141.911583900000011, 43.4336296 ] ] } },
{ "type": "Feature", "properties": { "u": 2350615347, "v": 2350615484, "key": 0, "osmid": "436199698", "highway": [ "unclassified" ], "oneway": false, "reversed": "True", "length": 564.62705835215854, "lanes": null, "name": null, "ref": null, "bridge": null, "maxspeed": null, "tunnel": null, "manual_add_candidate": true, "priority": 1 }, "geometry": { "type": "LineString", "coordinates": [ [ 141.90477580000001, 43.4346827 ], [ 141.8979425, 43.4357609 ] ] } },
{ "type": "Feature", "properties": { "u": 2350615377, "v": 1938413441, "key": 0, "osmid": "183465927", "highway": [ "unclassified" ], "oneway": false, "reversed": "False", "length": 289.63530482285864, "lanes": null, "name": null, "ref": null, "bridge": null, "maxspeed": null, "tunnel": null, "manual_add_candidate": true, "priority": 1 }, "geometry": { "type": "LineString", "coordinates": [ [ 141.872492200000011, 43.4345342 ], [ 141.8759945, 43.4339715 ] ] } },
{ "type": "Feature", "properties": { "u": 2350615377, "v": 2350615575, "key": 0, "osmid": [ 226201863, 761176797, 761176798, 183465927 ], "highway": [ "unclassified" ], "oneway": false, "reversed": [ false, true ], "length": 342.98621074649492, "lanes": null, "name": null, "ref": null, "bridge": "yes", "maxspeed": null, "tunnel": null, "manual_add_candidate": true, "priority": 1 }, "geometry": { "type": "LineString", "coordinates": [ [ 141.872492200000011, 43.4345342 ], [ 141.87088270000001, 43.4347812 ], [ 141.8708469, 43.4348497 ], [ 141.870756, 43.4350004 ], [ 141.8706477, 43.4352984 ], [ 141.870623, 43.435525 ], [ 141.8706723, 43.4363686 ], [ 141.870686299999988, 43.4365329 ], [ 141.8706851, 43.4366406 ] ] } },
{ "type": "Feature", "properties": { "u": 2350615424, "v": 7838309218, "key": 0, "osmid": "226201533", "highway": [ "unclassified" ], "oneway": false, "reversed": "False", "length": 11.816218319914011, "lanes": null, "name": null, "ref": null, "bridge": null, "maxspeed": null, "tunnel": null, "manual_add_candidate": true, "priority": 1 }, "geometry": { "type": "LineString", "coordinates": [ [ 141.89052860000001, 43.4350734 ], [ 141.890673099999987, 43.4350566 ] ] } },
{ "type": "Feature", "properties": { "u": 2350615484, "v": 2350615347, "key": 0, "osmid": "436199698", "highway": [ "unclassified" ], "oneway": false, "reversed": "False", "length": 564.62705835215854, "lanes": null, "name": null, "ref": null, "bridge": null, "maxspeed": null, "tunnel": null, "manual_add_candidate": true, "priority": 1 }, "geometry": { "type": "LineString", "coordinates": [ [ 141.8979425, 43.4357609 ], [ 141.90477580000001, 43.4346827 ] ] } },
{ "type": "Feature", "properties": { "u": 2350615484, "v": 2350615490, "key": 0, "osmid": [ 436199698, 436199699, 226201451 ], "highway": [ "unclassified" ], "oneway": false, "reversed": "True", "length": 28.388483021414686, "lanes": null, "name": null, "ref": null, "bridge": "yes", "maxspeed": null, "tunnel": null, "manual_add_candidate": true, "priority": 1 }, "geometry": { "type": "LineString", "coordinates": [ [ 141.8979425, 43.4357609 ], [ 141.897884800000014, 43.4357735 ], [ 141.8976825, 43.4358036 ], [ 141.8975997, 43.435817 ] ] } },
{ "type": "Feature", "properties": { "u": 2350615490, "v": 2350615484, "key": 0, "osmid": [ 436199699, 436199698, 226201451 ], "highway": [ "unclassified" ], "oneway": false, "reversed": "False", "length": 28.388483021414686, "lanes": null, "name": null, "ref": null, "bridge": "yes", "maxspeed": null, "tunnel": null, "manual_add_candidate": true, "priority": 1 }, "geometry": { "type": "LineString", "coordinates": [ [ 141.8975997, 43.435817 ], [ 141.8976825, 43.4358036 ], [ 141.897884800000014, 43.4357735 ], [ 141.8979425, 43.4357609 ] ] } },
{ "type": "Feature", "properties": { "u": 2350615490, "v": 3010041376, "key": 0, "osmid": "226201451", "highway": [ "unclassified" ], "oneway": false, "reversed": "True", "length": 529.31125982993399, "lanes": null, "name": null, "ref": null, "bridge": null, "maxspeed": null, "tunnel": null, "manual_add_candidate": true, "priority": 1 }, "geometry": { "type": "LineString", "coordinates": [ [ 141.8975997, 43.435817 ], [ 141.8929516, 43.4365206 ], [ 141.8929089, 43.4365285 ], [ 141.891187, 43.4368047 ] ] } },
{ "type": "Feature", "properties": { "u": 2350615490, "v": 1938413350, "key": 0, "osmid": "226201845", "highway": [ "unclassified" ], "oneway": false, "reversed": "False", "length": 566.55862125907288, "lanes": null, "name": null, "ref": null, "bridge": null, "maxspeed": null, "tunnel": null, "manual_add_candidate": true, "priority": 1 }, "geometry": { "type": "LineString", "coordinates": [ [ 141.8975997, 43.435817 ], [ 141.8975231, 43.435553 ], [ 141.8964618, 43.4318364 ], [ 141.8964082, 43.4314433 ], [ 141.896330799999987, 43.4308111 ] ] } },
{ "type": "Feature", "properties": { "u": 2350615490, "v": 2350616227, "key": 0, "osmid": [ 226201455, 226201895 ], "highway": [ "unclassified" ], "oneway": false, "reversed": "True", "length": 567.63449380438897, "lanes": null, "name": null, "ref": null, "bridge": null, "maxspeed": null, "tunnel": null, "manual_add_candidate": true, "priority": 1 }, "geometry": { "type": "LineString", "coordinates": [ [ 141.8975997, 43.435817 ], [ 141.8979563, 43.4370756 ], [ 141.898221299999989, 43.4379496 ], [ 141.8983604, 43.438235 ], [ 141.898503299999987, 43.4384908 ], [ 141.8986543, 43.4387344 ], [ 141.8988551, 43.4389973 ], [ 141.899075399999987, 43.439337 ], [ 141.899427800000012, 43.4407164 ] ] } },
{ "type": "Feature", "properties": { "u": 2350615575, "v": 2350615377, "key": 1, "osmid": [ 183465927, 761176797, 761176798, 226201863 ], "highway": [ "unclassified" ], "oneway": false, "reversed": [ false, true ], "length": 342.98621074649486, "lanes": null, "name": null, "ref": null, "bridge": "yes", "maxspeed": null, "tunnel": null, "manual_add_candidate": true, "priority": 1 }, "geometry": { "type": "LineString", "coordinates": [ [ 141.8706851, 43.4366406 ], [ 141.870686299999988, 43.4365329 ], [ 141.8706723, 43.4363686 ], [ 141.870623, 43.435525 ], [ 141.8706477, 43.4352984 ], [ 141.870756, 43.4350004 ], [ 141.8708469, 43.4348497 ], [ 141.87088270000001, 43.4347812 ], [ 141.872492200000011, 43.4345342 ] ] } },
{ "type": "Feature", "properties": { "u": 2350615575, "v": 2350616185, "key": 0, "osmid": [ 226201752, 226201638 ], "highway": [ "unclassified" ], "oneway": false, "reversed": "False", "length": 393.77494445866398, "lanes": null, "name": null, "ref": null, "bridge": null, "maxspeed": null, "tunnel": null, "manual_add_candidate": true, "priority": 1 }, "geometry": { "type": "LineString", "coordinates": [ [ 141.8706851, 43.4366406 ], [ 141.8706439, 43.4368201 ], [ 141.869996500000013, 43.4378672 ], [ 141.8706134, 43.4400329 ] ] } },
{ "type": "Feature", "properties": { "u": 2350615586, "v": 2350615607, "key": 0, "osmid": "226201472", "highway": [ "unclassified" ], "oneway": false, "reversed": "True", "length": 130.30104548941384, "lanes": null, "name": null, "ref": null, "bridge": null, "maxspeed": null, "tunnel": null, "manual_add_candidate": true, "priority": 1 }, "geometry": { "type": "LineString", "coordinates": [ [ 141.8910439, 43.4368296 ], [ 141.8894661, 43.4370757 ] ] } },
{ "type": "Feature", "properties": { "u": 2350615586, "v": 3010041376, "key": 0, "osmid": "436199700", "highway": [ "unclassified" ], "oneway": false, "reversed": "False", "length": 11.881350555928984, "lanes": null, "name": null, "ref": null, "bridge": null, "maxspeed": null, "tunnel": null, "manual_add_candidate": true, "priority": 1 }, "geometry": { "type": "LineString", "coordinates": [ [ 141.8910439, 43.4368296 ], [ 141.891187, 43.4368047 ] ] } },
{ "type": "Feature", "properties": { "u": 2350615607, "v": 2350615586, "key": 0, "osmid": "226201472", "highway": [ "unclassified" ], "oneway": false, "reversed": "False", "length": 130.30104548941384, "lanes": null, "name": null, "ref": null, "bridge": null, "maxspeed": null, "tunnel": null, "manual_add_candidate": true, "priority": 1 }, "geometry": { "type": "LineString", "coordinates": [ [ 141.8894661, 43.4370757 ], [ 141.8910439, 43.4368296 ] ] } },
{ "type": "Feature", "properties": { "u": 2350615607, "v": 1938413467, "key": 0, "osmid": "226201641", "highway": [ "unclassified" ], "oneway": false, "reversed": "True", "length": 149.81776876744485, "lanes": null, "name": null, "ref": null, "bridge": null, "maxspeed": null, "tunnel": null, "manual_add_candidate": true, "priority": 1 }, "geometry": { "type": "LineString", "coordinates": [ [ 141.8894661, 43.4370757 ], [ 141.887653199999988, 43.4373628 ] ] } },
{ "type": "Feature", "properties": { "u": 2350616124, "v": 2350616363, "key": 0, "osmid": "183466078", "highway": [ "unclassified" ], "oneway": false, "reversed": "False", "length": 347.51008922484419, "lanes": null, "name": null, "ref": null, "bridge": null, "maxspeed": null, "tunnel": null, "manual_add_candidate": true, "priority": 1 }, "geometry": { "type": "LineString", "coordinates": [ [ 141.8775311, 43.4391646 ], [ 141.8783905, 43.4422269 ] ] } },
{ "type": "Feature", "properties": { "u": 2350616124, "v": 1938413474, "key": 0, "osmid": [ 183465969, 183466078 ], "highway": [ "unclassified" ], "oneway": false, "reversed": "True", "length": 29.067851742382697, "lanes": null, "name": null, "ref": null, "bridge": "yes", "maxspeed": null, "tunnel": null, "manual_add_candidate": true, "priority": 1 }, "geometry": { "type": "LineString", "coordinates": [ [ 141.8775311, 43.4391646 ], [ 141.8774987, 43.4390954 ], [ 141.8774331, 43.4389132 ] ] } },
{ "type": "Feature", "properties": { "u": 2350616124, "v": 2350616165, "key": 0, "osmid": "226201833", "highway": [ "unclassified" ], "oneway": false, "reversed": "True", "length": 426.00680115316987, "lanes": null, "name": null, "ref": null, "bridge": null, "maxspeed": null, "tunnel": null, "manual_add_candidate": true, "priority": 1 }, "geometry": { "type": "LineString", "coordinates": [ [ 141.8775311, 43.4391646 ], [ 141.877158799999989, 43.4390644 ], [ 141.8769404, 43.4390296 ], [ 141.8767488, 43.4390484 ], [ 141.8765031, 43.4390815 ], [ 141.872394, 43.4397549 ] ] } },
{ "type": "Feature", "properties": { "u": 2350616153, "v": 2350616227, "key": 0, "osmid": [ 226201618, 226201572, 226201446 ], "highway": [ "unclassified" ], "oneway": false, "reversed": "True", "length": 563.09077060363722, "lanes": null, "name": null, "ref": null, "bridge": "yes", "maxspeed": null, "tunnel": null, "manual_add_candidate": true, "priority": 1 }, "geometry": { "type": "LineString", "coordinates": [ [ 141.9062471, 43.4396548 ], [ 141.9005583, 43.4405351 ], [ 141.9002075, 43.4405907 ], [ 141.899427800000012, 43.4407164 ] ] } },
{ "type": "Feature", "properties": { "u": 2350616165, "v": 2350616185, "key": 0, "osmid": "226201631", "highway": [ "unclassified" ], "oneway": false, "reversed": "True", "length": 147.04850945218178, "lanes": null, "name": null, "ref": null, "bridge": null, "maxspeed": null, "tunnel": null, "manual_add_candidate": true, "priority": 1 }, "geometry": { "type": "LineString", "coordinates": [ [ 141.872394, 43.4397549 ], [ 141.8706134, 43.4400329 ] ] } },
{ "type": "Feature", "properties": { "u": 2350616165, "v": 2350616124, "key": 0, "osmid": "226201833", "highway": [ "unclassified" ], "oneway": false, "reversed": "False", "length": 426.00680115316987, "lanes": null, "name": null, "ref": null, "bridge": null, "maxspeed": null, "tunnel": null, "manual_add_candidate": true, "priority": 1 }, "geometry": { "type": "LineString", "coordinates": [ [ 141.872394, 43.4397549 ], [ 141.8765031, 43.4390815 ], [ 141.8767488, 43.4390484 ], [ 141.8769404, 43.4390296 ], [ 141.877158799999989, 43.4390644 ], [ 141.8775311, 43.4391646 ] ] } },
{ "type": "Feature", "properties": { "u": 2350616185, "v": 2350616165, "key": 0, "osmid": "226201631", "highway": [ "unclassified" ], "oneway": false, "reversed": "False", "length": 147.04850945218178, "lanes": null, "name": null, "ref": null, "bridge": null, "maxspeed": null, "tunnel": null, "manual_add_candidate": true, "priority": 1 }, "geometry": { "type": "LineString", "coordinates": [ [ 141.8706134, 43.4400329 ], [ 141.872394, 43.4397549 ] ] } },
{ "type": "Feature", "properties": { "u": 2350616185, "v": 10037905418, "key": 0, "osmid": "1096109772", "highway": [ "unclassified" ], "oneway": false, "reversed": "False", "length": 82.56164609839945, "lanes": null, "name": null, "ref": null, "bridge": null, "maxspeed": null, "tunnel": null, "manual_add_candidate": true, "priority": 1 }, "geometry": { "type": "LineString", "coordinates": [ [ 141.8706134, 43.4400329 ], [ 141.870845, 43.4407561 ] ] } },
{ "type": "Feature", "properties": { "u": 2350616185, "v": 2350615575, "key": 0, "osmid": [ 226201752, 226201638 ], "highway": [ "unclassified" ], "oneway": false, "reversed": "True", "length": 393.77494445866398, "lanes": null, "name": null, "ref": null, "bridge": null, "maxspeed": null, "tunnel": null, "manual_add_candidate": true, "priority": 1 }, "geometry": { "type": "LineString", "coordinates": [ [ 141.8706134, 43.4400329 ], [ 141.869996500000013, 43.4378672 ], [ 141.8706439, 43.4368201 ], [ 141.8706851, 43.4366406 ] ] } },
{ "type": "Feature", "properties": { "u": 2350616227, "v": 2350616644, "key": 0, "osmid": "226201525", "highway": [ "unclassified" ], "oneway": false, "reversed": "True", "length": 563.31500869048068, "lanes": null, "name": null, "ref": null, "bridge": null, "maxspeed": null, "tunnel": null, "manual_add_candidate": true, "priority": 1 }, "geometry": { "type": "LineString", "coordinates": [ [ 141.899427800000012, 43.4407164 ], [ 141.900886899999989, 43.4456704 ] ] } },
{ "type": "Feature", "properties": { "u": 2350616227, "v": 2350615490, "key": 0, "osmid": [ 226201895, 226201455 ], "highway": [ "unclassified" ], "oneway": false, "reversed": "False", "length": 567.63449380438897, "lanes": null, "name": null, "ref": null, "bridge": null, "maxspeed": null, "tunnel": null, "manual_add_candidate": true, "priority": 1 }, "geometry": { "type": "LineString", "coordinates": [ [ 141.899427800000012, 43.4407164 ], [ 141.899075399999987, 43.439337 ], [ 141.8988551, 43.4389973 ], [ 141.8986543, 43.4387344 ], [ 141.898503299999987, 43.4384908 ], [ 141.8983604, 43.438235 ], [ 141.898221299999989, 43.4379496 ], [ 141.8979563, 43.4370756 ], [ 141.8975997, 43.435817 ] ] } },
{ "type": "Feature", "properties": { "u": 2350616227, "v": 2977966781, "key": 0, "osmid": "226201606", "highway": [ "unclassified" ], "oneway": false, "reversed": "True", "length": 561.51839612766685, "lanes": null, "name": null, "ref": null, "bridge": null, "maxspeed": null, "tunnel": null, "manual_add_candidate": true, "priority": 1 }, "geometry": { "type": "LineString", "coordinates": [ [ 141.899427800000012, 43.4407164 ], [ 141.8944099, 43.4414942 ], [ 141.894369899999987, 43.4415005 ], [ 141.8926227, 43.4417588 ] ] } },
{ "type": "Feature", "properties": { "u": 2350616227, "v": 2350616153, "key": 0, "osmid": [ 226201618, 226201572, 226201446 ], "highway": [ "unclassified" ], "oneway": false, "reversed": "False", "length": 563.09077060363722, "lanes": null, "name": null, "ref": null, "bridge": "yes", "maxspeed": null, "tunnel": null, "manual_add_candidate": true, "priority": 1 }, "geometry": { "type": "LineString", "coordinates": [ [ 141.899427800000012, 43.4407164 ], [ 141.9002075, 43.4405907 ], [ 141.9005583, 43.4405351 ], [ 141.9062471, 43.4396548 ] ] } },
{ "type": "Feature", "properties": { "u": 2350616319, "v": 2350614368, "key": 0, "osmid": [ 226201744, 226201436 ], "highway": [ "unclassified" ], "oneway": false, "reversed": "True", "length": 4044.2890794370542, "lanes": null, "name": null, "ref": null, "bridge": null, "maxspeed": null, "tunnel": null, "manual_add_candidate": true, "priority": 1 }, "geometry": { "type": "LineString", "coordinates": [ [ 141.939742200000012, 43.4418224 ], [ 141.939639699999987, 43.4418984 ], [ 141.9395815, 43.4421239 ], [ 141.939561200000014, 43.4422509 ], [ 141.939561200000014, 43.4424553 ], [ 141.939574599999986, 43.4426311 ], [ 141.9395366, 43.4427864 ], [ 141.9394854, 43.4429558 ], [ 141.9393962, 43.4430462 ], [ 141.9392904, 43.4430825 ], [ 141.9390947, 43.443054 ], [ 141.9388492, 43.4429596 ], [ 141.9384752, 43.442769 ], [ 141.9381946, 43.4427212 ], [ 141.9376552, 43.4426517 ], [ 141.9375499, 43.4426133 ], [ 141.93748, 43.4425504 ], [ 141.9374609, 43.4424631 ], [ 141.937516100000011, 43.4423817 ], [ 141.9376384, 43.4423091 ], [ 141.9379173, 43.4423055 ], [ 141.9381567, 43.4422147 ], [ 141.938256599999988, 43.4421627 ], [ 141.9383197, 43.4420838 ], [ 141.9383058, 43.4420086 ], [ 141.938222, 43.441938 ], [ 141.938168, 43.44191 ], [ 141.938083, 43.441888 ], [ 141.937828, 43.441848 ], [ 141.93772, 43.441814 ], [ 141.937582, 43.441741 ], [ 141.937481, 43.441657 ], [ 141.937427, 43.44155 ], [ 141.937334, 43.441296 ], [ 141.937273, 43.441161 ], [ 141.937118, 43.440993 ], [ 141.936964, 43.44088 ], [ 141.936894, 43.440858 ], [ 141.936817, 43.440858 ], [ 141.936615, 43.440886 ], [ 141.9365, 43.440919 ], [ 141.936345, 43.441009 ], [ 141.93609, 43.441206 ], [ 141.935867, 43.441353 ], [ 141.935658, 43.441443 ], [ 141.93557, 43.441452 ], [ 141.93548, 43.441448 ], [ 141.935357, 43.441403 ], [ 141.9353, 43.441366 ], [ 141.935272, 43.441308 ], [ 141.935272, 43.441246 ], [ 141.935372, 43.44115 ], [ 141.935658, 43.440998 ], [ 141.935775, 43.440908 ], [ 141.935928, 43.440751 ], [ 141.936083, 43.440565 ], [ 141.936122, 43.440481 ], [ 141.936129, 43.440312 ], [ 141.936045, 43.440239 ], [ 141.93598, 43.44023 ], [ 141.935905, 43.440233 ], [ 141.935627, 43.440323 ], [ 141.935548, 43.440319 ], [ 141.935482, 43.440306 ], [ 141.935227, 43.440143 ], [ 141.93474, 43.439783 ], [ 141.934662, 43.43967 ], [ 141.934524, 43.439198 ], [ 141.934455, 43.439074 ], [ 141.934385, 43.439001 ], [ 141.934278, 43.438939 ], [ 141.934162, 43.438905 ], [ 141.934, 43.438905 ], [ 141.933853, 43.438927 ], [ 141.933575, 43.438933 ], [ 141.93339, 43.438905 ], [ 141.932857, 43.438877 ], [ 141.932672, 43.438837 ], [ 141.932525, 43.438747 ], [ 141.932471, 43.43868 ], [ 141.932409, 43.438505 ], [ 141.932348, 43.438426 ], [ 141.932185, 43.438303 ], [ 141.9319, 43.438201 ], [ 141.931753, 43.438139 ], [ 141.931606, 43.4381 ], [ 141.931383, 43.438094 ], [ 141.931136, 43.438083 ], [ 141.930973, 43.438038 ], [ 141.930796, 43.437909 ], [ 141.930618, 43.437813 ], [ 141.930503, 43.437768 ], [ 141.930348, 43.437762 ], [ 141.930178, 43.437791 ], [ 141.930003, 43.437803 ], [ 141.929949, 43.437795 ], [ 141.929916, 43.437768 ], [ 141.929885, 43.437723 ], [ 141.929862, 43.437594 ], [ 141.929814, 43.437442 ], [ 141.929754, 43.437324 ], [ 141.929684, 43.437177 ], [ 141.929684, 43.437059 ], [ 141.929738, 43.436952 ], [ 141.929846, 43.436823 ], [ 141.929885, 43.436715 ], [ 141.929916, 43.436546 ], [ 141.929978, 43.436428 ], [ 141.930086, 43.436305 ], [ 141.930341, 43.436107 ], [ 141.930426, 43.435933 ], [ 141.930449, 43.435786 ], [ 141.930449, 43.435545 ], [ 141.93041, 43.435432 ], [ 141.930294, 43.435291 ], [ 141.929907, 43.434925 ], [ 141.929815, 43.434886 ], [ 141.929718, 43.434875 ], [ 141.929473, 43.434885 ], [ 141.929403, 43.434875 ], [ 141.929365, 43.434852 ], [ 141.929359, 43.43479 ], [ 141.929405, 43.434672 ], [ 141.929428, 43.434605 ], [ 141.929413, 43.434453 ], [ 141.929336, 43.434341 ], [ 141.929213, 43.434223 ], [ 141.929128, 43.434122 ], [ 141.92912, 43.434088 ], [ 141.929135, 43.433857 ], [ 141.929136, 43.433598 ], [ 141.92909, 43.433463 ], [ 141.929013, 43.433345 ], [ 141.92892, 43.433289 ], [ 141.928774, 43.433238 ], [ 141.928542, 43.433233 ], [ 141.928395, 43.433249 ], [ 141.92814, 43.433249 ], [ 141.928003, 43.433229 ], [ 141.927944, 43.433199 ], [ 141.927932, 43.433159 ], [ 141.92794, 43.433064 ], [ 141.928024, 43.432766 ], [ 141.928033, 43.432411 ], [ 141.927994, 43.432225 ], [ 141.927863, 43.431809 ], [ 141.927801, 43.431668 ], [ 141.927562, 43.431263 ], [ 141.927461, 43.43106 ], [ 141.927447, 43.430996 ], [ 141.927454, 43.430953 ], [ 141.927486, 43.430914 ], [ 141.927654, 43.430785 ], [ 141.927739, 43.430734 ], [ 141.928094, 43.430565 ], [ 141.928596, 43.430278 ], [ 141.928735, 43.43016 ], [ 141.92882, 43.430036 ], [ 141.928874, 43.429924 ], [ 141.928874, 43.429789 ], [ 141.928851, 43.429692 ], [ 141.928666, 43.429412 ], [ 141.928357, 43.428995 ], [ 141.928365, 43.428887 ], [ 141.928388, 43.428826 ], [ 141.928581, 43.428534 ], [ 141.928612, 43.428444 ], [ 141.928635, 43.428212 ], [ 141.928689, 43.427909 ], [ 141.928697, 43.427739 ], [ 141.928666, 43.427632 ], [ 141.92845, 43.427143 ], [ 141.928395, 43.42694 ], [ 141.92838, 43.426726 ], [ 141.928402, 43.426131 ], [ 141.928387, 43.426035 ], [ 141.928302, 43.425855 ], [ 141.92824, 43.425782 ], [ 141.928072, 43.425551 ], [ 141.927947, 43.425293 ], [ 141.927885, 43.425107 ], [ 141.927794, 43.424899 ], [ 141.927716, 43.424775 ], [ 141.9276, 43.42469 ], [ 141.927492, 43.424628 ], [ 141.927345, 43.424578 ], [ 141.927067, 43.424578 ], [ 141.926508, 43.424688 ], [ 141.926411, 43.424707 ], [ 141.92614, 43.424707 ], [ 141.925949, 43.424662 ], [ 141.925748, 43.424589 ], [ 141.925555, 43.424504 ], [ 141.925184, 43.424302 ], [ 141.925076, 43.424274 ], [ 141.924829, 43.424274 ], [ 141.924698, 43.424296 ], [ 141.924397, 43.424414 ], [ 141.923972, 43.4246 ], [ 141.923795, 43.424724 ], [ 141.923748, 43.424775 ], [ 141.923362, 43.425241 ], [ 141.923177, 43.42537 ], [ 141.922953, 43.425477 ], [ 141.922613, 43.425573 ], [ 141.92242, 43.42564 ], [ 141.922135, 43.425702 ], [ 141.921787, 43.425702 ], [ 141.921533, 43.425663 ], [ 141.921324, 43.425612 ], [ 141.921185, 43.42555 ], [ 141.921039, 43.42546 ], [ 141.920753, 43.425246 ], [ 141.920645, 43.425173 ], [ 141.920459, 43.425094 ], [ 141.919899500000014, 43.424952 ], [ 141.919682599999987, 43.4248418 ], [ 141.9195772, 43.4247824 ], [ 141.9194692, 43.4247086 ], [ 141.919382399999989, 43.4246752 ], [ 141.9192952, 43.4246286 ] ] } },
{ "type": "Feature", "properties": { "u": 2350616319, "v": 2350616531, "key": 0, "osmid": "226201878", "highway": [ "unclassified" ], "oneway": false, "reversed": "False", "length": 234.14484625966398, "lanes": null, "name": null, "ref": null, "bridge": null, "maxspeed": null, "tunnel": null, "manual_add_candidate": true, "priority": 1 }, "geometry": { "type": "LineString", "coordinates": [ [ 141.939742200000012, 43.4418224 ], [ 141.9397856, 43.441996 ], [ 141.9398234, 43.4422645 ], [ 141.9398502, 43.4424812 ], [ 141.9399218, 43.4427244 ], [ 141.9399599, 43.4429455 ], [ 141.9399377, 43.4435412 ], [ 141.9400239, 43.4439103 ] ] } },
{ "type": "Feature", "properties": { "u": 2350616319, "v": 2350614321, "key": 0, "osmid": [ 226201868, 1455452620, 1455452621, 1455452622, 1455452623, 1455452624, 1455452625 ], "highway": [ "unclassified" ], "oneway": false, "reversed": "True", "length": 2157.1180906188042, "lanes": null, "name": null, "ref": null, "bridge": "yes", "maxspeed": null, "tunnel": null, "manual_add_candidate": true, "priority": 1 }, "geometry": { "type": "LineString", "coordinates": [ [ 141.939742200000012, 43.4418224 ], [ 141.9396779, 43.4416467 ], [ 141.9395577, 43.4414135 ], [ 141.9394419, 43.4411909 ], [ 141.9393279, 43.4410037 ], [ 141.9391321, 43.440812 ], [ 141.938696099999987, 43.4403812 ], [ 141.9386326, 43.4402357 ], [ 141.9385019, 43.4394336 ], [ 141.9384322, 43.439122 ], [ 141.9384095, 43.4387584 ], [ 141.938231, 43.4382631 ], [ 141.938122, 43.437852 ], [ 141.93806, 43.437695 ], [ 141.9379449, 43.4374822 ], [ 141.937878399999988, 43.4373321 ], [ 141.937848800000012, 43.4372287 ], [ 141.9378434, 43.4371474 ], [ 141.9378691, 43.4368393 ], [ 141.9378662, 43.4367385 ], [ 141.9378501, 43.4366358 ], [ 141.937801799999988, 43.4365365 ], [ 141.9376744, 43.4363466 ], [ 141.937635699999987, 43.4362074 ], [ 141.937648700000011, 43.4360417 ], [ 141.9377269, 43.4357932 ], [ 141.937709500000011, 43.4356209 ], [ 141.9376928, 43.4354388 ], [ 141.9376641, 43.4352977 ], [ 141.9376035, 43.4351844 ], [ 141.9375196, 43.4350661 ], [ 141.937458, 43.4349847 ], [ 141.937452, 43.4348373 ], [ 141.9374623, 43.4346715 ], [ 141.937446099999988, 43.4344854 ], [ 141.9374196, 43.4343249 ], [ 141.9373871, 43.4342076 ], [ 141.9373615, 43.4340838 ], [ 141.9373167, 43.4339406 ], [ 141.937264199999987, 43.4337921 ], [ 141.9372559, 43.4336917 ], [ 141.937277599999987, 43.4335767 ], [ 141.9374497, 43.4332681 ], [ 141.9374982, 43.4331535 ], [ 141.9375238, 43.4330249 ], [ 141.93758170000001, 43.4326331 ], [ 141.9376154, 43.4324975 ], [ 141.9376614, 43.4324114 ], [ 141.937744400000014, 43.4322954 ], [ 141.93792, 43.432146 ], [ 141.9381717, 43.4318733 ], [ 141.9384684, 43.4316197 ], [ 141.9387082, 43.4314655 ], [ 141.9387963, 43.4313823 ], [ 141.9388291, 43.4313137 ], [ 141.938854099999986, 43.4312129 ], [ 141.938848299999989, 43.4310166 ], [ 141.9389478, 43.4307623 ], [ 141.9391623, 43.4304374 ], [ 141.9391899, 43.430369 ], [ 141.939229899999987, 43.4302787 ], [ 141.939272, 43.4300588 ], [ 141.939389, 43.429563 ], [ 141.939412, 43.429231 ], [ 141.939443, 43.429024 ], [ 141.939536, 43.428855 ], [ 141.93996, 43.42827 ], [ 141.940014, 43.428067 ], [ 141.940061, 43.427589 ], [ 141.940107, 43.427454 ], [ 141.940339, 43.427032 ], [ 141.940454, 43.426745 ], [ 141.940854, 43.425552 ], [ 141.940926, 43.425394 ], [ 141.941011, 43.425293 ], [ 141.941203, 43.425152 ], [ 141.941497, 43.424995 ], [ 141.941644, 43.424888 ], [ 141.941767, 43.424747 ], [ 141.941914, 43.424527 ], [ 141.942061, 43.424352 ], [ 141.942292, 43.424138 ], [ 141.942632, 43.42384 ] ] } },
{ "type": "Feature", "properties": { "u": 2350616321, "v": 2977966781, "key": 0, "osmid": "226201606", "highway": [ "unclassified" ], "oneway": false, "reversed": "False", "length": 11.496526799498412, "lanes": null, "name": null, "ref": null, "bridge": null, "maxspeed": null, "tunnel": null, "manual_add_candidate": true, "priority": 1 }, "geometry": { "type": "LineString", "coordinates": [ [ 141.8924833, 43.4417799 ], [ 141.8926227, 43.4417588 ] ] } },
{ "type": "Feature", "properties": { "u": 2350616321, "v": 2350616365, "key": 0, "osmid": "226201614", "highway": [ "unclassified" ], "oneway": false, "reversed": "True", "length": 261.81882574547944, "lanes": null, "name": null, "ref": null, "bridge": null, "maxspeed": null, "tunnel": null, "manual_add_candidate": true, "priority": 1 }, "geometry": { "type": "LineString", "coordinates": [ [ 141.8924833, 43.4417799 ], [ 141.8917735, 43.4418964 ], [ 141.889321200000012, 43.4423023 ] ] } },
{ "type": "Feature", "properties": { "u": 2350616356, "v": 2350616358, "key": 0, "osmid": "226201519", "highway": [ "unclassified" ], "oneway": false, "reversed": "True", "length": 69.949318887685948, "lanes": null, "name": null, "ref": null, "bridge": null, "maxspeed": null, "tunnel": null, "manual_add_candidate": true, "priority": 1 }, "geometry": { "type": "LineString", "coordinates": [ [ 141.919660599999986, 43.4423093 ], [ 141.9199683, 43.4423204 ], [ 141.920251400000012, 43.4423273 ], [ 141.920522799999986, 43.4422948 ] ] } },
{ "type": "Feature", "properties": { "u": 2350616356, "v": 3010041386, "key": 0, "osmid": "226201671", "highway": [ "unclassified" ], "oneway": false, "reversed": "True", "length": 48.06078141187777, "lanes": null, "name": null, "ref": null, "bridge": null, "maxspeed": null, "tunnel": null, "manual_add_candidate": true, "priority": 1 }, "geometry": { "type": "LineString", "coordinates": [ [ 141.919660599999986, 43.4423093 ], [ 141.919650499999989, 43.4424179 ], [ 141.91975, 43.4427331 ] ] } },
{ "type": "Feature", "properties": { "u": 2350616356, "v": 2350616417, "key": 0, "osmid": "226201725", "highway": [ "unclassified" ], "oneway": false, "reversed": "True", "length": 132.69291289440775, "lanes": null, "name": null, "ref": null, "bridge": null, "maxspeed": null, "tunnel": null, "manual_add_candidate": true, "priority": 1 }, "geometry": { "type": "LineString", "coordinates": [ [ 141.919660599999986, 43.4423093 ], [ 141.9194972, 43.4422948 ], [ 141.919238299999989, 43.4422818 ], [ 141.919079, 43.4422843 ], [ 141.9189634, 43.4423117 ], [ 141.9188734, 43.4423568 ], [ 141.9187737, 43.4424587 ], [ 141.9186502, 43.4426122 ], [ 141.9186087, 43.4426989 ], [ 141.9186024, 43.4429063 ] ] } },
{ "type": "Feature", "properties": { "u": 2350616358, "v": 2350616356, "key": 0, "osmid": "226201519", "highway": [ "unclassified" ], "oneway": false, "reversed": "False", "length": 69.949318887685948, "lanes": null, "name": null, "ref": null, "bridge": null, "maxspeed": null, "tunnel": null, "manual_add_candidate": true, "priority": 1 }, "geometry": { "type": "LineString", "coordinates": [ [ 141.920522799999986, 43.4422948 ], [ 141.920251400000012, 43.4423273 ], [ 141.9199683, 43.4423204 ], [ 141.919660599999986, 43.4423093 ] ] } },
{ "type": "Feature", "properties": { "u": 2350616363, "v": 2350616528, "key": 0, "osmid": "183466078", "highway": [ "unclassified" ], "oneway": false, "reversed": "False", "length": 191.00774677705132, "lanes": null, "name": null, "ref": null, "bridge": null, "maxspeed": null, "tunnel": null, "manual_add_candidate": true, "priority": 1 }, "geometry": { "type": "LineString", "coordinates": [ [ 141.8783905, 43.4422269 ], [ 141.878885200000013, 43.4439067 ] ] } },
{ "type": "Feature", "properties": { "u": 2350616363, "v": 2350616124, "key": 0, "osmid": "183466078", "highway": [ "unclassified" ], "oneway": false, "reversed": "True", "length": 347.51008922484419, "lanes": null, "name": null, "ref": null, "bridge": null, "maxspeed": null, "tunnel": null, "manual_add_candidate": true, "priority": 1 }, "geometry": { "type": "LineString", "coordinates": [ [ 141.8783905, 43.4422269 ], [ 141.8775311, 43.4391646 ] ] } },
{ "type": "Feature", "properties": { "u": 2350616364, "v": 2350616550, "key": 0, "osmid": "226201837", "highway": [ "unclassified" ], "oneway": false, "reversed": "False", "length": 230.73505438977506, "lanes": null, "name": null, "ref": null, "bridge": null, "maxspeed": null, "tunnel": null, "manual_add_candidate": true, "priority": 1 }, "geometry": { "type": "LineString", "coordinates": [ [ 141.925453, 43.442235 ], [ 141.925021, 43.443135 ], [ 141.925013, 43.443299 ], [ 141.925075, 43.443445 ], [ 141.925152, 43.443575 ], [ 141.925139699999988, 43.4442385 ] ] } },
{ "type": "Feature", "properties": { "u": 2350616365, "v": 1938413494, "key": 0, "osmid": "226201587", "highway": [ "unclassified" ], "oneway": false, "reversed": "True", "length": 296.0690918734839, "lanes": null, "name": null, "ref": null, "bridge": null, "maxspeed": null, "tunnel": null, "manual_add_candidate": true, "priority": 1 }, "geometry": { "type": "LineString", "coordinates": [ [ 141.889321200000012, 43.4423023 ], [ 141.889080799999988, 43.4423326 ], [ 141.8857308, 43.4428438 ] ] } },
{ "type": "Feature", "properties": { "u": 2350616365, "v": 2350616321, "key": 0, "osmid": "226201614", "highway": [ "unclassified" ], "oneway": false, "reversed": "False", "length": 261.81882574547944, "lanes": null, "name": null, "ref": null, "bridge": null, "maxspeed": null, "tunnel": null, "manual_add_candidate": true, "priority": 1 }, "geometry": { "type": "LineString", "coordinates": [ [ 141.889321200000012, 43.4423023 ], [ 141.8917735, 43.4418964 ], [ 141.8924833, 43.4417799 ] ] } },
{ "type": "Feature", "properties": { "u": 2350616365, "v": 3010041379, "key": 0, "osmid": "297154886", "highway": [ "unclassified" ], "oneway": false, "reversed": "True", "length": 378.41503673249213, "lanes": null, "name": null, "ref": null, "bridge": null, "maxspeed": null, "tunnel": null, "manual_add_candidate": true, "priority": 1 }, "geometry": { "type": "LineString", "coordinates": [ [ 141.889321200000012, 43.4423023 ], [ 141.8891851, 43.4419144 ], [ 141.8886594, 43.4406851 ], [ 141.8881754, 43.4390058 ] ] } },
{ "type": "Feature", "properties": { "u": 2350616399, "v": 3010041386, "key": 0, "osmid": "226201630", "highway": [ "unclassified" ], "oneway": false, "reversed": "True", "length": 21.008524678703711, "lanes": null, "name": null, "ref": null, "bridge": null, "maxspeed": null, "tunnel": null, "manual_add_candidate": true, "priority": 1 }, "geometry": { "type": "LineString", "coordinates": [ [ 141.9194953, 43.4427718 ], [ 141.91975, 43.4427331 ] ] } },
{ "type": "Feature", "properties": { "u": 2350616399, "v": 2350616417, "key": 0, "osmid": [ 226201547, 226201630, 226201583 ], "highway": [ "unclassified" ], "oneway": false, "reversed": [ false, true ], "length": 73.62698166724789, "lanes": null, "name": null, "ref": null, "bridge": "yes", "maxspeed": null, "tunnel": null, "manual_add_candidate": true, "priority": 1 }, "geometry": { "type": "LineString", "coordinates": [ [ 141.9194953, 43.4427718 ], [ 141.919101500000011, 43.4428316 ], [ 141.918806, 43.4428732 ], [ 141.9186024, 43.4429063 ] ] } },
{ "type": "Feature", "properties": { "u": 2350616399, "v": 2350616517, "key": 0, "osmid": "226201875", "highway": [ "unclassified" ], "oneway": false, "reversed": "True", "length": 152.49765723392187, "lanes": null, "name": null, "ref": null, "bridge": null, "maxspeed": null, "tunnel": null, "manual_add_candidate": true, "priority": 1 }, "geometry": { "type": "LineString", "coordinates": [ [ 141.9194953, 43.4427718 ], [ 141.919688, 43.4434044 ], [ 141.9197536, 43.4434953 ], [ 141.91982, 43.4435478 ], [ 141.9199121, 43.4436064 ], [ 141.9199936, 43.44365 ], [ 141.920089600000011, 43.4436849 ], [ 141.9205059, 43.4437505 ] ] } },
{ "type": "Feature", "properties": { "u": 2350616417, "v": 2350616432, "key": 0, "osmid": "226201583", "highway": [ "unclassified" ], "oneway": false, "reversed": "True", "length": 56.557715750827917, "lanes": null, "name": null, "ref": null, "bridge": null, "maxspeed": null, "tunnel": null, "manual_add_candidate": true, "priority": 1 }, "geometry": { "type": "LineString", "coordinates": [ [ 141.9186024, 43.4429063 ], [ 141.9179216, 43.4430262 ] ] } },
{ "type": "Feature", "properties": { "u": 2350616417, "v": 2350616399, "key": 0, "osmid": [ 226201547, 226201630, 226201583 ], "highway": [ "unclassified" ], "oneway": false, "reversed": [ false, true ], "length": 73.62698166724789, "lanes": null, "name": null, "ref": null, "bridge": "yes", "maxspeed": null, "tunnel": null, "manual_add_candidate": true, "priority": 1 }, "geometry": { "type": "LineString", "coordinates": [ [ 141.9186024, 43.4429063 ], [ 141.918806, 43.4428732 ], [ 141.919101500000011, 43.4428316 ], [ 141.9194953, 43.4427718 ] ] } },
{ "type": "Feature", "properties": { "u": 2350616417, "v": 2350616356, "key": 0, "osmid": "226201725", "highway": [ "unclassified" ], "oneway": false, "reversed": "False", "length": 132.69291289440775, "lanes": null, "name": null, "ref": null, "bridge": null, "maxspeed": null, "tunnel": null, "manual_add_candidate": true, "priority": 1 }, "geometry": { "type": "LineString", "coordinates": [ [ 141.9186024, 43.4429063 ], [ 141.9186087, 43.4426989 ], [ 141.9186502, 43.4426122 ], [ 141.9187737, 43.4424587 ], [ 141.9188734, 43.4423568 ], [ 141.9189634, 43.4423117 ], [ 141.919079, 43.4422843 ], [ 141.919238299999989, 43.4422818 ], [ 141.9194972, 43.4422948 ], [ 141.919660599999986, 43.4423093 ] ] } },
{ "type": "Feature", "properties": { "u": 2350616432, "v": 2350616417, "key": 0, "osmid": "226201583", "highway": [ "unclassified" ], "oneway": false, "reversed": "False", "length": 56.557715750827917, "lanes": null, "name": null, "ref": null, "bridge": null, "maxspeed": null, "tunnel": null, "manual_add_candidate": true, "priority": 1 }, "geometry": { "type": "LineString", "coordinates": [ [ 141.9179216, 43.4430262 ], [ 141.9186024, 43.4429063 ] ] } },
{ "type": "Feature", "properties": { "u": 2350616432, "v": 2350616440, "key": 0, "osmid": "226201583", "highway": [ "unclassified" ], "oneway": false, "reversed": "True", "length": 56.31739191518129, "lanes": null, "name": null, "ref": null, "bridge": null, "maxspeed": null, "tunnel": null, "manual_add_candidate": true, "priority": 1 }, "geometry": { "type": "LineString", "coordinates": [ [ 141.9179216, 43.4430262 ], [ 141.917231, 43.4430976 ] ] } },
{ "type": "Feature", "properties": { "u": 2350616432, "v": 2350616517, "key": 0, "osmid": "226201398", "highway": [ "unclassified" ], "oneway": false, "reversed": "False", "length": 314.06939445652085, "lanes": null, "name": null, "ref": null, "bridge": null, "maxspeed": null, "tunnel": null, "manual_add_candidate": true, "priority": 1 }, "geometry": { "type": "LineString", "coordinates": [ [ 141.9179216, 43.4430262 ], [ 141.9181003, 43.4435622 ], [ 141.918273699999986, 43.4440206 ], [ 141.9183078, 43.444035 ], [ 141.919535599999989, 43.4441733 ], [ 141.9196217, 43.4441838 ], [ 141.9198772, 43.4441569 ], [ 141.9199558, 43.4441354 ], [ 141.920014400000014, 43.444103 ], [ 141.9205059, 43.4437505 ] ] } },
{ "type": "Feature", "properties": { "u": 2350616440, "v": 2350616432, "key": 0, "osmid": "226201583", "highway": [ "unclassified" ], "oneway": false, "reversed": "False", "length": 56.31739191518129, "lanes": null, "name": null, "ref": null, "bridge": null, "maxspeed": null, "tunnel": null, "manual_add_candidate": true, "priority": 1 }, "geometry": { "type": "LineString", "coordinates": [ [ 141.917231, 43.4430976 ], [ 141.9179216, 43.4430262 ] ] } },
{ "type": "Feature", "properties": { "u": 2350616440, "v": 2350616487, "key": 0, "osmid": [ 226201545, 226201595, 226201583 ], "highway": [ "unclassified" ], "oneway": false, "reversed": "True", "length": 228.61490531418775, "lanes": null, "name": null, "ref": null, "bridge": null, "maxspeed": null, "tunnel": "yes", "manual_add_candidate": true, "priority": 1 }, "geometry": { "type": "LineString", "coordinates": [ [ 141.917231, 43.4430976 ], [ 141.9170406, 43.4431371 ], [ 141.9165284, 43.4432207 ], [ 141.914467, 43.4435432 ] ] } },
{ "type": "Feature", "properties": { "u": 2350616487, "v": 2350616586, "key": 0, "osmid": "226201471", "highway": [ "unclassified" ], "oneway": false, "reversed": "True", "length": 559.54091720987481, "lanes": null, "name": null, "ref": null, "bridge": null, "maxspeed": null, "tunnel": null, "manual_add_candidate": true, "priority": 1 }, "geometry": { "type": "LineString", "coordinates": [ [ 141.914467, 43.4435432 ], [ 141.9076967, 43.4446198 ] ] } },
{ "type": "Feature", "properties": { "u": 2350616487, "v": 2350616440, "key": 0, "osmid": [ 226201545, 226201595, 226201583 ], "highway": [ "unclassified" ], "oneway": false, "reversed": "False", "length": 228.61490531418775, "lanes": null, "name": null, "ref": null, "bridge": null, "maxspeed": null, "tunnel": "yes", "manual_add_candidate": true, "priority": 1 }, "geometry": { "type": "LineString", "coordinates": [ [ 141.914467, 43.4435432 ], [ 141.9165284, 43.4432207 ], [ 141.9170406, 43.4431371 ], [ 141.917231, 43.4430976 ] ] } },
{ "type": "Feature", "properties": { "u": 2350616517, "v": 3010041388, "key": 0, "osmid": "226201875", "highway": [ "unclassified" ], "oneway": false, "reversed": "True", "length": 29.569233036103292, "lanes": null, "name": null, "ref": null, "bridge": null, "maxspeed": null, "tunnel": null, "manual_add_candidate": true, "priority": 1 }, "geometry": { "type": "LineString", "coordinates": [ [ 141.9205059, 43.4437505 ], [ 141.9208683, 43.443789 ] ] } },
{ "type": "Feature", "properties": { "u": 2350616517, "v": 2350616432, "key": 0, "osmid": "226201398", "highway": [ "unclassified" ], "oneway": false, "reversed": "True", "length": 314.06939445652091, "lanes": null, "name": null, "ref": null, "bridge": null, "maxspeed": null, "tunnel": null, "manual_add_candidate": true, "priority": 1 }, "geometry": { "type": "LineString", "coordinates": [ [ 141.9205059, 43.4437505 ], [ 141.920014400000014, 43.444103 ], [ 141.9199558, 43.4441354 ], [ 141.9198772, 43.4441569 ], [ 141.9196217, 43.4441838 ], [ 141.919535599999989, 43.4441733 ], [ 141.9183078, 43.444035 ], [ 141.918273699999986, 43.4440206 ], [ 141.9181003, 43.4435622 ], [ 141.9179216, 43.4430262 ] ] } },
{ "type": "Feature", "properties": { "u": 2350616517, "v": 2350616399, "key": 0, "osmid": "226201875", "highway": [ "unclassified" ], "oneway": false, "reversed": "False", "length": 152.49765723392187, "lanes": null, "name": null, "ref": null, "bridge": null, "maxspeed": null, "tunnel": null, "manual_add_candidate": true, "priority": 1 }, "geometry": { "type": "LineString", "coordinates": [ [ 141.9205059, 43.4437505 ], [ 141.920089600000011, 43.4436849 ], [ 141.9199936, 43.44365 ], [ 141.9199121, 43.4436064 ], [ 141.91982, 43.4435478 ], [ 141.9197536, 43.4434953 ], [ 141.919688, 43.4434044 ], [ 141.9194953, 43.4427718 ] ] } },
{ "type": "Feature", "properties": { "u": 2350616518, "v": 3010041388, "key": 0, "osmid": "226201875", "highway": [ "unclassified" ], "oneway": false, "reversed": "False", "length": 17.46833840374245, "lanes": null, "name": null, "ref": null, "bridge": null, "maxspeed": null, "tunnel": null, "manual_add_candidate": true, "priority": 1 }, "geometry": { "type": "LineString", "coordinates": [ [ 141.921017299999988, 43.4436776 ], [ 141.9209598, 43.4437301 ], [ 141.9209075, 43.4437733 ], [ 141.9208683, 43.443789 ] ] } },
{ "type": "Feature", "properties": { "u": 2350616523, "v": 3010041388, "key": 0, "osmid": "435261993", "highway": [ "unclassified" ], "oneway": false, "reversed": "False", "length": 52.398445384336846, "lanes": null, "name": null, "ref": null, "bridge": null, "maxspeed": null, "tunnel": null, "manual_add_candidate": true, "priority": 1 }, "geometry": { "type": "LineString", "coordinates": [ [ 141.9215136, 43.4438394 ], [ 141.9211574, 43.4438129 ], [ 141.9208683, 43.443789 ] ] } },
{ "type": "Feature", "properties": { "u": 2350616528, "v": 2350616686, "key": 0, "osmid": "183466078", "highway": [ "unclassified" ], "oneway": false, "reversed": "False", "length": 373.13874617393651, "lanes": null, "name": null, "ref": null, "bridge": null, "maxspeed": null, "tunnel": null, "manual_add_candidate": true, "priority": 1 }, "geometry": { "type": "LineString", "coordinates": [ [ 141.878885200000013, 43.4439067 ], [ 141.8798538, 43.4471879 ] ] } },
{ "type": "Feature", "properties": { "u": 2350616528, "v": 2350616363, "key": 0, "osmid": "183466078", "highway": [ "unclassified" ], "oneway": false, "reversed": "True", "length": 191.00774677705132, "lanes": null, "name": null, "ref": null, "bridge": null, "maxspeed": null, "tunnel": null, "manual_add_candidate": true, "priority": 1 }, "geometry": { "type": "LineString", "coordinates": [ [ 141.878885200000013, 43.4439067 ], [ 141.8783905, 43.4422269 ] ] } },
{ "type": "Feature", "properties": { "u": 2350616528, "v": 2350616571, "key": 0, "osmid": "226201530", "highway": [ "unclassified" ], "oneway": false, "reversed": "True", "length": 287.74581480420022, "lanes": null, "name": null, "ref": null, "bridge": null, "maxspeed": null, "tunnel": null, "manual_add_candidate": true, "priority": 1 }, "geometry": { "type": "LineString", "coordinates": [ [ 141.878885200000013, 43.4439067 ], [ 141.8754001, 43.4444488 ] ] } },
{ "type": "Feature", "properties": { "u": 2350616528, "v": 1938413494, "key": 0, "osmid": "226201722", "highway": [ "unclassified" ], "oneway": false, "reversed": "False", "length": 565.16857846985408, "lanes": null, "name": null, "ref": null, "bridge": null, "maxspeed": null, "tunnel": null, "manual_add_candidate": true, "priority": 1 }, "geometry": { "type": "LineString", "coordinates": [ [ 141.878885200000013, 43.4439067 ], [ 141.8808539, 43.4436073 ], [ 141.8857308, 43.4428438 ] ] } },
{ "type": "Feature", "properties": { "u": 2350616531, "v": 2350616319, "key": 0, "osmid": "226201878", "highway": [ "unclassified" ], "oneway": false, "reversed": "True", "length": 234.14484625966398, "lanes": null, "name": null, "ref": null, "bridge": null, "maxspeed": null, "tunnel": null, "manual_add_candidate": true, "priority": 1 }, "geometry": { "type": "LineString", "coordinates": [ [ 141.9400239, 43.4439103 ], [ 141.9399377, 43.4435412 ], [ 141.9399599, 43.4429455 ], [ 141.9399218, 43.4427244 ], [ 141.9398502, 43.4424812 ], [ 141.9398234, 43.4422645 ], [ 141.9397856, 43.441996 ], [ 141.939742200000012, 43.4418224 ] ] } },
{ "type": "Feature", "properties": { "u": 2350616535, "v": 1938413555, "key": 0, "osmid": [ 226201521, 226201643, 226201574 ], "highway": [ "unclassified" ], "oneway": false, "reversed": "True", "length": 358.73201627527556, "lanes": null, "name": null, "ref": null, "bridge": "yes", "maxspeed": null, "tunnel": null, "manual_add_candidate": true, "priority": 1 }, "geometry": { "type": "LineString", "coordinates": [ [ 141.9238377, 43.4440538 ], [ 141.9240996, 43.4452825 ], [ 141.9241532, 43.4455597 ], [ 141.924242600000014, 43.4459364 ], [ 141.9243887, 43.4463258 ], [ 141.924478599999986, 43.4465979 ], [ 141.924715, 43.4472116 ] ] } },
{ "type": "Feature", "properties": { "u": 2350616550, "v": 2350616364, "key": 0, "osmid": "226201837", "highway": [ "unclassified" ], "oneway": false, "reversed": "True", "length": 230.73505438977509, "lanes": null, "name": null, "ref": null, "bridge": null, "maxspeed": null, "tunnel": null, "manual_add_candidate": true, "priority": 1 }, "geometry": { "type": "LineString", "coordinates": [ [ 141.925139699999988, 43.4442385 ], [ 141.925152, 43.443575 ], [ 141.925075, 43.443445 ], [ 141.925013, 43.443299 ], [ 141.925021, 43.443135 ], [ 141.925453, 43.442235 ] ] } },
{ "type": "Feature", "properties": { "u": 2350616571, "v": 2350616528, "key": 0, "osmid": "226201530", "highway": [ "unclassified" ], "oneway": false, "reversed": "False", "length": 287.74581480420022, "lanes": null, "name": null, "ref": null, "bridge": null, "maxspeed": null, "tunnel": null, "manual_add_candidate": true, "priority": 1 }, "geometry": { "type": "LineString", "coordinates": [ [ 141.8754001, 43.4444488 ], [ 141.878885200000013, 43.4439067 ] ] } },
{ "type": "Feature", "properties": { "u": 2350616571, "v": 2350616593, "key": 0, "osmid": "226201839", "highway": [ "unclassified" ], "oneway": false, "reversed": "True", "length": 132.02932407198116, "lanes": null, "name": null, "ref": null, "bridge": null, "maxspeed": null, "tunnel": null, "manual_add_candidate": true, "priority": 1 }, "geometry": { "type": "LineString", "coordinates": [ [ 141.8754001, 43.4444488 ], [ 141.8737973, 43.4446847 ] ] } },
{ "type": "Feature", "properties": { "u": 2350616586, "v": 2350616487, "key": 0, "osmid": "226201471", "highway": [ "unclassified" ], "oneway": false, "reversed": "False", "length": 559.54091720987481, "lanes": null, "name": null, "ref": null, "bridge": null, "maxspeed": null, "tunnel": null, "manual_add_candidate": true, "priority": 1 }, "geometry": { "type": "LineString", "coordinates": [ [ 141.9076967, 43.4446198 ], [ 141.914467, 43.4435432 ] ] } },
{ "type": "Feature", "properties": { "u": 2350616586, "v": 2350616635, "key": 0, "osmid": [ 226201619, 226201459, 226201589 ], "highway": [ "unclassified" ], "oneway": false, "reversed": "True", "length": 417.8992509864413, "lanes": null, "name": null, "ref": null, "bridge": "yes", "maxspeed": null, "tunnel": null, "manual_add_candidate": true, "priority": 1 }, "geometry": { "type": "LineString", "coordinates": [ [ 141.9076967, 43.4446198 ], [ 141.9060917, 43.4448651 ], [ 141.9056965, 43.4449232 ], [ 141.902632, 43.4453963 ] ] } },
{ "type": "Feature", "properties": { "u": 2350616593, "v": 2350616571, "key": 0, "osmid": "226201839", "highway": [ "unclassified" ], "oneway": false, "reversed": "False", "length": 132.02932407198116, "lanes": null, "name": null, "ref": null, "bridge": null, "maxspeed": null, "tunnel": null, "manual_add_candidate": true, "priority": 1 }, "geometry": { "type": "LineString", "coordinates": [ [ 141.8737973, 43.4446847 ], [ 141.8754001, 43.4444488 ] ] } },
{ "type": "Feature", "properties": { "u": 2350616635, "v": 2350616644, "key": 0, "osmid": "226201607", "highway": [ "unclassified" ], "oneway": false, "reversed": "True", "length": 144.14245692586181, "lanes": null, "name": null, "ref": null, "bridge": null, "maxspeed": null, "tunnel": null, "manual_add_candidate": true, "priority": 1 }, "geometry": { "type": "LineString", "coordinates": [ [ 141.902632, 43.4453963 ], [ 141.900886899999989, 43.4456704 ] ] } },
{ "type": "Feature", "properties": { "u": 2350616635, "v": 2350616586, "key": 0, "osmid": [ 226201619, 226201589, 226201459 ], "highway": [ "unclassified" ], "oneway": false, "reversed": "False", "length": 417.8992509864413, "lanes": null, "name": null, "ref": null, "bridge": "yes", "maxspeed": null, "tunnel": null, "manual_add_candidate": true, "priority": 1 }, "geometry": { "type": "LineString", "coordinates": [ [ 141.902632, 43.4453963 ], [ 141.9056965, 43.4449232 ], [ 141.9060917, 43.4448651 ], [ 141.9076967, 43.4446198 ] ] } },
{ "type": "Feature", "properties": { "u": 2350616644, "v": 2350616227, "key": 0, "osmid": "226201525", "highway": [ "unclassified" ], "oneway": false, "reversed": "False", "length": 563.31500869048068, "lanes": null, "name": null, "ref": null, "bridge": null, "maxspeed": null, "tunnel": null, "manual_add_candidate": true, "priority": 1 }, "geometry": { "type": "LineString", "coordinates": [ [ 141.900886899999989, 43.4456704 ], [ 141.899427800000012, 43.4407164 ] ] } },
{ "type": "Feature", "properties": { "u": 2350616644, "v": 2350616635, "key": 0, "osmid": "226201607", "highway": [ "unclassified" ], "oneway": false, "reversed": "False", "length": 144.14245692586181, "lanes": null, "name": null, "ref": null, "bridge": null, "maxspeed": null, "tunnel": null, "manual_add_candidate": true, "priority": 1 }, "geometry": { "type": "LineString", "coordinates": [ [ 141.900886899999989, 43.4456704 ], [ 141.902632, 43.4453963 ] ] } },
{ "type": "Feature", "properties": { "u": 2350616644, "v": 3010041389, "key": 0, "osmid": "226201531", "highway": [ "unclassified" ], "oneway": false, "reversed": "True", "length": 559.93924433183952, "lanes": null, "name": null, "ref": null, "bridge": null, "maxspeed": null, "tunnel": null, "manual_add_candidate": true, "priority": 1 }, "geometry": { "type": "LineString", "coordinates": [ [ 141.900886899999989, 43.4456704 ], [ 141.8958635, 43.4464483 ], [ 141.8958212, 43.4464548 ], [ 141.894105599999989, 43.4467278 ] ] } },
{ "type": "Feature", "properties": { "u": 2350616676, "v": 3010041389, "key": 0, "osmid": "226201531", "highway": [ "unclassified" ], "oneway": false, "reversed": "False", "length": 15.109185712811872, "lanes": null, "name": null, "ref": null, "bridge": null, "maxspeed": null, "tunnel": null, "manual_add_candidate": true, "priority": 1 }, "geometry": { "type": "LineString", "coordinates": [ [ 141.8939224, 43.4467556 ], [ 141.894105599999989, 43.4467278 ] ] } },
{ "type": "Feature", "properties": { "u": 2350616676, "v": 2350616691, "key": 0, "osmid": "226201562", "highway": [ "unclassified" ], "oneway": false, "reversed": "True", "length": 267.4051831963705, "lanes": null, "name": null, "ref": null, "bridge": null, "maxspeed": null, "tunnel": null, "manual_add_candidate": true, "priority": 1 }, "geometry": { "type": "LineString", "coordinates": [ [ 141.8939224, 43.4467556 ], [ 141.8906871, 43.4472714 ] ] } },
{ "type": "Feature", "properties": { "u": 2350616686, "v": 1938413592, "key": 0, "osmid": "183466078", "highway": [ "unclassified" ], "oneway": false, "reversed": "False", "length": 190.65328336375995, "lanes": null, "name": null, "ref": null, "bridge": null, "maxspeed": null, "tunnel": null, "manual_add_candidate": true, "priority": 1 }, "geometry": { "type": "LineString", "coordinates": [ [ 141.8798538, 43.4471879 ], [ 141.880352, 43.4488639 ] ] } },
{ "type": "Feature", "properties": { "u": 2350616686, "v": 2350616528, "key": 0, "osmid": "183466078", "highway": [ "unclassified" ], "oneway": false, "reversed": "True", "length": 373.13874617393651, "lanes": null, "name": null, "ref": null, "bridge": null, "maxspeed": null, "tunnel": null, "manual_add_candidate": true, "priority": 1 }, "geometry": { "type": "LineString", "coordinates": [ [ 141.8798538, 43.4471879 ], [ 141.878885200000013, 43.4439067 ] ] } },
{ "type": "Feature", "properties": { "u": 2350616691, "v": 1938413567, "key": 0, "osmid": "226201481", "highway": [ "unclassified" ], "oneway": false, "reversed": "True", "length": 289.74019207225894, "lanes": null, "name": null, "ref": null, "bridge": null, "maxspeed": null, "tunnel": null, "manual_add_candidate": true, "priority": 1 }, "geometry": { "type": "LineString", "coordinates": [ [ 141.8906871, 43.4472714 ], [ 141.887175, 43.4478082 ] ] } },
{ "type": "Feature", "properties": { "u": 2350616691, "v": 2350616676, "key": 0, "osmid": "226201562", "highway": [ "unclassified" ], "oneway": false, "reversed": "False", "length": 267.4051831963705, "lanes": null, "name": null, "ref": null, "bridge": null, "maxspeed": null, "tunnel": null, "manual_add_candidate": true, "priority": 1 }, "geometry": { "type": "LineString", "coordinates": [ [ 141.8906871, 43.4472714 ], [ 141.8939224, 43.4467556 ] ] } },
{ "type": "Feature", "properties": { "u": 2350616691, "v": 3010041398, "key": 0, "osmid": "297154885", "highway": [ "unclassified" ], "oneway": false, "reversed": "False", "length": 564.09495050420435, "lanes": null, "name": null, "ref": null, "bridge": null, "maxspeed": null, "tunnel": null, "manual_add_candidate": true, "priority": 1 }, "geometry": { "type": "LineString", "coordinates": [ [ 141.8906871, 43.4472714 ], [ 141.892117500000012, 43.452237 ] ] } },
{ "type": "Feature", "properties": { "u": 2350616832, "v": 1726858692, "key": 0, "osmid": "226201395", "highway": [ "unclassified" ], "oneway": false, "reversed": "False", "length": 205.19073686549956, "lanes": null, "name": null, "ref": null, "bridge": null, "maxspeed": null, "tunnel": null, "manual_add_candidate": true, "priority": 1 }, "geometry": { "type": "LineString", "coordinates": [ [ 141.9222197, 43.4527416 ], [ 141.9227932, 43.4526577 ], [ 141.9231063, 43.4525949 ], [ 141.923272200000014, 43.4525305 ], [ 141.9234315, 43.4524533 ], [ 141.9236122, 43.4523097 ], [ 141.9237708, 43.4521133 ], [ 141.9238513, 43.451986 ], [ 141.9239045, 43.4518171 ], [ 141.9239073, 43.4516434 ] ] } },
{ "type": "Feature", "properties": { "u": 2350616832, "v": 2350616841, "key": 0, "osmid": [ 226201604, 226201542, 226201582, 226201491, 226201623, 435020990 ], "highway": [ "unclassified" ], "oneway": false, "reversed": [ false, true ], "length": 396.17224443916086, "lanes": null, "name": null, "ref": null, "bridge": "yes", "maxspeed": null, "tunnel": "yes", "manual_add_candidate": true, "priority": 1 }, "geometry": { "type": "LineString", "coordinates": [ [ 141.9222197, 43.4527416 ], [ 141.919628, 43.4531385 ], [ 141.919087600000012, 43.4532128 ], [ 141.9187943, 43.4532588 ], [ 141.918633699999987, 43.4532832 ], [ 141.9181374, 43.4533698 ], [ 141.917414, 43.4534626 ] ] } },
{ "type": "Feature", "properties": { "u": 2350616841, "v": 2350616832, "key": 0, "osmid": [ 226201604, 226201542, 226201582, 226201491, 226201623, 435020990 ], "highway": [ "unclassified" ], "oneway": false, "reversed": [ false, true ], "length": 396.17224443916086, "lanes": null, "name": null, "ref": null, "bridge": "yes", "maxspeed": null, "tunnel": "yes", "manual_add_candidate": true, "priority": 1 }, "geometry": { "type": "LineString", "coordinates": [ [ 141.917414, 43.4534626 ], [ 141.9181374, 43.4533698 ], [ 141.918633699999987, 43.4532832 ], [ 141.9187943, 43.4532588 ], [ 141.919087600000012, 43.4532128 ], [ 141.919628, 43.4531385 ], [ 141.9222197, 43.4527416 ] ] } },
{ "type": "Feature", "properties": { "u": 2350616843, "v": 2350616868, "key": 0, "osmid": "183466078", "highway": [ "unclassified" ], "oneway": false, "reversed": "False", "length": 373.36843889551272, "lanes": null, "name": null, "ref": null, "bridge": null, "maxspeed": null, "tunnel": null, "manual_add_candidate": true, "priority": 1 }, "geometry": { "type": "LineString", "coordinates": [ [ 141.8818099, 43.4538457 ], [ 141.8827148, 43.4571386 ] ] } },
{ "type": "Feature", "properties": { "u": 2350616843, "v": 1938413592, "key": 0, "osmid": "183466078", "highway": [ "unclassified" ], "oneway": false, "reversed": "True", "length": 566.31481226046731, "lanes": null, "name": null, "ref": null, "bridge": null, "maxspeed": null, "tunnel": null, "manual_add_candidate": true, "priority": 1 }, "geometry": { "type": "LineString", "coordinates": [ [ 141.8818099, 43.4538457 ], [ 141.880352, 43.4488639 ] ] } },
{ "type": "Feature", "properties": { "u": 2350616843, "v": 7113295203, "key": 0, "osmid": "226201890", "highway": [ "unclassified" ], "oneway": false, "reversed": "False", "length": 346.45339854648984, "lanes": null, "name": null, "ref": null, "bridge": null, "maxspeed": null, "tunnel": null, "manual_add_candidate": true, "priority": 1 }, "geometry": { "type": "LineString", "coordinates": [ [ 141.8818099, 43.4538457 ], [ 141.8776163, 43.4545093 ] ] } },
{ "type": "Feature", "properties": { "u": 2350616845, "v": 3010041399, "key": 0, "osmid": "297154885", "highway": [ "unclassified" ], "oneway": false, "reversed": "False", "length": 376.31063268246868, "lanes": null, "name": null, "ref": null, "bridge": null, "maxspeed": null, "tunnel": null, "manual_add_candidate": true, "priority": 1 }, "geometry": { "type": "LineString", "coordinates": [ [ 141.8926114, 43.4538898 ], [ 141.8935682, 43.457202 ] ] } },
{ "type": "Feature", "properties": { "u": 2350616845, "v": 3010041398, "key": 0, "osmid": "297154885", "highway": [ "unclassified" ], "oneway": false, "reversed": "True", "length": 188.05779040873122, "lanes": null, "name": null, "ref": null, "bridge": null, "maxspeed": null, "tunnel": null, "manual_add_candidate": true, "priority": 1 }, "geometry": { "type": "LineString", "coordinates": [ [ 141.8926114, 43.4538898 ], [ 141.892117500000012, 43.452237 ] ] } },
{ "type": "Feature", "properties": { "u": 2350616850, "v": 2350616862, "key": 0, "osmid": [ 226201608, 226201449, 226201443 ], "highway": [ "unclassified" ], "oneway": false, "reversed": "True", "length": 562.4594322141196, "lanes": null, "name": null, "ref": null, "bridge": "yes", "maxspeed": null, "tunnel": null, "manual_add_candidate": true, "priority": 1 }, "geometry": { "type": "LineString", "coordinates": [ [ 141.9106172, 43.4545367 ], [ 141.9093062, 43.4547259 ], [ 141.908545800000013, 43.4548521 ], [ 141.903805299999988, 43.4556012 ] ] } },
{ "type": "Feature", "properties": { "u": 2350616862, "v": 2350616867, "key": 0, "osmid": "226201482", "highway": [ "unclassified" ], "oneway": false, "reversed": "False", "length": 562.56141952110829, "lanes": null, "name": null, "ref": null, "bridge": null, "maxspeed": null, "tunnel": null, "manual_add_candidate": true, "priority": 1 }, "geometry": { "type": "LineString", "coordinates": [ [ 141.903805299999988, 43.4556012 ], [ 141.898777, 43.4563773 ], [ 141.898734, 43.4563846 ], [ 141.8969931, 43.4566699 ] ] } },
{ "type": "Feature", "properties": { "u": 2350616862, "v": 2350616850, "key": 0, "osmid": [ 226201608, 226201449, 226201443 ], "highway": [ "unclassified" ], "oneway": false, "reversed": "False", "length": 562.4594322141196, "lanes": null, "name": null, "ref": null, "bridge": "yes", "maxspeed": null, "tunnel": null, "manual_add_candidate": true, "priority": 1 }, "geometry": { "type": "LineString", "coordinates": [ [ 141.903805299999988, 43.4556012 ], [ 141.908545800000013, 43.4548521 ], [ 141.9093062, 43.4547259 ], [ 141.9106172, 43.4545367 ] ] } },
{ "type": "Feature", "properties": { "u": 2350616867, "v": 2350616862, "key": 0, "osmid": "226201482", "highway": [ "unclassified" ], "oneway": false, "reversed": "True", "length": 562.56141952110829, "lanes": null, "name": null, "ref": null, "bridge": null, "maxspeed": null, "tunnel": null, "manual_add_candidate": true, "priority": 1 }, "geometry": { "type": "LineString", "coordinates": [ [ 141.8969931, 43.4566699 ], [ 141.898734, 43.4563846 ], [ 141.898777, 43.4563773 ], [ 141.903805299999988, 43.4556012 ] ] } },
{ "type": "Feature", "properties": { "u": 2350616868, "v": 2350616843, "key": 0, "osmid": "183466078", "highway": [ "unclassified" ], "oneway": false, "reversed": "True", "length": 373.36843889551272, "lanes": null, "name": null, "ref": null, "bridge": null, "maxspeed": null, "tunnel": null, "manual_add_candidate": true, "priority": 1 }, "geometry": { "type": "LineString", "coordinates": [ [ 141.8827148, 43.4571386 ], [ 141.8818099, 43.4538457 ] ] } },
{ "type": "Feature", "properties": { "u": 2868415246, "v": 5735880198, "key": 0, "osmid": "183466124", "highway": [ "unclassified" ], "oneway": false, "reversed": "True", "length": 66.640360731590249, "lanes": null, "name": null, "ref": null, "bridge": null, "maxspeed": null, "tunnel": null, "manual_add_candidate": true, "priority": 1 }, "geometry": { "type": "LineString", "coordinates": [ [ 141.8878698, 43.4223643 ], [ 141.88804780000001, 43.4229495 ] ] } },
{ "type": "Feature", "properties": { "u": 2868415246, "v": 1938412632, "key": 0, "osmid": "183466124", "highway": [ "unclassified" ], "oneway": false, "reversed": "False", "length": 59.581114866091994, "lanes": null, "name": null, "ref": null, "bridge": null, "maxspeed": null, "tunnel": null, "manual_add_candidate": true, "priority": 1 }, "geometry": { "type": "LineString", "coordinates": [ [ 141.8878698, 43.4223643 ], [ 141.8877081, 43.4219036 ], [ 141.887691, 43.4218445 ] ] } },
{ "type": "Feature", "properties": { "u": 2868415246, "v": 7085621059, "key": 0, "osmid": "758647219", "highway": [ "unclassified" ], "oneway": false, "reversed": "False", "length": 92.90649407727237, "lanes": null, "name": null, "ref": null, "bridge": null, "maxspeed": null, "tunnel": null, "manual_add_candidate": true, "priority": 1 }, "geometry": { "type": "LineString", "coordinates": [ [ 141.8878698, 43.4223643 ], [ 141.88816, 43.4223233 ], [ 141.888248, 43.4222868 ], [ 141.8882983, 43.4222298 ], [ 141.888314, 43.4221545 ], [ 141.888170300000013, 43.4217649 ] ] } },
{ "type": "Feature", "properties": { "u": 2977966781, "v": 2350616321, "key": 0, "osmid": "226201606", "highway": [ "unclassified" ], "oneway": false, "reversed": "True", "length": 11.496526799498412, "lanes": null, "name": null, "ref": null, "bridge": null, "maxspeed": null, "tunnel": null, "manual_add_candidate": true, "priority": 1 }, "geometry": { "type": "LineString", "coordinates": [ [ 141.8926227, 43.4417588 ], [ 141.8924833, 43.4417799 ] ] } },
{ "type": "Feature", "properties": { "u": 2977966781, "v": 2350616227, "key": 0, "osmid": "226201606", "highway": [ "unclassified" ], "oneway": false, "reversed": "False", "length": 561.51839612766685, "lanes": null, "name": null, "ref": null, "bridge": null, "maxspeed": null, "tunnel": null, "manual_add_candidate": true, "priority": 1 }, "geometry": { "type": "LineString", "coordinates": [ [ 141.8926227, 43.4417588 ], [ 141.894369899999987, 43.4415005 ], [ 141.8944099, 43.4414942 ], [ 141.899427800000012, 43.4407164 ] ] } },
{ "type": "Feature", "properties": { "u": 3010041350, "v": 1938412009, "key": 0, "osmid": "183466057", "highway": [ "unclassified" ], "oneway": false, "reversed": "False", "length": 565.134819373857, "lanes": null, "name": null, "ref": null, "bridge": null, "maxspeed": null, "tunnel": null, "manual_add_candidate": true, "priority": 1 }, "geometry": { "type": "LineString", "coordinates": [ [ 141.892536299999989, 43.4106795 ], [ 141.8993783, 43.4096185 ] ] } },
{ "type": "Feature", "properties": { "u": 3010041350, "v": 2350611775, "key": 0, "osmid": "297154882", "highway": [ "unclassified" ], "oneway": false, "reversed": "True", "length": 564.3664998773985, "lanes": null, "name": null, "ref": null, "bridge": null, "maxspeed": null, "tunnel": null, "manual_add_candidate": true, "priority": 1 }, "geometry": { "type": "LineString", "coordinates": [ [ 141.892536299999989, 43.4106795 ], [ 141.8910912, 43.4057138 ] ] } },
{ "type": "Feature", "properties": { "u": 3010041350, "v": 1938412034, "key": 0, "osmid": [ 183466040, 183466057, 183466228 ], "highway": [ "unclassified" ], "oneway": false, "reversed": "True", "length": 714.54670346785235, "lanes": null, "name": null, "ref": null, "bridge": "yes", "maxspeed": null, "tunnel": null, "manual_add_candidate": true, "priority": 1 }, "geometry": { "type": "LineString", "coordinates": [ [ 141.892536299999989, 43.4106795 ], [ 141.888937700000014, 43.4112374 ], [ 141.888580600000012, 43.4112938 ], [ 141.885684, 43.4117218 ], [ 141.8856388, 43.4117285 ], [ 141.883879400000012, 43.4120007 ] ] } },
{ "type": "Feature", "properties": { "u": 3010041350, "v": 3010041354, "key": 0, "osmid": "297154882", "highway": [ "unclassified" ], "oneway": false, "reversed": "False", "length": 559.2207166829736, "lanes": null, "name": null, "ref": null, "bridge": null, "maxspeed": null, "tunnel": null, "manual_add_candidate": true, "priority": 1 }, "geometry": { "type": "LineString", "coordinates": [ [ 141.892536299999989, 43.4106795 ], [ 141.8930273, 43.4123498 ], [ 141.8934896, 43.4139223 ], [ 141.8935107, 43.4139942 ], [ 141.893982099999988, 43.4155978 ] ] } },
{ "type": "Feature", "properties": { "u": 3010041353, "v": 10043621314, "key": 0, "osmid": "226201859", "highway": [ "unclassified" ], "oneway": false, "reversed": "True", "length": 888.42300876762033, "lanes": null, "name": null, "ref": null, "bridge": null, "maxspeed": null, "tunnel": null, "manual_add_candidate": true, "priority": 1 }, "geometry": { "type": "LineString", "coordinates": [ [ 141.8535129, 43.4154977 ], [ 141.85359840000001, 43.4154119 ], [ 141.853584500000011, 43.4153552 ], [ 141.8533052, 43.4151627 ], [ 141.853101, 43.4149073 ], [ 141.853379, 43.41465 ], [ 141.856572699999987, 43.414191 ], [ 141.862708700000013, 43.4132319 ] ] } },
{ "type": "Feature", "properties": { "u": 3010041354, "v": 2350612959, "key": 0, "osmid": "236724222", "highway": [ "unclassified" ], "oneway": false, "reversed": "True", "length": 408.36593284755679, "lanes": null, "name": null, "ref": null, "bridge": null, "maxspeed": null, "tunnel": null, "manual_add_candidate": true, "priority": 1 }, "geometry": { "type": "LineString", "coordinates": [ [ 141.893982099999988, 43.4155978 ], [ 141.898932300000013, 43.414851 ] ] } },
{ "type": "Feature", "properties": { "u": 3010041354, "v": 1938412163, "key": 0, "osmid": [ 183465992, 236724222, 183466047 ], "highway": [ "unclassified" ], "oneway": false, "reversed": "False", "length": 718.68761399153675, "lanes": null, "name": null, "ref": null, "bridge": "yes", "maxspeed": null, "tunnel": null, "manual_add_candidate": true, "priority": 1 }, "geometry": { "type": "LineString", "coordinates": [ [ 141.893982099999988, 43.4155978 ], [ 141.889307699999989, 43.4163378 ], [ 141.8892069, 43.4163537 ], [ 141.8890015, 43.4163843 ], [ 141.887132900000012, 43.4166602 ], [ 141.8870809, 43.4166683 ], [ 141.8852822, 43.4169534 ] ] } },
{ "type": "Feature", "properties": { "u": 3010041354, "v": 3010041350, "key": 0, "osmid": "297154882", "highway": [ "unclassified" ], "oneway": false, "reversed": "True", "length": 559.2207166829736, "lanes": null, "name": null, "ref": null, "bridge": null, "maxspeed": null, "tunnel": null, "manual_add_candidate": true, "priority": 1 }, "geometry": { "type": "LineString", "coordinates": [ [ 141.893982099999988, 43.4155978 ], [ 141.8935107, 43.4139942 ], [ 141.8934896, 43.4139223 ], [ 141.8930273, 43.4123498 ], [ 141.892536299999989, 43.4106795 ] ] } },
{ "type": "Feature", "properties": { "u": 3010041356, "v": 1938413011, "key": 0, "osmid": "183466209", "highway": [ "unclassified" ], "oneway": false, "reversed": "True", "length": 64.909475085018855, "lanes": null, "name": null, "ref": null, "bridge": null, "maxspeed": null, "tunnel": null, "manual_add_candidate": true, "priority": 1 }, "geometry": { "type": "LineString", "coordinates": [ [ 141.8879131, 43.4259907 ], [ 141.887128100000012, 43.4261161 ] ] } },
{ "type": "Feature", "properties": { "u": 3010041364, "v": 1938413273, "key": 0, "osmid": "183465921", "highway": [ "unclassified" ], "oneway": false, "reversed": "False", "length": 51.204840208091902, "lanes": null, "name": null, "ref": null, "bridge": null, "maxspeed": null, "tunnel": null, "manual_add_candidate": true, "priority": 1 }, "geometry": { "type": "LineString", "coordinates": [ [ 141.8836021, 43.4293649 ], [ 141.8837447, 43.4298136 ] ] } },
{ "type": "Feature", "properties": { "u": 3010041364, "v": 1938413214, "key": 0, "osmid": "183465921", "highway": [ "unclassified" ], "oneway": false, "reversed": "True", "length": 26.152736663915086, "lanes": null, "name": null, "ref": null, "bridge": null, "maxspeed": null, "tunnel": null, "manual_add_candidate": true, "priority": 1 }, "geometry": { "type": "LineString", "coordinates": [ [ 141.8836021, 43.4293649 ], [ 141.8835377, 43.4291344 ] ] } },
{ "type": "Feature", "properties": { "u": 3010041376, "v": 2350615586, "key": 0, "osmid": "436199700", "highway": [ "unclassified" ], "oneway": false, "reversed": "True", "length": 11.881350555928984, "lanes": null, "name": null, "ref": null, "bridge": null, "maxspeed": null, "tunnel": null, "manual_add_candidate": true, "priority": 1 }, "geometry": { "type": "LineString", "coordinates": [ [ 141.891187, 43.4368047 ], [ 141.8910439, 43.4368296 ] ] } },
{ "type": "Feature", "properties": { "u": 3010041376, "v": 2350615490, "key": 0, "osmid": "226201451", "highway": [ "unclassified" ], "oneway": false, "reversed": "False", "length": 529.31125982993399, "lanes": null, "name": null, "ref": null, "bridge": null, "maxspeed": null, "tunnel": null, "manual_add_candidate": true, "priority": 1 }, "geometry": { "type": "LineString", "coordinates": [ [ 141.891187, 43.4368047 ], [ 141.8929089, 43.4365285 ], [ 141.8929516, 43.4365206 ], [ 141.8975997, 43.435817 ] ] } },
{ "type": "Feature", "properties": { "u": 3010041379, "v": 1938413467, "key": 0, "osmid": "297154886", "highway": [ "unclassified" ], "oneway": false, "reversed": "True", "length": 187.49565274513364, "lanes": null, "name": null, "ref": null, "bridge": null, "maxspeed": null, "tunnel": null, "manual_add_candidate": true, "priority": 1 }, "geometry": { "type": "LineString", "coordinates": [ [ 141.8881754, 43.4390058 ], [ 141.887653199999988, 43.4373628 ] ] } },
{ "type": "Feature", "properties": { "u": 3010041379, "v": 2350616365, "key": 0, "osmid": "297154886", "highway": [ "unclassified" ], "oneway": false, "reversed": "False", "length": 378.41503673249213, "lanes": null, "name": null, "ref": null, "bridge": null, "maxspeed": null, "tunnel": null, "manual_add_candidate": true, "priority": 1 }, "geometry": { "type": "LineString", "coordinates": [ [ 141.8881754, 43.4390058 ], [ 141.8886594, 43.4406851 ], [ 141.8891851, 43.4419144 ], [ 141.889321200000012, 43.4423023 ] ] } },
{ "type": "Feature", "properties": { "u": 3010041384, "v": 3010041386, "key": 0, "osmid": "226201630", "highway": [ "unclassified" ], "oneway": false, "reversed": "False", "length": 70.981618340807273, "lanes": null, "name": null, "ref": null, "bridge": null, "maxspeed": null, "tunnel": null, "manual_add_candidate": true, "priority": 1 }, "geometry": { "type": "LineString", "coordinates": [ [ 141.9206106, 43.4426025 ], [ 141.91975, 43.4427331 ] ] } },
{ "type": "Feature", "properties": { "u": 3010041386, "v": 2350616399, "key": 0, "osmid": "226201630", "highway": [ "unclassified" ], "oneway": false, "reversed": "False", "length": 21.008524678703711, "lanes": null, "name": null, "ref": null, "bridge": null, "maxspeed": null, "tunnel": null, "manual_add_candidate": true, "priority": 1 }, "geometry": { "type": "LineString", "coordinates": [ [ 141.91975, 43.4427331 ], [ 141.9194953, 43.4427718 ] ] } },
{ "type": "Feature", "properties": { "u": 3010041386, "v": 3010041384, "key": 0, "osmid": "226201630", "highway": [ "unclassified" ], "oneway": false, "reversed": "True", "length": 70.981618340807273, "lanes": null, "name": null, "ref": null, "bridge": null, "maxspeed": null, "tunnel": null, "manual_add_candidate": true, "priority": 1 }, "geometry": { "type": "LineString", "coordinates": [ [ 141.91975, 43.4427331 ], [ 141.9206106, 43.4426025 ] ] } },
{ "type": "Feature", "properties": { "u": 3010041386, "v": 2350616356, "key": 0, "osmid": "226201671", "highway": [ "unclassified" ], "oneway": false, "reversed": "False", "length": 48.06078141187777, "lanes": null, "name": null, "ref": null, "bridge": null, "maxspeed": null, "tunnel": null, "manual_add_candidate": true, "priority": 1 }, "geometry": { "type": "LineString", "coordinates": [ [ 141.91975, 43.4427331 ], [ 141.919650499999989, 43.4424179 ], [ 141.919660599999986, 43.4423093 ] ] } },
{ "type": "Feature", "properties": { "u": 3010041388, "v": 2350616517, "key": 0, "osmid": "226201875", "highway": [ "unclassified" ], "oneway": false, "reversed": "False", "length": 29.569233036103292, "lanes": null, "name": null, "ref": null, "bridge": null, "maxspeed": null, "tunnel": null, "manual_add_candidate": true, "priority": 1 }, "geometry": { "type": "LineString", "coordinates": [ [ 141.9208683, 43.443789 ], [ 141.9205059, 43.4437505 ] ] } },
{ "type": "Feature", "properties": { "u": 3010041388, "v": 2350616518, "key": 0, "osmid": "226201875", "highway": [ "unclassified" ], "oneway": false, "reversed": "True", "length": 17.46833840374245, "lanes": null, "name": null, "ref": null, "bridge": null, "maxspeed": null, "tunnel": null, "manual_add_candidate": true, "priority": 1 }, "geometry": { "type": "LineString", "coordinates": [ [ 141.9208683, 43.443789 ], [ 141.9209075, 43.4437733 ], [ 141.9209598, 43.4437301 ], [ 141.921017299999988, 43.4436776 ] ] } },
{ "type": "Feature", "properties": { "u": 3010041388, "v": 2350616523, "key": 0, "osmid": "435261993", "highway": [ "unclassified" ], "oneway": false, "reversed": "True", "length": 52.398445384336846, "lanes": null, "name": null, "ref": null, "bridge": null, "maxspeed": null, "tunnel": null, "manual_add_candidate": true, "priority": 1 }, "geometry": { "type": "LineString", "coordinates": [ [ 141.9208683, 43.443789 ], [ 141.9211574, 43.4438129 ], [ 141.9215136, 43.4438394 ] ] } },
{ "type": "Feature", "properties": { "u": 3010041389, "v": 2350616676, "key": 0, "osmid": "226201531", "highway": [ "unclassified" ], "oneway": false, "reversed": "True", "length": 15.109185712811872, "lanes": null, "name": null, "ref": null, "bridge": null, "maxspeed": null, "tunnel": null, "manual_add_candidate": true, "priority": 1 }, "geometry": { "type": "LineString", "coordinates": [ [ 141.894105599999989, 43.4467278 ], [ 141.8939224, 43.4467556 ] ] } },
{ "type": "Feature", "properties": { "u": 3010041389, "v": 2350616644, "key": 0, "osmid": "226201531", "highway": [ "unclassified" ], "oneway": false, "reversed": "False", "length": 559.93924433183952, "lanes": null, "name": null, "ref": null, "bridge": null, "maxspeed": null, "tunnel": null, "manual_add_candidate": true, "priority": 1 }, "geometry": { "type": "LineString", "coordinates": [ [ 141.894105599999989, 43.4467278 ], [ 141.8958212, 43.4464548 ], [ 141.8958635, 43.4464483 ], [ 141.900886899999989, 43.4456704 ] ] } },
{ "type": "Feature", "properties": { "u": 3010041398, "v": 2350616845, "key": 0, "osmid": "297154885", "highway": [ "unclassified" ], "oneway": false, "reversed": "False", "length": 188.05779040873122, "lanes": null, "name": null, "ref": null, "bridge": null, "maxspeed": null, "tunnel": null, "manual_add_candidate": true, "priority": 1 }, "geometry": { "type": "LineString", "coordinates": [ [ 141.892117500000012, 43.452237 ], [ 141.8926114, 43.4538898 ] ] } },
{ "type": "Feature", "properties": { "u": 3010041398, "v": 2350616691, "key": 0, "osmid": "297154885", "highway": [ "unclassified" ], "oneway": false, "reversed": "True", "length": 564.09495050420435, "lanes": null, "name": null, "ref": null, "bridge": null, "maxspeed": null, "tunnel": null, "manual_add_candidate": true, "priority": 1 }, "geometry": { "type": "LineString", "coordinates": [ [ 141.892117500000012, 43.452237 ], [ 141.8906871, 43.4472714 ] ] } },
{ "type": "Feature", "properties": { "u": 3010041399, "v": 2350616845, "key": 0, "osmid": "297154885", "highway": [ "unclassified" ], "oneway": false, "reversed": "True", "length": 376.31063268246868, "lanes": null, "name": null, "ref": null, "bridge": null, "maxspeed": null, "tunnel": null, "manual_add_candidate": true, "priority": 1 }, "geometry": { "type": "LineString", "coordinates": [ [ 141.8935682, 43.457202 ], [ 141.8926114, 43.4538898 ] ] } },
{ "type": "Feature", "properties": { "u": 3033240784, "v": 1938412811, "key": 0, "osmid": "226201728", "highway": [ "unclassified" ], "oneway": false, "reversed": "False", "length": 327.12474807462615, "lanes": null, "name": null, "ref": null, "bridge": null, "maxspeed": null, "tunnel": null, "manual_add_candidate": true, "priority": 1 }, "geometry": { "type": "LineString", "coordinates": [ [ 141.8722061, 43.4211632 ], [ 141.873059899999987, 43.424039 ] ] } },
{ "type": "Feature", "properties": { "u": 3033240784, "v": 2350613665, "key": 0, "osmid": "226201728", "highway": [ "unclassified" ], "oneway": false, "reversed": "True", "length": 236.83315430854336, "lanes": null, "name": null, "ref": null, "bridge": null, "maxspeed": null, "tunnel": null, "manual_add_candidate": true, "priority": 1 }, "geometry": { "type": "LineString", "coordinates": [ [ 141.8722061, 43.4211632 ], [ 141.8715929, 43.4190804 ] ] } },
{ "type": "Feature", "properties": { "u": 5424606150, "v": 501816742, "key": 0, "osmid": "183465927", "highway": [ "unclassified" ], "oneway": false, "reversed": "False", "length": 55.014255294362144, "lanes": null, "name": null, "ref": null, "bridge": null, "maxspeed": null, "tunnel": null, "manual_add_candidate": true, "priority": 1 }, "geometry": { "type": "LineString", "coordinates": [ [ 141.888993199999987, 43.4319372 ], [ 141.8896581, 43.4318293 ] ] } },
{ "type": "Feature", "properties": { "u": 5424606150, "v": 1938413421, "key": 0, "osmid": "183465927", "highway": [ "unclassified" ], "oneway": false, "reversed": "True", "length": 36.991467213683812, "lanes": null, "name": null, "ref": null, "bridge": null, "maxspeed": null, "tunnel": null, "manual_add_candidate": true, "priority": 1 }, "geometry": { "type": "LineString", "coordinates": [ [ 141.888993199999987, 43.4319372 ], [ 141.8885455, 43.4320077 ] ] } },
{ "type": "Feature", "properties": { "u": 5424606150, "v": 1938413378, "key": 0, "osmid": "183466113", "highway": [ "unclassified" ], "oneway": false, "reversed": "True", "length": 107.0126659683724, "lanes": null, "name": null, "ref": null, "bridge": null, "maxspeed": null, "tunnel": null, "manual_add_candidate": true, "priority": 1 }, "geometry": { "type": "LineString", "coordinates": [ [ 141.888993199999987, 43.4319372 ], [ 141.8887186, 43.4309957 ] ] } },
{ "type": "Feature", "properties": { "u": 5735880188, "v": 5735880198, "key": 0, "osmid": "183466124", "highway": [ "unclassified" ], "oneway": false, "reversed": "False", "length": 27.374560589984068, "lanes": null, "name": null, "ref": null, "bridge": null, "maxspeed": null, "tunnel": null, "manual_add_candidate": true, "priority": 1 }, "geometry": { "type": "LineString", "coordinates": [ [ 141.888117, 43.4231905 ], [ 141.88804780000001, 43.4229495 ] ] } },
{ "type": "Feature", "properties": { "u": 5735880188, "v": 6590120531, "key": 0, "osmid": "183466124", "highway": [ "unclassified" ], "oneway": false, "reversed": "True", "length": 35.562514262877286, "lanes": null, "name": null, "ref": null, "bridge": null, "maxspeed": null, "tunnel": null, "manual_add_candidate": true, "priority": 1 }, "geometry": { "type": "LineString", "coordinates": [ [ 141.888117, 43.4231905 ], [ 141.8882068, 43.4235036 ] ] } },
{ "type": "Feature", "properties": { "u": 5735880198, "v": 2868415246, "key": 0, "osmid": "183466124", "highway": [ "unclassified" ], "oneway": false, "reversed": "False", "length": 66.640360731590249, "lanes": null, "name": null, "ref": null, "bridge": null, "maxspeed": null, "tunnel": null, "manual_add_candidate": true, "priority": 1 }, "geometry": { "type": "LineString", "coordinates": [ [ 141.88804780000001, 43.4229495 ], [ 141.8878698, 43.4223643 ] ] } },
{ "type": "Feature", "properties": { "u": 5735880198, "v": 5735880188, "key": 0, "osmid": "183466124", "highway": [ "unclassified" ], "oneway": false, "reversed": "True", "length": 27.374560589984068, "lanes": null, "name": null, "ref": null, "bridge": null, "maxspeed": null, "tunnel": null, "manual_add_candidate": true, "priority": 1 }, "geometry": { "type": "LineString", "coordinates": [ [ 141.88804780000001, 43.4229495 ], [ 141.888117, 43.4231905 ] ] } },
{ "type": "Feature", "properties": { "u": 6083963827, "v": 1938412911, "key": 0, "osmid": "183465921", "highway": [ "unclassified" ], "oneway": false, "reversed": "False", "length": 48.393920864925747, "lanes": null, "name": null, "ref": null, "bridge": null, "maxspeed": null, "tunnel": null, "manual_add_candidate": true, "priority": 1 }, "geometry": { "type": "LineString", "coordinates": [ [ 141.8822222, 43.4246287 ], [ 141.8823519, 43.4250536 ] ] } },
{ "type": "Feature", "properties": { "u": 6083963827, "v": 1938412835, "key": 0, "osmid": "183465921", "highway": [ "unclassified" ], "oneway": false, "reversed": "True", "length": 32.55665108782685, "lanes": null, "name": null, "ref": null, "bridge": null, "maxspeed": null, "tunnel": null, "manual_add_candidate": true, "priority": 1 }, "geometry": { "type": "LineString", "coordinates": [ [ 141.8822222, 43.4246287 ], [ 141.8821481, 43.4243409 ] ] } },
{ "type": "Feature", "properties": { "u": 6590120531, "v": 5735880188, "key": 0, "osmid": "183466124", "highway": [ "unclassified" ], "oneway": false, "reversed": "False", "length": 35.562514262877286, "lanes": null, "name": null, "ref": null, "bridge": null, "maxspeed": null, "tunnel": null, "manual_add_candidate": true, "priority": 1 }, "geometry": { "type": "LineString", "coordinates": [ [ 141.8882068, 43.4235036 ], [ 141.888117, 43.4231905 ] ] } },
{ "type": "Feature", "properties": { "u": 6590120531, "v": 1938412823, "key": 0, "osmid": "183466124", "highway": [ "unclassified" ], "oneway": false, "reversed": "True", "length": 66.925578567912936, "lanes": null, "name": null, "ref": null, "bridge": null, "maxspeed": null, "tunnel": null, "manual_add_candidate": true, "priority": 1 }, "geometry": { "type": "LineString", "coordinates": [ [ 141.8882068, 43.4235036 ], [ 141.8883432, 43.4239937 ], [ 141.88838770000001, 43.4240903 ] ] } },
{ "type": "Feature", "properties": { "u": 7085621059, "v": 1938412604, "key": 0, "osmid": "183466159", "highway": [ "unclassified" ], "oneway": true, "reversed": "False", "length": 75.123094107653401, "lanes": null, "name": null, "ref": null, "bridge": null, "maxspeed": null, "tunnel": null, "manual_add_candidate": true, "priority": 1 }, "geometry": { "type": "LineString", "coordinates": [ [ 141.888170300000013, 43.4217649 ], [ 141.888283300000012, 43.4217432 ], [ 141.8882361, 43.4215964 ], [ 141.8876472, 43.4216994 ] ] } },
{ "type": "Feature", "properties": { "u": 7085621059, "v": 2868415246, "key": 0, "osmid": "758647219", "highway": [ "unclassified" ], "oneway": false, "reversed": "True", "length": 92.906494077272384, "lanes": null, "name": null, "ref": null, "bridge": null, "maxspeed": null, "tunnel": null, "manual_add_candidate": true, "priority": 1 }, "geometry": { "type": "LineString", "coordinates": [ [ 141.888170300000013, 43.4217649 ], [ 141.888314, 43.4221545 ], [ 141.8882983, 43.4222298 ], [ 141.888248, 43.4222868 ], [ 141.88816, 43.4223233 ], [ 141.8878698, 43.4223643 ] ] } },
{ "type": "Feature", "properties": { "u": 7085668895, "v": 1938412758, "key": 0, "osmid": "183466099", "highway": [ "unclassified" ], "oneway": false, "reversed": "False", "length": 77.612083318210765, "lanes": null, "name": null, "ref": null, "bridge": null, "maxspeed": null, "tunnel": null, "manual_add_candidate": true, "priority": 1 }, "geometry": { "type": "LineString", "coordinates": [ [ 141.884570200000013, 43.4226999 ], [ 141.8847734, 43.4233821 ] ] } },
{ "type": "Feature", "properties": { "u": 7085668895, "v": 1938412659, "key": 0, "osmid": "183466099", "highway": [ "unclassified" ], "oneway": false, "reversed": "True", "length": 49.106830369525042, "lanes": null, "name": null, "ref": null, "bridge": null, "maxspeed": null, "tunnel": null, "manual_add_candidate": true, "priority": 1 }, "geometry": { "type": "LineString", "coordinates": [ [ 141.884570200000013, 43.4226999 ], [ 141.8844187, 43.4222722 ] ] } },
{ "type": "Feature", "properties": { "u": 7085668895, "v": 7085668896, "key": 0, "osmid": "758652649", "highway": [ "unclassified" ], "oneway": false, "reversed": "False", "length": 61.813940382151152, "lanes": null, "name": null, "ref": null, "bridge": null, "maxspeed": null, "tunnel": null, "manual_add_candidate": true, "priority": 1 }, "geometry": { "type": "LineString", "coordinates": [ [ 141.884570200000013, 43.4226999 ], [ 141.8853188, 43.4225841 ] ] } },
{ "type": "Feature", "properties": { "u": 7085668896, "v": 1938412727, "key": 0, "osmid": "183466227", "highway": [ "unclassified" ], "oneway": false, "reversed": "False", "length": 76.263534039104428, "lanes": null, "name": null, "ref": null, "bridge": null, "maxspeed": null, "tunnel": null, "manual_add_candidate": true, "priority": 1 }, "geometry": { "type": "LineString", "coordinates": [ [ 141.8853188, 43.4225841 ], [ 141.8855244, 43.4232535 ] ] } },
{ "type": "Feature", "properties": { "u": 7085668896, "v": 1938412646, "key": 0, "osmid": "183466227", "highway": [ "unclassified" ], "oneway": false, "reversed": "True", "length": 48.85035408089135, "lanes": null, "name": null, "ref": null, "bridge": null, "maxspeed": null, "tunnel": null, "manual_add_candidate": true, "priority": 1 }, "geometry": { "type": "LineString", "coordinates": [ [ 141.8853188, 43.4225841 ], [ 141.8851866, 43.4221554 ] ] } },
{ "type": "Feature", "properties": { "u": 7085668896, "v": 7085668895, "key": 0, "osmid": "758652649", "highway": [ "unclassified" ], "oneway": false, "reversed": "True", "length": 61.813940382151152, "lanes": null, "name": null, "ref": null, "bridge": null, "maxspeed": null, "tunnel": null, "manual_add_candidate": true, "priority": 1 }, "geometry": { "type": "LineString", "coordinates": [ [ 141.8853188, 43.4225841 ], [ 141.884570200000013, 43.4226999 ] ] } },
{ "type": "Feature", "properties": { "u": 7087168128, "v": 7087168129, "key": 0, "osmid": "758822950", "highway": [ "unclassified" ], "oneway": false, "reversed": "False", "length": 44.635201426240343, "lanes": null, "name": null, "ref": null, "bridge": null, "maxspeed": null, "tunnel": null, "manual_add_candidate": true, "priority": 1 }, "geometry": { "type": "LineString", "coordinates": [ [ 141.8837541, 43.4241243 ], [ 141.884292499999987, 43.4240336 ] ] } },
{ "type": "Feature", "properties": { "u": 7087168129, "v": 7087168130, "key": 0, "osmid": "758822950", "highway": [ "unclassified" ], "oneway": false, "reversed": "False", "length": 62.464932048007249, "lanes": null, "name": null, "ref": null, "bridge": null, "maxspeed": null, "tunnel": null, "manual_add_candidate": true, "priority": 1 }, "geometry": { "type": "LineString", "coordinates": [ [ 141.884292499999987, 43.4240336 ], [ 141.8841305, 43.4234843 ] ] } },
{ "type": "Feature", "properties": { "u": 7087168129, "v": 7087168128, "key": 0, "osmid": "758822950", "highway": [ "unclassified" ], "oneway": false, "reversed": "True", "length": 44.635201426240343, "lanes": null, "name": null, "ref": null, "bridge": null, "maxspeed": null, "tunnel": null, "manual_add_candidate": true, "priority": 1 }, "geometry": { "type": "LineString", "coordinates": [ [ 141.884292499999987, 43.4240336 ], [ 141.8837541, 43.4241243 ] ] } },
{ "type": "Feature", "properties": { "u": 7087168129, "v": 7087168131, "key": 0, "osmid": "758822951", "highway": [ "unclassified" ], "oneway": false, "reversed": "False", "length": 18.559276228886063, "lanes": null, "name": null, "ref": null, "bridge": null, "maxspeed": null, "tunnel": null, "manual_add_candidate": true, "priority": 1 }, "geometry": { "type": "LineString", "coordinates": [ [ 141.884292499999987, 43.4240336 ], [ 141.8845169, 43.4239976 ] ] } },
{ "type": "Feature", "properties": { "u": 7087168130, "v": 1938412765, "key": 0, "osmid": "183466206", "highway": [ "unclassified" ], "oneway": false, "reversed": "False", "length": 44.293873721852776, "lanes": null, "name": null, "ref": null, "bridge": null, "maxspeed": null, "tunnel": null, "manual_add_candidate": true, "priority": 1 }, "geometry": { "type": "LineString", "coordinates": [ [ 141.8841305, 43.4234843 ], [ 141.8835947, 43.4235694 ] ] } },
{ "type": "Feature", "properties": { "u": 7087168130, "v": 1938412758, "key": 0, "osmid": "183466206", "highway": [ "unclassified" ], "oneway": false, "reversed": "True", "length": 53.149894487514878, "lanes": null, "name": null, "ref": null, "bridge": null, "maxspeed": null, "tunnel": null, "manual_add_candidate": true, "priority": 1 }, "geometry": { "type": "LineString", "coordinates": [ [ 141.8841305, 43.4234843 ], [ 141.8847734, 43.4233821 ] ] } },
{ "type": "Feature", "properties": { "u": 7087168130, "v": 7087168129, "key": 0, "osmid": "758822950", "highway": [ "unclassified" ], "oneway": false, "reversed": "True", "length": 62.464932048007249, "lanes": null, "name": null, "ref": null, "bridge": null, "maxspeed": null, "tunnel": null, "manual_add_candidate": true, "priority": 1 }, "geometry": { "type": "LineString", "coordinates": [ [ 141.8841305, 43.4234843 ], [ 141.884292499999987, 43.4240336 ] ] } },
{ "type": "Feature", "properties": { "u": 7087168131, "v": 7087168129, "key": 0, "osmid": "758822951", "highway": [ "unclassified" ], "oneway": false, "reversed": "True", "length": 18.559276228886063, "lanes": null, "name": null, "ref": null, "bridge": null, "maxspeed": null, "tunnel": null, "manual_add_candidate": true, "priority": 1 }, "geometry": { "type": "LineString", "coordinates": [ [ 141.8845169, 43.4239976 ], [ 141.884292499999987, 43.4240336 ] ] } },
{ "type": "Feature", "properties": { "u": 7087194575, "v": 1938412769, "key": 0, "osmid": "183465921", "highway": [ "unclassified" ], "oneway": false, "reversed": "False", "length": 65.375112663839218, "lanes": null, "name": null, "ref": null, "bridge": null, "maxspeed": null, "tunnel": null, "manual_add_candidate": true, "priority": 1 }, "geometry": { "type": "LineString", "coordinates": [ [ 141.88182, 43.4232339 ], [ 141.8819882, 43.423809 ] ] } },
{ "type": "Feature", "properties": { "u": 7087194575, "v": 1938412699, "key": 0, "osmid": "183465921", "highway": [ "unclassified" ], "oneway": false, "reversed": "True", "length": 59.395505171155783, "lanes": null, "name": null, "ref": null, "bridge": null, "maxspeed": null, "tunnel": null, "manual_add_candidate": true, "priority": 1 }, "geometry": { "type": "LineString", "coordinates": [ [ 141.88182, 43.4232339 ], [ 141.88166720000001, 43.4227114 ] ] } },
{ "type": "Feature", "properties": { "u": 7087194717, "v": 1938412817, "key": 0, "osmid": "183466136", "highway": [ "unclassified" ], "oneway": false, "reversed": "False", "length": 52.353153811395394, "lanes": null, "name": null, "ref": null, "bridge": null, "maxspeed": null, "tunnel": null, "manual_add_candidate": true, "priority": 1 }, "geometry": { "type": "LineString", "coordinates": [ [ 141.883109600000012, 43.4241878 ], [ 141.8837428, 43.4240869 ] ] } },
{ "type": "Feature", "properties": { "u": 7087194717, "v": 7087194719, "key": 0, "osmid": "183466136", "highway": [ "unclassified" ], "oneway": false, "reversed": "True", "length": 40.609288842044002, "lanes": null, "name": null, "ref": null, "bridge": null, "maxspeed": null, "tunnel": null, "manual_add_candidate": true, "priority": 1 }, "geometry": { "type": "LineString", "coordinates": [ [ 141.883109600000012, 43.4241878 ], [ 141.8826195, 43.4242695 ] ] } },
{ "type": "Feature", "properties": { "u": 7087194719, "v": 7087194717, "key": 0, "osmid": "183466136", "highway": [ "unclassified" ], "oneway": false, "reversed": "False", "length": 40.609288842044002, "lanes": null, "name": null, "ref": null, "bridge": null, "maxspeed": null, "tunnel": null, "manual_add_candidate": true, "priority": 1 }, "geometry": { "type": "LineString", "coordinates": [ [ 141.8826195, 43.4242695 ], [ 141.883109600000012, 43.4241878 ] ] } },
{ "type": "Feature", "properties": { "u": 7087194719, "v": 1938412835, "key": 0, "osmid": "183466136", "highway": [ "unclassified" ], "oneway": false, "reversed": "True", "length": 38.888895094312069, "lanes": null, "name": null, "ref": null, "bridge": null, "maxspeed": null, "tunnel": null, "manual_add_candidate": true, "priority": 1 }, "geometry": { "type": "LineString", "coordinates": [ [ 141.8826195, 43.4242695 ], [ 141.8821481, 43.4243409 ] ] } },
{ "type": "Feature", "properties": { "u": 7111573622, "v": 1938413430, "key": 0, "osmid": "183465927", "highway": [ "unclassified" ], "oneway": false, "reversed": "False", "length": 33.944239050632795, "lanes": null, "name": null, "ref": null, "bridge": null, "maxspeed": null, "tunnel": null, "manual_add_candidate": true, "priority": 1 }, "geometry": { "type": "LineString", "coordinates": [ [ 141.8866745, 43.432309 ], [ 141.8870852, 43.4322439 ] ] } },
{ "type": "Feature", "properties": { "u": 7111573622, "v": 1938413432, "key": 0, "osmid": "183465927", "highway": [ "unclassified" ], "oneway": false, "reversed": "True", "length": 39.276908086847421, "lanes": null, "name": null, "ref": null, "bridge": null, "maxspeed": null, "tunnel": null, "manual_add_candidate": true, "priority": 1 }, "geometry": { "type": "LineString", "coordinates": [ [ 141.8866745, 43.432309 ], [ 141.886199299999987, 43.4323844 ] ] } },
{ "type": "Feature", "properties": { "u": 7113295203, "v": 2350616843, "key": 0, "osmid": "226201890", "highway": [ "unclassified" ], "oneway": false, "reversed": "True", "length": 346.45339854648984, "lanes": null, "name": null, "ref": null, "bridge": null, "maxspeed": null, "tunnel": null, "manual_add_candidate": true, "priority": 1 }, "geometry": { "type": "LineString", "coordinates": [ [ 141.8776163, 43.4545093 ], [ 141.8818099, 43.4538457 ] ] } },
{ "type": "Feature", "properties": { "u": 7113321226, "v": 2350615150, "key": 0, "osmid": "226201486", "highway": [ "unclassified" ], "oneway": false, "reversed": "False", "length": 388.81511311189365, "lanes": null, "name": null, "ref": null, "bridge": null, "maxspeed": null, "tunnel": null, "manual_add_candidate": true, "priority": 1 }, "geometry": { "type": "LineString", "coordinates": [ [ 141.857854, 43.4351133 ], [ 141.8577173, 43.4350104 ], [ 141.857631199999986, 43.4348302 ], [ 141.8573925, 43.4347382 ], [ 141.8565456, 43.4318359 ] ] } },
{ "type": "Feature", "properties": { "u": 7113759937, "v": 1938412179, "key": 0, "osmid": "761397573", "highway": [ "unclassified" ], "oneway": false, "reversed": "False", "length": 7.5933914427692937, "lanes": null, "name": null, "ref": null, "bridge": null, "maxspeed": null, "tunnel": null, "manual_add_candidate": true, "priority": 1 }, "geometry": { "type": "LineString", "coordinates": [ [ 141.8845717, 43.4170651 ], [ 141.8844798, 43.4170795 ] ] } },
{ "type": "Feature", "properties": { "u": 7113759937, "v": 1938412163, "key": 0, "osmid": "761397573", "highway": [ "unclassified" ], "oneway": false, "reversed": "True", "length": 58.715007348098524, "lanes": null, "name": null, "ref": null, "bridge": null, "maxspeed": null, "tunnel": null, "manual_add_candidate": true, "priority": 1 }, "geometry": { "type": "LineString", "coordinates": [ [ 141.8845717, 43.4170651 ], [ 141.8852822, 43.4169534 ] ] } },
{ "type": "Feature", "properties": { "u": 7115742060, "v": 1938412818, "key": 0, "osmid": "183466129", "highway": [ "unclassified" ], "oneway": false, "reversed": "True", "length": 108.63291428150481, "lanes": null, "name": null, "ref": null, "bridge": null, "maxspeed": null, "tunnel": null, "manual_add_candidate": true, "priority": 1 }, "geometry": { "type": "LineString", "coordinates": [ [ 141.9000287, 43.4250329 ], [ 141.8997388, 43.4240789 ] ] } },
{ "type": "Feature", "properties": { "u": 7115929246, "v": 1938413029, "key": 0, "osmid": "183466163", "highway": [ "unclassified" ], "oneway": false, "reversed": "False", "length": 94.984567038838904, "lanes": null, "name": null, "ref": null, "bridge": null, "maxspeed": null, "tunnel": null, "manual_add_candidate": true, "priority": 1 }, "geometry": { "type": "LineString", "coordinates": [ [ 141.8920368, 43.4254175 ], [ 141.8922784, 43.4262535 ] ] } },
{ "type": "Feature", "properties": { "u": 7115929246, "v": 1938412914, "key": 0, "osmid": "183466163", "highway": [ "unclassified" ], "oneway": false, "reversed": "True", "length": 36.482442991737344, "lanes": null, "name": null, "ref": null, "bridge": null, "maxspeed": null, "tunnel": null, "manual_add_candidate": true, "priority": 1 }, "geometry": { "type": "LineString", "coordinates": [ [ 141.8920368, 43.4254175 ], [ 141.8919383, 43.4250973 ] ] } },
{ "type": "Feature", "properties": { "u": 7115929246, "v": 1938412930, "key": 0, "osmid": "761619623", "highway": [ "unclassified" ], "oneway": false, "reversed": "False", "length": 31.163445977407381, "lanes": null, "name": null, "ref": null, "bridge": null, "maxspeed": null, "tunnel": null, "manual_add_candidate": true, "priority": 1 }, "geometry": { "type": "LineString", "coordinates": [ [ 141.8920368, 43.4254175 ], [ 141.8924097, 43.4253454 ] ] } },
{ "type": "Feature", "properties": { "u": 7115929360, "v": 1938412515, "key": 0, "osmid": "183466178", "highway": [ "unclassified" ], "oneway": false, "reversed": "False", "length": 307.50123147924501, "lanes": null, "name": null, "ref": null, "bridge": null, "maxspeed": null, "tunnel": null, "manual_add_candidate": true, "priority": 1 }, "geometry": { "type": "LineString", "coordinates": [ [ 141.894389100000012, 43.4235692 ], [ 141.8936266, 43.4208598 ] ] } },
{ "type": "Feature", "properties": { "u": 7115929360, "v": 1938412972, "key": 0, "osmid": "183466178", "highway": [ "unclassified" ], "oneway": false, "reversed": "True", "length": 256.9577270362671, "lanes": null, "name": null, "ref": null, "bridge": null, "maxspeed": null, "tunnel": null, "manual_add_candidate": true, "priority": 1 }, "geometry": { "type": "LineString", "coordinates": [ [ 141.894389100000012, 43.4235692 ], [ 141.8950633, 43.4258276 ] ] } },
{ "type": "Feature", "properties": { "u": 7115929360, "v": 1938412814, "key": 0, "osmid": "761619645", "highway": [ "unclassified" ], "oneway": false, "reversed": "True", "length": 231.11607027169219, "lanes": null, "name": null, "ref": null, "bridge": null, "maxspeed": null, "tunnel": null, "manual_add_candidate": true, "priority": 1 }, "geometry": { "type": "LineString", "coordinates": [ [ 141.894389100000012, 43.4235692 ], [ 141.894242, 43.4236304 ], [ 141.8939227, 43.423741 ], [ 141.893487, 43.4238862 ], [ 141.8930066, 43.4240184 ], [ 141.8925262, 43.4240855 ], [ 141.8921144, 43.4241051 ], [ 141.8916725, 43.4240777 ] ] } },
{ "type": "Feature", "properties": { "u": 7618659627, "v": 7618659631, "key": 0, "osmid": "815757990", "highway": [ "unclassified" ], "oneway": true, "reversed": "False", "length": 144.29400950423317, "lanes": null, "name": null, "ref": null, "bridge": null, "maxspeed": null, "tunnel": null, "manual_add_candidate": true, "priority": 1 }, "geometry": { "type": "LineString", "coordinates": [ [ 141.888658600000014, 43.4268142 ], [ 141.8887685, 43.4268611 ], [ 141.888859200000013, 43.4268727 ], [ 141.8891971, 43.4268318 ], [ 141.8893286, 43.4268318 ], [ 141.8897738, 43.4267636 ], [ 141.889811400000013, 43.426748 ], [ 141.8898275, 43.426711 ], [ 141.8897953, 43.4265649 ], [ 141.8897738, 43.4265357 ], [ 141.8897068, 43.4265299 ], [ 141.8894841, 43.4265513 ] ] } },
{ "type": "Feature", "properties": { "u": 7618659631, "v": 7618659643, "key": 0, "osmid": "815757991", "highway": [ "unclassified" ], "oneway": false, "reversed": "False", "length": 192.91398850965939, "lanes": null, "name": null, "ref": null, "bridge": null, "maxspeed": null, "tunnel": null, "manual_add_candidate": true, "priority": 1 }, "geometry": { "type": "LineString", "coordinates": [ [ 141.8894841, 43.4265513 ], [ 141.8889946, 43.4248532 ] ] } },
{ "type": "Feature", "properties": { "u": 7618659631, "v": 7618659627, "key": 0, "osmid": "815757990", "highway": [ "unclassified" ], "oneway": true, "reversed": "False", "length": 77.019313562105935, "lanes": null, "name": null, "ref": null, "bridge": null, "maxspeed": null, "tunnel": null, "manual_add_candidate": true, "priority": 1 }, "geometry": { "type": "LineString", "coordinates": [ [ 141.8894841, 43.4265513 ], [ 141.8893205, 43.4265766 ], [ 141.889103299999988, 43.4266351 ], [ 141.8887278, 43.4267032 ], [ 141.888658600000014, 43.4268142 ] ] } },
{ "type": "Feature", "properties": { "u": 7618659643, "v": 7618659631, "key": 0, "osmid": "815757991", "highway": [ "unclassified" ], "oneway": false, "reversed": "True", "length": 192.91398850965939, "lanes": null, "name": null, "ref": null, "bridge": null, "maxspeed": null, "tunnel": null, "manual_add_candidate": true, "priority": 1 }, "geometry": { "type": "LineString", "coordinates": [ [ 141.8889946, 43.4248532 ], [ 141.8894841, 43.4265513 ] ] } },
{ "type": "Feature", "properties": { "u": 7618659643, "v": 7618659645, "key": 0, "osmid": "815757991", "highway": [ "unclassified" ], "oneway": false, "reversed": "False", "length": 76.786553788114432, "lanes": null, "name": null, "ref": null, "bridge": null, "maxspeed": null, "tunnel": null, "manual_add_candidate": true, "priority": 1 }, "geometry": { "type": "LineString", "coordinates": [ [ 141.8889946, 43.4248532 ], [ 141.8889169, 43.4245543 ], [ 141.888873, 43.4244542 ], [ 141.8888019, 43.4244311 ], [ 141.8884969, 43.4244691 ] ] } },
{ "type": "Feature", "properties": { "u": 7618659645, "v": 1938412823, "key": 0, "osmid": "183466124", "highway": [ "unclassified" ], "oneway": false, "reversed": "False", "length": 43.034011616407284, "lanes": null, "name": null, "ref": null, "bridge": null, "maxspeed": null, "tunnel": null, "manual_add_candidate": true, "priority": 1 }, "geometry": { "type": "LineString", "coordinates": [ [ 141.8884969, 43.4244691 ], [ 141.88838770000001, 43.4240903 ] ] } },
{ "type": "Feature", "properties": { "u": 7618659645, "v": 1938412892, "key": 0, "osmid": "183466124", "highway": [ "unclassified" ], "oneway": false, "reversed": "True", "length": 49.896639328893613, "lanes": null, "name": null, "ref": null, "bridge": null, "maxspeed": null, "tunnel": null, "manual_add_candidate": true, "priority": 1 }, "geometry": { "type": "LineString", "coordinates": [ [ 141.8884969, 43.4244691 ], [ 141.8886154, 43.4249095 ] ] } },
{ "type": "Feature", "properties": { "u": 7618659645, "v": 7618659643, "key": 0, "osmid": "815757991", "highway": [ "unclassified" ], "oneway": false, "reversed": "True", "length": 76.786553788114446, "lanes": null, "name": null, "ref": null, "bridge": null, "maxspeed": null, "tunnel": null, "manual_add_candidate": true, "priority": 1 }, "geometry": { "type": "LineString", "coordinates": [ [ 141.8884969, 43.4244691 ], [ 141.8888019, 43.4244311 ], [ 141.888873, 43.4244542 ], [ 141.8889169, 43.4245543 ], [ 141.8889946, 43.4248532 ] ] } },
{ "type": "Feature", "properties": { "u": 7618659646, "v": 7618659646, "key": 0, "osmid": "815757992", "highway": [ "unclassified" ], "oneway": true, "reversed": "False", "length": 304.08213453979249, "lanes": null, "name": null, "ref": null, "bridge": null, "maxspeed": null, "tunnel": null, "manual_add_candidate": true, "priority": 1 }, "geometry": { "type": "LineString", "coordinates": [ [ 141.8918951, 43.4263117 ], [ 141.8917471, 43.4262222 ], [ 141.890986199999986, 43.4263481 ], [ 141.8907455, 43.4263532 ], [ 141.890274799999986, 43.4264355 ], [ 141.8902359, 43.4264741 ], [ 141.8902182, 43.4265152 ], [ 141.89025, 43.4266283 ], [ 141.8902819, 43.4266565 ], [ 141.890338500000013, 43.4266643 ], [ 141.890816300000012, 43.4266026 ], [ 141.891085299999986, 43.4265306 ], [ 141.8918108, 43.4264098 ], [ 141.8918951, 43.4263117 ] ] } },
{ "type": "Feature", "properties": { "u": 7838309217, "v": 2350611965, "key": 0, "osmid": "226201622", "highway": [ "unclassified" ], "oneway": false, "reversed": "False", "length": 11.309194201423574, "lanes": null, "name": null, "ref": null, "bridge": null, "maxspeed": null, "tunnel": null, "manual_add_candidate": true, "priority": 1 }, "geometry": { "type": "LineString", "coordinates": [ [ 141.882990799999988, 43.4090016 ], [ 141.8828552, 43.4090269 ] ] } },
{ "type": "Feature", "properties": { "u": 7838309218, "v": 2350615424, "key": 0, "osmid": "226201533", "highway": [ "unclassified" ], "oneway": false, "reversed": "True", "length": 11.816218319914011, "lanes": null, "name": null, "ref": null, "bridge": null, "maxspeed": null, "tunnel": null, "manual_add_candidate": true, "priority": 1 }, "geometry": { "type": "LineString", "coordinates": [ [ 141.890673099999987, 43.4350566 ], [ 141.89052860000001, 43.4350734 ] ] } },
{ "type": "Feature", "properties": { "u": 9862936066, "v": 1938412632, "key": 0, "osmid": "183466159", "highway": [ "unclassified" ], "oneway": true, "reversed": "False", "length": 68.649565172046564, "lanes": null, "name": null, "ref": null, "bridge": null, "maxspeed": null, "tunnel": null, "manual_add_candidate": true, "priority": 1 }, "geometry": { "type": "LineString", "coordinates": [ [ 141.8868587, 43.421908 ], [ 141.8870322, 43.4219387 ], [ 141.887691, 43.4218445 ] ] } },
{ "type": "Feature", "properties": { "u": 10037905418, "v": 2350616185, "key": 0, "osmid": "1096109772", "highway": [ "unclassified" ], "oneway": false, "reversed": "True", "length": 82.56164609839945, "lanes": null, "name": null, "ref": null, "bridge": null, "maxspeed": null, "tunnel": null, "manual_add_candidate": true, "priority": 1 }, "geometry": { "type": "LineString", "coordinates": [ [ 141.870845, 43.4407561 ], [ 141.8706134, 43.4400329 ] ] } },
{ "type": "Feature", "properties": { "u": 10043621314, "v": 1938412084, "key": 0, "osmid": "183466154", "highway": [ "unclassified" ], "oneway": false, "reversed": "False", "length": 221.83008302896175, "lanes": null, "name": null, "ref": null, "bridge": null, "maxspeed": null, "tunnel": null, "manual_add_candidate": true, "priority": 1 }, "geometry": { "type": "LineString", "coordinates": [ [ 141.862708700000013, 43.4132319 ], [ 141.8633231, 43.4151763 ] ] } },
{ "type": "Feature", "properties": { "u": 10043621314, "v": 1938411948, "key": 0, "osmid": [ 183466154, 183465932, 183466214 ], "highway": [ "unclassified" ], "oneway": false, "reversed": "True", "length": 877.73368828188791, "lanes": null, "name": null, "ref": null, "bridge": "yes", "maxspeed": null, "tunnel": null, "manual_add_candidate": true, "priority": 1 }, "geometry": { "type": "LineString", "coordinates": [ [ 141.862708700000013, 43.4132319 ], [ 141.8620535, 43.4111586 ], [ 141.8617784, 43.4102879 ], [ 141.8617562, 43.4102152 ], [ 141.861607, 43.4097405 ], [ 141.861593, 43.4097012 ], [ 141.860804, 43.4068379 ], [ 141.8606681, 43.4062577 ], [ 141.860676899999987, 43.4060013 ], [ 141.8607704, 43.405727 ], [ 141.8608922, 43.4055219 ] ] } },
{ "type": "Feature", "properties": { "u": 10043621314, "v": 3010041353, "key": 0, "osmid": "226201859", "highway": [ "unclassified" ], "oneway": false, "reversed": "False", "length": 888.42300876762033, "lanes": null, "name": null, "ref": null, "bridge": null, "maxspeed": null, "tunnel": null, "manual_add_candidate": true, "priority": 1 }, "geometry": { "type": "LineString", "coordinates": [ [ 141.862708700000013, 43.4132319 ], [ 141.856572699999987, 43.414191 ], [ 141.853379, 43.41465 ], [ 141.853101, 43.4149073 ], [ 141.8533052, 43.4151627 ], [ 141.853584500000011, 43.4153552 ], [ 141.85359840000001, 43.4154119 ], [ 141.8535129, 43.4154977 ] ] } }
]
}
