{
"type": "FeatureCollection",
"name": "priority_roads_level3",
"crs": { "type": "name", "properties": { "name": "urn:ogc:def:crs:OGC:1.3:CRS84" } },
"features": [
{ "type": "Feature", "properties": { "u": 389414184, "v": 501816742, "key": 0, "osmid": "33995217", "highway": [ "trunk" ], "oneway": true, "reversed": "False", "length": 187.78270579250676, "lanes": "2", "name": "国道12号", "ref": "12", "bridge": null, "maxspeed": null, "tunnel": null, "priority": 4 }, "geometry": { "type": "LineString", "coordinates": [ [ 141.890203, 43.4334573 ], [ 141.8897847, 43.4319531 ], [ 141.8896581, 43.4318293 ] ] } },
{ "type": "Feature", "properties": { "u": 389414186, "v": 2350615424, "key": 0, "osmid": "33995218", "highway": [ "trunk" ], "oneway": true, "reversed": "False", "length": 181.29116821548146, "lanes": "2", "name": "国道12号", "ref": "12", "bridge": null, "maxspeed": null, "tunnel": null, "priority": 4 }, "geometry": { "type": "LineString", "coordinates": [ [ 141.890062699999987, 43.4334785 ], [ 141.89052860000001, 43.4350734 ] ] } },
{ "type": "Feature", "properties": { "u": 389414188, "v": 3010041389, "key": 0, "osmid": "33995217", "highway": [ "trunk" ], "oneway": true, "reversed": "False", "length": 565.35599695254405, "lanes": "2", "name": "国道12号", "ref": "12", "bridge": null, "maxspeed": null, "tunnel": null, "priority": 4 }, "geometry": { "type": "LineString", "coordinates": [ [ 141.8955627, 43.4517009 ], [ 141.894105599999989, 43.4467278 ] ] } },
{ "type": "Feature", "properties": { "u": 389414188, "v": 389414190, "key": 0, "osmid": "33995220", "highway": [ "primary" ], "oneway": false, "reversed": "True", "length": 11.327140177007102, "lanes": "2", "name": "赤平奈井江線", "ref": "114", "bridge": null, "maxspeed": null, "tunnel": null, "priority": 3 }, "geometry": { "type": "LineString", "coordinates": [ [ 141.8955627, 43.4517009 ], [ 141.895425, 43.4517205 ] ] } },
{ "type": "Feature", "properties": { "u": 389414188, "v": 2350616785, "key": 0, "osmid": [ 33995220, 33995221, 33995222 ], "highway": [ "primary" ], "oneway": false, "reversed": "False", "length": 558.17560398819035, "lanes": "2", "name": "赤平奈井江線", "ref": "114", "bridge": "yes", "maxspeed": null, "tunnel": null, "priority": 3 }, "geometry": { "type": "LineString", "coordinates": [ [ 141.8955627, 43.4517009 ], [ 141.8970123, 43.4514783 ], [ 141.8983828, 43.4512638 ], [ 141.9023291, 43.450667 ] ] } },
{ "type": "Feature", "properties": { "u": 389414190, "v": 2350616840, "key": 0, "osmid": "33995218", "highway": [ "trunk" ], "oneway": true, "reversed": "False", "length": 188.85431502837437, "lanes": "2", "name": "国道12号", "ref": "12", "bridge": null, "maxspeed": null, "tunnel": null, "priority": 4 }, "geometry": { "type": "LineString", "coordinates": [ [ 141.895425, 43.4517205 ], [ 141.895894199999987, 43.4533844 ] ] } },
{ "type": "Feature", "properties": { "u": 389414190, "v": 389414188, "key": 0, "osmid": "33995220", "highway": [ "primary" ], "oneway": false, "reversed": "False", "length": 11.327140177007102, "lanes": "2", "name": "赤平奈井江線", "ref": "114", "bridge": null, "maxspeed": null, "tunnel": null, "priority": 3 }, "geometry": { "type": "LineString", "coordinates": [ [ 141.895425, 43.4517205 ], [ 141.8955627, 43.4517009 ] ] } },
{ "type": "Feature", "properties": { "u": 389414190, "v": 3010041398, "key": 0, "osmid": "226201569", "highway": [ "tertiary" ], "oneway": false, "reversed": "False", "length": 273.09594576008851, "lanes": null, "name": null, "ref": null, "bridge": null, "maxspeed": null, "tunnel": null, "priority": 2 }, "geometry": { "type": "LineString", "coordinates": [ [ 141.895425, 43.4517205 ], [ 141.892117500000012, 43.452237 ] ] } },
{ "type": "Feature", "properties": { "u": 389414192, "v": 1938413439, "key": 0, "osmid": "183466051", "highway": [ "tertiary" ], "oneway": false, "reversed": "False", "length": 88.130921509065701, "lanes": null, "name": null, "ref": null, "bridge": null, "maxspeed": null, "tunnel": null, "priority": 2 }, "geometry": { "type": "LineString", "coordinates": [ [ 141.8866933, 43.4340389 ], [ 141.8864522, 43.4332659 ] ] } },
{ "type": "Feature", "properties": { "u": 389414192, "v": 1938413467, "key": 0, "osmid": "183466051", "highway": [ "tertiary" ], "oneway": false, "reversed": "True", "length": 377.64049310293632, "lanes": null, "name": null, "ref": null, "bridge": null, "maxspeed": null, "tunnel": null, "priority": 2 }, "geometry": { "type": "LineString", "coordinates": [ [ 141.8866933, 43.4340389 ], [ 141.887653199999988, 43.4373628 ] ] } },
{ "type": "Feature", "properties": { "u": 392661608, "v": 9862936066, "key": 0, "osmid": "72654659", "highway": [ "secondary" ], "oneway": false, "reversed": "False", "length": 11.774332926365735, "lanes": "2", "name": "砂川奈井江美唄線", "ref": "1130", "bridge": null, "maxspeed": null, "tunnel": null, "priority": 2 }, "geometry": { "type": "LineString", "coordinates": [ [ 141.886714399999988, 43.4219231 ], [ 141.8868587, 43.421908 ] ] } },
{ "type": "Feature", "properties": { "u": 392661608, "v": 1938412708, "key": 0, "osmid": "183465917", "highway": [ "trunk" ], "oneway": false, "reversed": "False", "length": 121.40110531002222, "lanes": "2", "name": "国道12号", "ref": "12", "bridge": null, "maxspeed": null, "tunnel": null, "priority": 4 }, "geometry": { "type": "LineString", "coordinates": [ [ 141.886714399999988, 43.4219231 ], [ 141.8867634, 43.4220859 ], [ 141.8870316, 43.4229903 ] ] } },
{ "type": "Feature", "properties": { "u": 392661608, "v": 1938412531, "key": 0, "osmid": "183466247", "highway": [ "trunk" ], "oneway": false, "reversed": "True", "length": 99.404213356859813, "lanes": "4", "name": "国道12号", "ref": "12", "bridge": null, "maxspeed": null, "tunnel": null, "priority": 4 }, "geometry": { "type": "LineString", "coordinates": [ [ 141.886714399999988, 43.4219231 ], [ 141.8866756, 43.4217673 ], [ 141.886467900000014, 43.4210473 ] ] } },
{ "type": "Feature", "properties": { "u": 392661608, "v": 1938412641, "key": 0, "osmid": "183466253", "highway": [ "primary" ], "oneway": false, "reversed": "True", "length": 65.243387586835155, "lanes": "2", "name": "江別奈井江線", "ref": "139", "bridge": null, "maxspeed": null, "tunnel": null, "priority": 3 }, "geometry": { "type": "LineString", "coordinates": [ [ 141.886714399999988, 43.4219231 ], [ 141.8865524, 43.421943 ], [ 141.885923100000014, 43.4220408 ] ] } },
{ "type": "Feature", "properties": { "u": 392663114, "v": 2350614834, "key": 0, "osmid": "226201526", "highway": [ "tertiary" ], "oneway": false, "reversed": "False", "length": 32.378954715842582, "lanes": null, "name": null, "ref": null, "bridge": null, "maxspeed": null, "tunnel": null, "priority": 2 }, "geometry": { "type": "LineString", "coordinates": [ [ 141.8493624, 43.4278909 ], [ 141.849215, 43.4276201 ] ] } },
{ "type": "Feature", "properties": { "u": 392663114, "v": 1938413113, "key": 0, "osmid": "34238532", "highway": [ "secondary" ], "oneway": false, "reversed": "False", "length": 276.72868905393824, "lanes": "2", "name": "奈井江浦臼線", "ref": "278", "bridge": null, "maxspeed": null, "tunnel": null, "priority": 2 }, "geometry": { "type": "LineString", "coordinates": [ [ 141.8493624, 43.4278909 ], [ 141.850154, 43.4276646 ], [ 141.850826, 43.4275225 ], [ 141.852661, 43.4272387 ] ] } },
{ "type": "Feature", "properties": { "u": 392663114, "v": 392663124, "key": 0, "osmid": "34238532", "highway": [ "secondary" ], "oneway": false, "reversed": "True", "length": 151.68239019856057, "lanes": "2", "name": "奈井江浦臼線", "ref": "278", "bridge": null, "maxspeed": null, "tunnel": null, "priority": 2 }, "geometry": { "type": "LineString", "coordinates": [ [ 141.8493624, 43.4278909 ], [ 141.84901, 43.4280461 ], [ 141.8484923, 43.4282769 ], [ 141.8479477, 43.4285784 ], [ 141.8478111, 43.4286566 ] ] } },
{ "type": "Feature", "properties": { "u": 392663124, "v": 392663114, "key": 0, "osmid": "34238532", "highway": [ "secondary" ], "oneway": false, "reversed": "False", "length": 151.6823901985606, "lanes": "2", "name": "奈井江浦臼線", "ref": "278", "bridge": null, "maxspeed": null, "tunnel": null, "priority": 2 }, "geometry": { "type": "LineString", "coordinates": [ [ 141.8478111, 43.4286566 ], [ 141.8479477, 43.4285784 ], [ 141.8484923, 43.4282769 ], [ 141.84901, 43.4280461 ], [ 141.8493624, 43.4278909 ] ] } },
{ "type": "Feature", "properties": { "u": 392663125, "v": 2350614082, "key": 0, "osmid": "183466250", "highway": [ "primary" ], "oneway": false, "reversed": "True", "length": 329.8163341430589, "lanes": "2", "name": "江別奈井江線", "ref": "139", "bridge": null, "maxspeed": null, "tunnel": null, "priority": 3 }, "geometry": { "type": "LineString", "coordinates": [ [ 141.8662005, 43.4251086 ], [ 141.865365200000014, 43.4222052 ] ] } },
{ "type": "Feature", "properties": { "u": 392663125, "v": 3010041357, "key": 0, "osmid": [ 34238532, 183466254, 183466255 ], "highway": [ "secondary" ], "oneway": false, "reversed": "True", "length": 548.29166537506967, "lanes": "2", "name": "奈井江浦臼線", "ref": "278", "bridge": "yes", "maxspeed": null, "tunnel": null, "priority": 2 }, "geometry": { "type": "LineString", "coordinates": [ [ 141.8662005, 43.4251086 ], [ 141.8637957, 43.4254891 ], [ 141.8635716, 43.4255236 ], [ 141.8630842, 43.4255986 ], [ 141.8629903, 43.4256131 ], [ 141.859565, 43.4261524 ] ] } },
{ "type": "Feature", "properties": { "u": 392663125, "v": 1938412811, "key": 0, "osmid": "1239777062", "highway": [ "primary" ], "oneway": false, "reversed": "False", "length": 566.59176593073812, "lanes": "2", "name": "江別奈井江線", "ref": "139", "bridge": null, "maxspeed": null, "tunnel": null, "priority": 3 }, "geometry": { "type": "LineString", "coordinates": [ [ 141.8662005, 43.4251086 ], [ 141.8695591, 43.4245684 ], [ 141.873059899999987, 43.424039 ] ] } },
{ "type": "Feature", "properties": { "u": 501816742, "v": 1938413370, "key": 0, "osmid": "815757987", "highway": [ "trunk" ], "oneway": false, "reversed": "True", "length": 106.39926896894194, "lanes": "2", "name": "国道12号", "ref": "12", "bridge": null, "maxspeed": null, "tunnel": null, "priority": 4 }, "geometry": { "type": "LineString", "coordinates": [ [ 141.8896581, 43.4318293 ], [ 141.889353199999988, 43.4308984 ] ] } },
{ "type": "Feature", "properties": { "u": 501816742, "v": 389414186, "key": 0, "osmid": "33995218", "highway": [ "trunk" ], "oneway": true, "reversed": "False", "length": 187.13398008295738, "lanes": "2", "name": "国道12号", "ref": "12", "bridge": null, "maxspeed": null, "tunnel": null, "priority": 4 }, "geometry": { "type": "LineString", "coordinates": [ [ 141.8896581, 43.4318293 ], [ 141.8896312, 43.4319847 ], [ 141.890062699999987, 43.4334785 ] ] } },
{ "type": "Feature", "properties": { "u": 501824711, "v": 2350614082, "key": 0, "osmid": "183466250", "highway": [ "primary" ], "oneway": false, "reversed": "False", "length": 229.70491827680394, "lanes": "2", "name": "江別奈井江線", "ref": "139", "bridge": null, "maxspeed": null, "tunnel": null, "priority": 3 }, "geometry": { "type": "LineString", "coordinates": [ [ 141.8645473, 43.420273 ], [ 141.8646826, 43.4203476 ], [ 141.864824700000014, 43.4204639 ], [ 141.8649026, 43.4206113 ], [ 141.8650515, 43.4210856 ], [ 141.865365200000014, 43.4222052 ] ] } },
{ "type": "Feature", "properties": { "u": 501824711, "v": 501824718, "key": 0, "osmid": "183466250", "highway": [ "primary" ], "oneway": false, "reversed": "True", "length": 940.00333695352208, "lanes": "2", "name": "江別奈井江線", "ref": "139", "bridge": null, "maxspeed": null, "tunnel": null, "priority": 3 }, "geometry": { "type": "LineString", "coordinates": [ [ 141.8645473, 43.420273 ], [ 141.8643875, 43.4202393 ], [ 141.8641992, 43.4202316 ], [ 141.8622712, 43.4205161 ], [ 141.8620936, 43.4205152 ], [ 141.861882400000013, 43.4204863 ], [ 141.861664, 43.4204108 ], [ 141.8602396, 43.419659 ], [ 141.8582476, 43.4185864 ], [ 141.858007, 43.4184568 ], [ 141.8561406, 43.417207 ], [ 141.85495, 43.416427 ] ] } },
{ "type": "Feature", "properties": { "u": 501824718, "v": 3010041353, "key": 0, "osmid": "183466250", "highway": [ "primary" ], "oneway": false, "reversed": "True", "length": 155.40661946348592, "lanes": "2", "name": "江別奈井江線", "ref": "139", "bridge": null, "maxspeed": null, "tunnel": null, "priority": 3 }, "geometry": { "type": "LineString", "coordinates": [ [ 141.85495, 43.416427 ], [ 141.8535129, 43.4154977 ] ] } },
{ "type": "Feature", "properties": { "u": 501824718, "v": 501824711, "key": 0, "osmid": "183466250", "highway": [ "primary" ], "oneway": false, "reversed": "False", "length": 940.00333695352219, "lanes": "2", "name": "江別奈井江線", "ref": "139", "bridge": null, "maxspeed": null, "tunnel": null, "priority": 3 }, "geometry": { "type": "LineString", "coordinates": [ [ 141.85495, 43.416427 ], [ 141.8561406, 43.417207 ], [ 141.858007, 43.4184568 ], [ 141.8582476, 43.4185864 ], [ 141.8602396, 43.419659 ], [ 141.861664, 43.4204108 ], [ 141.861882400000013, 43.4204863 ], [ 141.8620936, 43.4205152 ], [ 141.8622712, 43.4205161 ], [ 141.8641992, 43.4202316 ], [ 141.8643875, 43.4202393 ], [ 141.8645473, 43.420273 ] ] } },
{ "type": "Feature", "properties": { "u": 501824726, "v": 2350612765, "key": 0, "osmid": "1494117417", "highway": [ "primary" ], "oneway": false, "reversed": "False", "length": 784.87547182032438, "lanes": "2", "name": "江別奈井江線", "ref": "139", "bridge": null, "maxspeed": null, "tunnel": null, "priority": 3 }, "geometry": { "type": "LineString", "coordinates": [ [ 141.8422165, 43.408044 ], [ 141.8430515, 43.4086294 ], [ 141.843221199999988, 43.4088351 ], [ 141.8435206, 43.4093642 ], [ 141.8443877, 43.4111237 ], [ 141.844473, 43.4112535 ], [ 141.8445597, 43.4113449 ], [ 141.844715, 43.4114542 ], [ 141.8448486, 43.4115292 ], [ 141.848170399999987, 43.4129508 ], [ 141.848412599999989, 43.413045 ] ] } },
{ "type": "Feature", "properties": { "u": 501824726, "v": 2350611834, "key": 0, "osmid": "1494117417", "highway": [ "primary" ], "oneway": false, "reversed": "True", "length": 289.96667127619264, "lanes": "2", "name": "江別奈井江線", "ref": "139", "bridge": null, "maxspeed": null, "tunnel": null, "priority": 3 }, "geometry": { "type": "LineString", "coordinates": [ [ 141.8422165, 43.408044 ], [ 141.840487200000013, 43.406858 ], [ 141.8400811, 43.4066951 ], [ 141.83937, 43.4065278 ] ] } },
{ "type": "Feature", "properties": { "u": 862583743, "v": 1938412323, "key": 0, "osmid": "183466122", "highway": [ "secondary" ], "oneway": false, "reversed": "False", "length": 561.00801242467537, "lanes": null, "name": "東奈井江奈井江停車場線", "ref": "529", "bridge": null, "maxspeed": null, "tunnel": null, "priority": 2 }, "geometry": { "type": "LineString", "coordinates": [ [ 141.9004083, 43.4198077 ], [ 141.9071949, 43.4187327 ] ] } },
{ "type": "Feature", "properties": { "u": 862583743, "v": 1938412460, "key": 0, "osmid": "183466235", "highway": [ "tertiary" ], "oneway": false, "reversed": "True", "length": 251.76942394746922, "lanes": "2", "name": null, "ref": null, "bridge": null, "maxspeed": null, "tunnel": null, "priority": 2 }, "geometry": { "type": "LineString", "coordinates": [ [ 141.9004083, 43.4198077 ], [ 141.897357199999988, 43.4202719 ] ] } },
{ "type": "Feature", "properties": { "u": 862583743, "v": 1938412703, "key": 0, "osmid": "806280803", "highway": [ "secondary" ], "oneway": false, "reversed": "False", "length": 350.80883562819326, "lanes": null, "name": "砂川奈井江美唄線", "ref": "1130", "bridge": null, "maxspeed": null, "tunnel": null, "priority": 2 }, "geometry": { "type": "LineString", "coordinates": [ [ 141.9004083, 43.4198077 ], [ 141.9013246, 43.4228916 ] ] } },
{ "type": "Feature", "properties": { "u": 862583743, "v": 2350612959, "key": 0, "osmid": [ 226201362, 226201363, 226201364, 236724213 ], "highway": [ "secondary" ], "oneway": false, "reversed": "True", "length": 563.93023976713289, "lanes": null, "name": "砂川奈井江美唄線", "ref": "1130", "bridge": "yes", "maxspeed": null, "tunnel": null, "priority": 2 }, "geometry": { "type": "LineString", "coordinates": [ [ 141.9004083, 43.4198077 ], [ 141.9001212, 43.4189271 ], [ 141.900086499999986, 43.4188141 ], [ 141.900003, 43.4185244 ], [ 141.898932300000013, 43.414851 ] ] } },
{ "type": "Feature", "properties": { "u": 862583771, "v": 1938413596, "key": 0, "osmid": "33995222", "highway": [ "primary" ], "oneway": false, "reversed": "False", "length": 288.26111619571526, "lanes": "2", "name": "赤平奈井江線", "ref": "114", "bridge": null, "maxspeed": null, "tunnel": null, "priority": 3 }, "geometry": { "type": "LineString", "coordinates": [ [ 141.90916, 43.4495949 ], [ 141.9126488, 43.4490423 ] ] } },
{ "type": "Feature", "properties": { "u": 862583771, "v": 2350616778, "key": 0, "osmid": "33995222", "highway": [ "primary" ], "oneway": false, "reversed": "True", "length": 419.2801607275635, "lanes": "2", "name": "赤平奈井江線", "ref": "114", "bridge": null, "maxspeed": null, "tunnel": null, "priority": 3 }, "geometry": { "type": "LineString", "coordinates": [ [ 141.90916, 43.4495949 ], [ 141.9040784, 43.4503749 ] ] } },
{ "type": "Feature", "properties": { "u": 862583771, "v": 2350616850, "key": 0, "osmid": [ 436199696, 761607737, 761607736 ], "highway": [ "secondary" ], "oneway": false, "reversed": "False", "length": 561.97143093257284, "lanes": null, "name": "砂川奈井江美唄線", "ref": "1130", "bridge": "yes", "maxspeed": null, "tunnel": null, "priority": 2 }, "geometry": { "type": "LineString", "coordinates": [ [ 141.90916, 43.4495949 ], [ 141.909297, 43.4501183 ], [ 141.909463499999987, 43.4506901 ], [ 141.9106172, 43.4545367 ] ] } },
{ "type": "Feature", "properties": { "u": 862583771, "v": 2350616664, "key": 0, "osmid": [ 436199696, 806280802, 436199695 ], "highway": [ "secondary" ], "oneway": false, "reversed": "True", "length": 398.24001882144455, "lanes": null, "name": "砂川奈井江美唄線", "ref": "1130", "bridge": "yes", "maxspeed": null, "tunnel": null, "priority": 2 }, "geometry": { "type": "LineString", "coordinates": [ [ 141.90916, 43.4495949 ], [ 141.908234, 43.4465157 ], [ 141.9081549, 43.4462438 ], [ 141.9081095, 43.4460956 ] ] } },
{ "type": "Feature", "properties": { "u": 1726858723, "v": 1726858725, "key": 0, "osmid": "226201512", "highway": [ "tertiary" ], "oneway": false, "reversed": "True", "length": 39.678797220859778, "lanes": null, "name": null, "ref": null, "bridge": null, "maxspeed": null, "tunnel": null, "priority": 2 }, "geometry": { "type": "LineString", "coordinates": [ [ 141.8922561, 43.4574059 ], [ 141.8917754, 43.4574806 ] ] } },
{ "type": "Feature", "properties": { "u": 1726858723, "v": 3010041399, "key": 0, "osmid": "226201613", "highway": [ "tertiary" ], "oneway": false, "reversed": "False", "length": 108.30597989279241, "lanes": null, "name": null, "ref": null, "bridge": null, "maxspeed": null, "tunnel": null, "priority": 2 }, "geometry": { "type": "LineString", "coordinates": [ [ 141.8922561, 43.4574059 ], [ 141.8935682, 43.457202 ] ] } },
{ "type": "Feature", "properties": { "u": 1726858725, "v": 1726858723, "key": 0, "osmid": "226201512", "highway": [ "tertiary" ], "oneway": false, "reversed": "False", "length": 39.678797220859778, "lanes": null, "name": null, "ref": null, "bridge": null, "maxspeed": null, "tunnel": null, "priority": 2 }, "geometry": { "type": "LineString", "coordinates": [ [ 141.8917754, 43.4574806 ], [ 141.8922561, 43.4574059 ] ] } },
{ "type": "Feature", "properties": { "u": 1726858725, "v": 1726858730, "key": 0, "osmid": "226201581", "highway": [ "tertiary" ], "oneway": false, "reversed": "False", "length": 73.908562487499154, "lanes": null, "name": null, "ref": null, "bridge": null, "maxspeed": null, "tunnel": null, "priority": 2 }, "geometry": { "type": "LineString", "coordinates": [ [ 141.8917754, 43.4574806 ], [ 141.89088, 43.4576197 ] ] } },
{ "type": "Feature", "properties": { "u": 1726858730, "v": 1726858734, "key": 0, "osmid": "226201498", "highway": [ "tertiary" ], "oneway": false, "reversed": "False", "length": 64.862381917911605, "lanes": null, "name": null, "ref": null, "bridge": null, "maxspeed": null, "tunnel": null, "priority": 2 }, "geometry": { "type": "LineString", "coordinates": [ [ 141.89088, 43.4576197 ], [ 141.8900942, 43.4577418 ] ] } },
{ "type": "Feature", "properties": { "u": 1726858730, "v": 1726858725, "key": 0, "osmid": "226201581", "highway": [ "tertiary" ], "oneway": false, "reversed": "True", "length": 73.908562487499154, "lanes": null, "name": null, "ref": null, "bridge": null, "maxspeed": null, "tunnel": null, "priority": 2 }, "geometry": { "type": "LineString", "coordinates": [ [ 141.89088, 43.4576197 ], [ 141.8917754, 43.4574806 ] ] } },
{ "type": "Feature", "properties": { "u": 1726858734, "v": 2350616864, "key": 0, "osmid": "183466045", "highway": [ "tertiary" ], "oneway": false, "reversed": "False", "length": 187.45507629962739, "lanes": null, "name": null, "ref": null, "bridge": null, "maxspeed": null, "tunnel": null, "priority": 2 }, "geometry": { "type": "LineString", "coordinates": [ [ 141.8900942, 43.4577418 ], [ 141.889599299999986, 43.4560947 ] ] } },
{ "type": "Feature", "properties": { "u": 1726858734, "v": 1726858730, "key": 0, "osmid": "226201498", "highway": [ "tertiary" ], "oneway": false, "reversed": "True", "length": 64.862381917911605, "lanes": null, "name": null, "ref": null, "bridge": null, "maxspeed": null, "tunnel": null, "priority": 2 }, "geometry": { "type": "LineString", "coordinates": [ [ 141.8900942, 43.4577418 ], [ 141.89088, 43.4576197 ] ] } },
{ "type": "Feature", "properties": { "u": 1726858734, "v": 1726858738, "key": 0, "osmid": "226201527", "highway": [ "tertiary" ], "oneway": false, "reversed": "True", "length": 80.959291387743377, "lanes": null, "name": null, "ref": null, "bridge": null, "maxspeed": null, "tunnel": null, "priority": 2 }, "geometry": { "type": "LineString", "coordinates": [ [ 141.8900942, 43.4577418 ], [ 141.8891138, 43.4578956 ] ] } },
{ "type": "Feature", "properties": { "u": 1726858738, "v": 1726858754, "key": 0, "osmid": "160638631", "highway": [ "tertiary" ], "oneway": false, "reversed": "True", "length": 41.693320543055684, "lanes": null, "name": null, "ref": null, "bridge": null, "maxspeed": null, "tunnel": null, "priority": 2 }, "geometry": { "type": "LineString", "coordinates": [ [ 141.8891138, 43.4578956 ], [ 141.8886089, 43.4579748 ] ] } },
{ "type": "Feature", "properties": { "u": 1726858738, "v": 1726858734, "key": 0, "osmid": "226201527", "highway": [ "tertiary" ], "oneway": false, "reversed": "False", "length": 80.959291387743377, "lanes": null, "name": null, "ref": null, "bridge": null, "maxspeed": null, "tunnel": null, "priority": 2 }, "geometry": { "type": "LineString", "coordinates": [ [ 141.8891138, 43.4578956 ], [ 141.8900942, 43.4577418 ] ] } },
{ "type": "Feature", "properties": { "u": 1726858754, "v": 1726858738, "key": 0, "osmid": "160638631", "highway": [ "tertiary" ], "oneway": false, "reversed": "False", "length": 41.693320543055684, "lanes": null, "name": null, "ref": null, "bridge": null, "maxspeed": null, "tunnel": null, "priority": 2 }, "geometry": { "type": "LineString", "coordinates": [ [ 141.8886089, 43.4579748 ], [ 141.8891138, 43.4578956 ] ] } },
{ "type": "Feature", "properties": { "u": 1726858754, "v": 1726858757, "key": 0, "osmid": "160638717", "highway": [ "tertiary" ], "oneway": false, "reversed": "True", "length": 43.270585489516883, "lanes": null, "name": null, "ref": null, "bridge": null, "maxspeed": null, "tunnel": null, "priority": 2 }, "geometry": { "type": "LineString", "coordinates": [ [ 141.8886089, 43.4579748 ], [ 141.8880849, 43.458057 ] ] } },
{ "type": "Feature", "properties": { "u": 1726858757, "v": 1726858754, "key": 0, "osmid": "160638717", "highway": [ "tertiary" ], "oneway": false, "reversed": "False", "length": 43.270585489516883, "lanes": null, "name": null, "ref": null, "bridge": null, "maxspeed": null, "tunnel": null, "priority": 2 }, "geometry": { "type": "LineString", "coordinates": [ [ 141.8880849, 43.458057 ], [ 141.8886089, 43.4579748 ] ] } },
{ "type": "Feature", "properties": { "u": 1726858757, "v": 2350616868, "key": 0, "osmid": [ 160638660, 183466078 ], "highway": "['tertiary' 'unclassified']", "oneway": false, "reversed": [ false, true ], "length": 596.41806367551601, "lanes": null, "name": null, "ref": null, "bridge": null, "maxspeed": null, "tunnel": null, "priority": 2 }, "geometry": { "type": "LineString", "coordinates": [ [ 141.8880849, 43.458057 ], [ 141.883179899999988, 43.4588263 ], [ 141.8827148, 43.4571386 ] ] } },
{ "type": "Feature", "properties": { "u": 1938411876, "v": 1938411937, "key": 0, "osmid": "183466212", "highway": [ "secondary" ], "oneway": false, "reversed": "True", "length": 569.27418727327267, "lanes": null, "name": "砂川奈井江美唄線", "ref": "1130", "bridge": null, "maxspeed": "60", "tunnel": null, "priority": 2 }, "geometry": { "type": "LineString", "coordinates": [ [ 141.8962875, 43.3996833 ], [ 141.897302200000013, 43.403419 ], [ 141.8977007, 43.4046985 ] ] } },
{ "type": "Feature", "properties": { "u": 1938411880, "v": 2350611775, "key": 0, "osmid": "226201414", "highway": [ "residential" ], "oneway": false, "reversed": "False", "length": 589.55661487644477, "lanes": null, "name": null, "ref": null, "bridge": null, "maxspeed": null, "tunnel": null, "priority": 1 }, "geometry": { "type": "LineString", "coordinates": [ [ 141.8904851, 43.4005799 ], [ 141.890762, 43.401605 ], [ 141.890792, 43.401757 ], [ 141.890792, 43.401988 ], [ 141.890739, 43.402179 ], [ 141.890646, 43.40237 ], [ 141.890477, 43.402608 ], [ 141.890284, 43.402855 ], [ 141.890267, 43.402923 ], [ 141.890299, 43.403053 ], [ 141.890422, 43.403458 ], [ 141.8910912, 43.4057138 ] ] } },
{ "type": "Feature", "properties": { "u": 1938411892, "v": 1938411942, "key": 0, "osmid": "426223672", "highway": [ "trunk" ], "oneway": true, "reversed": "False", "length": 317.23842736122231, "lanes": "2", "name": "国道12号", "ref": "12", "bridge": null, "maxspeed": "50", "tunnel": null, "priority": 4 }, "geometry": { "type": "LineString", "coordinates": [ [ 141.880842800000011, 43.4020847 ], [ 141.8816392, 43.4048784 ] ] } },
{ "type": "Feature", "properties": { "u": 1938411937, "v": 1938411876, "key": 0, "osmid": "183466212", "highway": [ "secondary" ], "oneway": false, "reversed": "False", "length": 569.27418727327267, "lanes": null, "name": "砂川奈井江美唄線", "ref": "1130", "bridge": null, "maxspeed": "60", "tunnel": null, "priority": 2 }, "geometry": { "type": "LineString", "coordinates": [ [ 141.8977007, 43.4046985 ], [ 141.897302200000013, 43.403419 ], [ 141.8962875, 43.3996833 ] ] } },
{ "type": "Feature", "properties": { "u": 1938411937, "v": 1938412009, "key": 0, "osmid": "183466212", "highway": [ "secondary" ], "oneway": false, "reversed": "True", "length": 563.6179951537838, "lanes": null, "name": "砂川奈井江美唄線", "ref": "1130", "bridge": null, "maxspeed": "60", "tunnel": null, "priority": 2 }, "geometry": { "type": "LineString", "coordinates": [ [ 141.8977007, 43.4046985 ], [ 141.8985473, 43.4072154 ], [ 141.8993783, 43.4096185 ] ] } },
{ "type": "Feature", "properties": { "u": 1938411937, "v": 2350611556, "key": 0, "osmid": [ 226201537, 226201507 ], "highway": "['unclassified' 'residential']", "oneway": false, "reversed": "True", "length": 410.03407625082531, "lanes": null, "name": null, "ref": null, "bridge": null, "maxspeed": null, "tunnel": null, "priority": 1 }, "geometry": { "type": "LineString", "coordinates": [ [ 141.8977007, 43.4046985 ], [ 141.9021373, 43.4039917 ], [ 141.902659199999988, 43.4039111 ] ] } },
{ "type": "Feature", "properties": { "u": 1938411939, "v": 1938411889, "key": 0, "osmid": "682230201", "highway": [ "trunk" ], "oneway": true, "reversed": "False", "length": 318.11549463633435, "lanes": "2", "name": "国道12号", "ref": "12", "bridge": null, "maxspeed": "50", "tunnel": null, "priority": 4 }, "geometry": { "type": "LineString", "coordinates": [ [ 141.8817602, 43.4048596 ], [ 141.8809708, 43.4020568 ] ] } },
{ "type": "Feature", "properties": { "u": 1938411942, "v": 2350611965, "key": 0, "osmid": [ 426223672, 183466248, 426223671 ], "highway": [ "trunk" ], "oneway": true, "reversed": "False", "length": 471.636076889945, "lanes": "2", "name": "国道12号", "ref": "12", "bridge": "yes", "maxspeed": "50", "tunnel": null, "priority": 4 }, "geometry": { "type": "LineString", "coordinates": [ [ 141.8816392, 43.4048784 ], [ 141.8819674, 43.4060042 ], [ 141.8821, 43.406459 ], [ 141.8828552, 43.4090269 ] ] } },
{ "type": "Feature", "properties": { "u": 1938412005, "v": 2350611907, "key": 0, "osmid": [ 226201696, 226201686 ], "highway": [ "residential" ], "oneway": false, "reversed": "False", "length": 213.58790469690982, "lanes": null, "name": null, "ref": null, "bridge": null, "maxspeed": null, "tunnel": "yes", "priority": 1 }, "geometry": { "type": "LineString", "coordinates": [ [ 141.905362, 43.408641 ], [ 141.906675, 43.408427 ], [ 141.90724, 43.408335 ], [ 141.9079355, 43.4082014 ] ] } },
{ "type": "Feature", "properties": { "u": 1938412005, "v": 2350611556, "key": 0, "osmid": [ 226201772, 226201855 ], "highway": [ "residential" ], "oneway": false, "reversed": "True", "length": 582.28962038732755, "lanes": null, "name": null, "ref": null, "bridge": null, "maxspeed": null, "tunnel": null, "priority": 1 }, "geometry": { "type": "LineString", "coordinates": [ [ 141.905362, 43.408641 ], [ 141.904917, 43.407566 ], [ 141.904693, 43.40702 ], [ 141.904346, 43.406197 ], [ 141.904032300000011, 43.4055601 ], [ 141.903839, 43.4054574 ], [ 141.903474100000011, 43.4044896 ], [ 141.903311699999989, 43.4043997 ], [ 141.9029758, 43.404169 ], [ 141.902659199999988, 43.4039111 ] ] } },
{ "type": "Feature", "properties": { "u": 1938412009, "v": 2350612810, "key": 0, "osmid": "183466212", "highway": [ "secondary" ], "oneway": false, "reversed": "True", "length": 457.50314271169788, "lanes": null, "name": "砂川奈井江美唄線", "ref": "1130", "bridge": null, "maxspeed": "60", "tunnel": null, "priority": 2 }, "geometry": { "type": "LineString", "coordinates": [ [ 141.8993783, 43.4096185 ], [ 141.9006799, 43.4136228 ] ] } },
{ "type": "Feature", "properties": { "u": 1938412009, "v": 1938411937, "key": 0, "osmid": "183466212", "highway": [ "secondary" ], "oneway": false, "reversed": "False", "length": 563.6179951537838, "lanes": null, "name": "砂川奈井江美唄線", "ref": "1130", "bridge": null, "maxspeed": "60", "tunnel": null, "priority": 2 }, "geometry": { "type": "LineString", "coordinates": [ [ 141.8993783, 43.4096185 ], [ 141.8985473, 43.4072154 ], [ 141.8977007, 43.4046985 ] ] } },
{ "type": "Feature", "properties": { "u": 1938412034, "v": 7838309217, "key": 0, "osmid": "34238297", "highway": [ "trunk" ], "oneway": true, "reversed": "False", "length": 341.12252105391354, "lanes": "2", "name": "国道12号", "ref": "12", "bridge": null, "maxspeed": null, "tunnel": null, "priority": 4 }, "geometry": { "type": "LineString", "coordinates": [ [ 141.883879400000012, 43.4120007 ], [ 141.882990799999988, 43.4090016 ] ] } },
{ "type": "Feature", "properties": { "u": 1938412036, "v": 1938412163, "key": 0, "osmid": "183466248", "highway": [ "trunk" ], "oneway": true, "reversed": "False", "length": 563.7577695775725, "lanes": "2", "name": "国道12号", "ref": "12", "bridge": null, "maxspeed": null, "tunnel": null, "priority": 4 }, "geometry": { "type": "LineString", "coordinates": [ [ 141.8837464, 43.4120208 ], [ 141.885167599999988, 43.4168444 ], [ 141.8852822, 43.4169534 ] ] } },
{ "type": "Feature", "properties": { "u": 1938412075, "v": 2350612765, "key": 0, "osmid": "1494117417", "highway": [ "primary" ], "oneway": false, "reversed": "True", "length": 230.62884336011336, "lanes": "2", "name": "江別奈井江線", "ref": "139", "bridge": null, "maxspeed": null, "tunnel": null, "priority": 3 }, "geometry": { "type": "LineString", "coordinates": [ [ 141.8508747, 43.4140953 ], [ 141.848412599999989, 43.413045 ] ] } },
{ "type": "Feature", "properties": { "u": 1938412075, "v": 3010041353, "key": 0, "osmid": [ 1494117417, 183466250, 183466251 ], "highway": [ "primary" ], "oneway": false, "reversed": "False", "length": 264.09878127330387, "lanes": "2", "name": "江別奈井江線", "ref": "139", "bridge": "yes", "maxspeed": null, "tunnel": null, "priority": 3 }, "geometry": { "type": "LineString", "coordinates": [ [ 141.8508747, 43.4140953 ], [ 141.851515799999987, 43.4144273 ], [ 141.8516076, 43.4144782 ], [ 141.852337799999987, 43.4148521 ], [ 141.852469899999988, 43.4149193 ], [ 141.8535129, 43.4154977 ] ] } },
{ "type": "Feature", "properties": { "u": 1938412079, "v": 2350612810, "key": 0, "osmid": "183466212", "highway": [ "secondary" ], "oneway": false, "reversed": "False", "length": 100.87207009989108, "lanes": null, "name": "砂川奈井江美唄線", "ref": "1130", "bridge": null, "maxspeed": "60", "tunnel": null, "priority": 2 }, "geometry": { "type": "LineString", "coordinates": [ [ 141.9009771, 43.4145039 ], [ 141.9006799, 43.4136228 ] ] } },
{ "type": "Feature", "properties": { "u": 1938412079, "v": 2350612959, "key": 0, "osmid": "236724212", "highway": [ "secondary" ], "oneway": false, "reversed": "False", "length": 169.61216808477639, "lanes": null, "name": "砂川奈井江美唄線", "ref": "1130", "bridge": null, "maxspeed": null, "tunnel": null, "priority": 2 }, "geometry": { "type": "LineString", "coordinates": [ [ 141.9009771, 43.4145039 ], [ 141.898932300000013, 43.414851 ] ] } },
{ "type": "Feature", "properties": { "u": 1938412163, "v": 1938412244, "key": 0, "osmid": "34238293", "highway": [ "trunk" ], "oneway": false, "reversed": "False", "length": 98.543814569709184, "lanes": "4", "name": "国道12号", "ref": "12", "bridge": null, "maxspeed": null, "tunnel": null, "priority": 4 }, "geometry": { "type": "LineString", "coordinates": [ [ 141.8852822, 43.4169534 ], [ 141.8855513, 43.4178178 ] ] } },
{ "type": "Feature", "properties": { "u": 1938412163, "v": 1938412034, "key": 0, "osmid": "34238297", "highway": [ "trunk" ], "oneway": true, "reversed": "False", "length": 563.11339888624855, "lanes": "2", "name": "国道12号", "ref": "12", "bridge": null, "maxspeed": null, "tunnel": null, "priority": 4 }, "geometry": { "type": "LineString", "coordinates": [ [ 141.8852822, 43.4169534 ], [ 141.885307, 43.416822 ], [ 141.883879400000012, 43.4120007 ] ] } },
{ "type": "Feature", "properties": { "u": 1938412244, "v": 1938412320, "key": 0, "osmid": "34238293", "highway": [ "trunk" ], "oneway": false, "reversed": "False", "length": 92.134138957619854, "lanes": "4", "name": "国道12号", "ref": "12", "bridge": null, "maxspeed": null, "tunnel": null, "priority": 4 }, "geometry": { "type": "LineString", "coordinates": [ [ 141.8855513, 43.4178178 ], [ 141.885785700000014, 43.4186287 ] ] } },
{ "type": "Feature", "properties": { "u": 1938412244, "v": 1938412163, "key": 0, "osmid": "34238293", "highway": [ "trunk" ], "oneway": false, "reversed": "True", "length": 98.543814569709184, "lanes": "4", "name": "国道12号", "ref": "12", "bridge": null, "maxspeed": null, "tunnel": null, "priority": 4 }, "geometry": { "type": "LineString", "coordinates": [ [ 141.8855513, 43.4178178 ], [ 141.8852822, 43.4169534 ] ] } },
{ "type": "Feature", "properties": { "u": 1938412320, "v": 1938412244, "key": 0, "osmid": "34238293", "highway": [ "trunk" ], "oneway": false, "reversed": "True", "length": 92.134138957619854, "lanes": "4", "name": "国道12号", "ref": "12", "bridge": null, "maxspeed": null, "tunnel": null, "priority": 4 }, "geometry": { "type": "LineString", "coordinates": [ [ 141.885785700000014, 43.4186287 ], [ 141.8855513, 43.4178178 ] ] } },
{ "type": "Feature", "properties": { "u": 1938412320, "v": 1938412467, "key": 0, "osmid": [ 183466245, 34238293, 183466247 ], "highway": [ "trunk" ], "oneway": false, "reversed": "False", "length": 193.17445011901242, "lanes": "4", "name": "国道12号", "ref": "12", "bridge": "yes", "maxspeed": null, "tunnel": null, "priority": 4 }, "geometry": { "type": "LineString", "coordinates": [ [ 141.885785700000014, 43.4186287 ], [ 141.8860161, 43.4194151 ], [ 141.886144699999988, 43.4198895 ], [ 141.8862748, 43.4203292 ] ] } },
{ "type": "Feature", "properties": { "u": 1938412323, "v": 862583743, "key": 0, "osmid": "183466122", "highway": [ "secondary" ], "oneway": false, "reversed": "True", "length": 561.00801242467537, "lanes": null, "name": "東奈井江奈井江停車場線", "ref": "529", "bridge": null, "maxspeed": null, "tunnel": null, "priority": 2 }, "geometry": { "type": "LineString", "coordinates": [ [ 141.9071949, 43.4187327 ], [ 141.9004083, 43.4198077 ] ] } },
{ "type": "Feature", "properties": { "u": 1938412323, "v": 2350610481, "key": 0, "osmid": [ 226201347, 183465956, 226201348, 226201351, 226201352, 183466122, 226201354, 226201356, 226201357, 226201358, 226201322, 226201328, 183466166, 226201341 ], "highway": [ "secondary" ], "oneway": false, "reversed": [ false, true ], "length": 8262.1316306254867, "lanes": null, "name": "東奈井江奈井江停車場線", "ref": "529", "bridge": "yes", "maxspeed": null, "tunnel": "yes", "priority": 2 }, "geometry": { "type": "LineString", "coordinates": [ [ 141.9071949, 43.4187327 ], [ 141.9107994, 43.4181774 ], [ 141.9112451, 43.418126 ], [ 141.9116479, 43.4180646 ], [ 141.9121705, 43.4178677 ], [ 141.912623599999989, 43.4175289 ], [ 141.913349, 43.417177 ], [ 141.913466, 43.416928 ], [ 141.913469, 43.41688 ], [ 141.913494, 43.416833 ], [ 141.913544, 43.416783 ], [ 141.913614, 43.416738 ], [ 141.913776, 43.416677 ], [ 141.913991, 43.416632 ], [ 141.914215, 43.416608 ], [ 141.914601, 43.416608 ], [ 141.915271, 43.41667 ], [ 141.91568, 43.416682 ], [ 141.916042, 43.416732 ], [ 141.916304, 43.416795 ], [ 141.91659, 43.416878 ], [ 141.917098, 43.417065 ], [ 141.917183, 43.417087 ], [ 141.917422, 43.417115 ], [ 141.917584, 43.417103 ], [ 141.917993, 43.417037 ], [ 141.918463, 43.41698 ], [ 141.918702, 43.416968 ], [ 141.919118, 43.41693 ], [ 141.920745, 43.416803 ], [ 141.921708, 43.416721 ], [ 141.921955, 43.41666 ], [ 141.922032, 43.416626 ], [ 141.92214, 43.416531 ], [ 141.922317, 43.416182 ], [ 141.922487, 43.415985 ], [ 141.922556, 43.415934 ], [ 141.922779, 43.415833 ], [ 141.92291, 43.415794 ], [ 141.923035, 43.415777 ], [ 141.92342, 43.415754 ], [ 141.923943, 43.415692 ], [ 141.925138, 43.415535 ], [ 141.925431, 43.415473 ], [ 141.925779, 43.415338 ], [ 141.925964, 43.415231 ], [ 141.926118, 43.415135 ], [ 141.926789, 43.414606 ], [ 141.927838, 43.41374 ], [ 141.928293, 43.413318 ], [ 141.928601, 43.413008 ], [ 141.928963, 43.412664 ], [ 141.929349, 43.412293 ], [ 141.929657, 43.412056 ], [ 141.929887, 43.411911 ], [ 141.929996, 43.41186 ], [ 141.930359, 43.411755 ], [ 141.930452, 43.411736 ], [ 141.930529, 43.41173 ], [ 141.931099, 43.411635 ], [ 141.93143, 43.411511 ], [ 141.931631, 43.41141 ], [ 141.931731, 43.411359 ], [ 141.932186, 43.410988 ], [ 141.932625, 43.410594 ], [ 141.932988, 43.410364 ], [ 141.933543, 43.410032 ], [ 141.934229, 43.409621 ], [ 141.935748, 43.40868 ], [ 141.935848, 43.408597 ], [ 141.936095, 43.408259 ], [ 141.936403, 43.407842 ], [ 141.936511, 43.40773 ], [ 141.936727, 43.407545 ], [ 141.937536, 43.406947 ], [ 141.937821, 43.406677 ], [ 141.93796, 43.406525 ], [ 141.93887, 43.405294 ], [ 141.938978, 43.405198 ], [ 141.939271, 43.405108 ], [ 141.940744, 43.404799 ], [ 141.940913, 43.404726 ], [ 141.941044, 43.404602 ], [ 141.941091, 43.404523 ], [ 141.941168, 43.40427 ], [ 141.941276, 43.403932 ], [ 141.94136, 43.403808 ], [ 141.941414, 43.403758 ], [ 141.941541, 43.403629 ], [ 141.941847, 43.403441 ], [ 141.941946, 43.403353 ], [ 141.942046, 43.403268 ], [ 141.942131, 43.403167 ], [ 141.942231, 43.403009 ], [ 141.942363, 43.402705 ], [ 141.942432, 43.402536 ], [ 141.942532, 43.402288 ], [ 141.942578, 43.402215 ], [ 141.94281, 43.401945 ], [ 141.943633, 43.401186 ], [ 141.944258, 43.40064 ], [ 141.944358, 43.400528 ], [ 141.944497, 43.400314 ], [ 141.944583, 43.400109 ], [ 141.945029, 43.398907 ], [ 141.945198, 43.398508 ], [ 141.945314, 43.398322 ], [ 141.945445, 43.39817 ], [ 141.945669, 43.397934 ], [ 141.94607, 43.397579 ], [ 141.946216, 43.397461 ], [ 141.948122, 43.396143 ], [ 141.94829, 43.395969 ], [ 141.948422, 43.395795 ], [ 141.949132, 43.394361 ], [ 141.949247, 43.394152 ], [ 141.94944, 43.393905 ], [ 141.949485, 43.39386 ], [ 141.949717, 43.393731 ], [ 141.953749, 43.391879 ], [ 141.953996, 43.391795 ], [ 141.954166, 43.39176 ], [ 141.954312, 43.39175 ], [ 141.954574, 43.39176 ], [ 141.954651, 43.391767 ], [ 141.954728, 43.391772 ], [ 141.954867, 43.3918 ], [ 141.954968, 43.391833 ], [ 141.955176, 43.391878 ], [ 141.955399, 43.391873 ], [ 141.955553, 43.39184 ], [ 141.956016, 43.391637 ], [ 141.956163, 43.391568 ], [ 141.956317, 43.391518 ], [ 141.956517, 43.391473 ], [ 141.956779, 43.39145 ], [ 141.957157, 43.391457 ], [ 141.957897, 43.391507 ], [ 141.958282, 43.391547 ], [ 141.958483, 43.391597 ], [ 141.958568, 43.391632 ], [ 141.958984, 43.391867 ], [ 141.959192, 43.39194 ], [ 141.959308, 43.391957 ], [ 141.959493, 43.391968 ], [ 141.959677, 43.391935 ], [ 141.959947, 43.391857 ], [ 141.960394, 43.391777 ], [ 141.960633, 43.391783 ], [ 141.960779, 43.391812 ], [ 141.96159, 43.392115 ], [ 141.961821, 43.392177 ], [ 141.962114, 43.392217 ], [ 141.964087, 43.392262 ], [ 141.964211, 43.39225 ], [ 141.96544560000001, 43.3919704 ], [ 141.965752, 43.391901 ], [ 141.965926, 43.391868 ], [ 141.965981, 43.391868 ], [ 141.966326, 43.391787 ], [ 141.966469, 43.391772 ], [ 141.966639, 43.391772 ], [ 141.966747, 43.391817 ], [ 141.967117, 43.392103 ], [ 141.967194, 43.392126 ], [ 141.967456, 43.392148 ], [ 141.967664, 43.392171 ], [ 141.971048, 43.392227 ], [ 141.971372, 43.392211 ], [ 141.971796, 43.392149 ], [ 141.972344, 43.392096 ], [ 141.972714, 43.392099 ], [ 141.972814, 43.392121 ], [ 141.972876, 43.392166 ], [ 141.972983, 43.392279 ], [ 141.973076, 43.392452 ], [ 141.973136, 43.392641 ], [ 141.973192, 43.39279 ], [ 141.973307, 43.392903 ], [ 141.973469, 43.392993 ], [ 141.973623, 43.393043 ], [ 141.973693, 43.393055 ], [ 141.974074, 43.393052 ], [ 141.974314, 43.39302 ], [ 141.974498, 43.392955 ], [ 141.974744, 43.392788 ], [ 141.974926, 43.392616 ], [ 141.975188, 43.392437 ], [ 141.975327, 43.392363 ], [ 141.975435, 43.392285 ], [ 141.975527, 43.392166 ], [ 141.975543, 43.391801 ], [ 141.975581, 43.391722 ], [ 141.975713, 43.391626 ], [ 141.975797, 43.391598 ], [ 141.975959, 43.391604 ], [ 141.976214, 43.391654 ], [ 141.977045, 43.391784 ], [ 141.977315, 43.391778 ], [ 141.977423, 43.39175 ], [ 141.977492, 43.391705 ], [ 141.977623, 43.391553 ], [ 141.9778, 43.391413 ], [ 141.978094, 43.391255 ], [ 141.978341, 43.391176 ], [ 141.978587, 43.391176 ], [ 141.978711, 43.391199 ], [ 141.978957, 43.391261 ], [ 141.979359, 43.391373 ], [ 141.979536, 43.391401 ], [ 141.979721, 43.391401 ], [ 141.979868, 43.391373 ], [ 141.980006, 43.391311 ], [ 141.980369, 43.391058 ], [ 141.980669, 43.390895 ], [ 141.980947, 43.390777 ], [ 141.98117, 43.390732 ], [ 141.981309, 43.390737 ], [ 141.981579, 43.390844 ], [ 141.981756, 43.390906 ], [ 141.982196, 43.390979 ], [ 141.982342, 43.391002 ], [ 141.982434, 43.391052 ], [ 141.982481, 43.391114 ], [ 141.982473, 43.391188 ], [ 141.982365, 43.391384 ], [ 141.982342, 43.391519 ], [ 141.98235, 43.391677 ], [ 141.982404, 43.391761 ], [ 141.982488, 43.391818 ], [ 141.982797, 43.391947 ], [ 141.982974, 43.392026 ], [ 141.984091, 43.392527 ], [ 141.984345, 43.392645 ], [ 141.98487, 43.392932 ], [ 141.985233, 43.393202 ], [ 141.985448, 43.393393 ], [ 141.985533, 43.393495 ], [ 141.985618, 43.393551 ], [ 141.98571, 43.393602 ], [ 141.985795, 43.393624 ] ] } },
{ "type": "Feature", "properties": { "u": 1938412440, "v": 1938412574, "key": 0, "osmid": [ 183466224, 183466017, 183466051 ], "highway": "['tertiary' 'unclassified']", "oneway": false, "reversed": "True", "length": 153.6622599596862, "lanes": null, "name": null, "ref": null, "bridge": "yes", "maxspeed": null, "tunnel": null, "priority": 2 }, "geometry": { "type": "LineString", "coordinates": [ [ 141.8825578, 43.4200693 ], [ 141.8826522, 43.4204024 ], [ 141.8827737, 43.420832 ], [ 141.8827985, 43.4209224 ], [ 141.882957299999987, 43.4214203 ] ] } },
{ "type": "Feature", "properties": { "u": 1938412460, "v": 862583743, "key": 0, "osmid": "183466235", "highway": [ "tertiary" ], "oneway": false, "reversed": "False", "length": 251.76942394746922, "lanes": "2", "name": null, "ref": null, "bridge": null, "maxspeed": null, "tunnel": null, "priority": 2 }, "geometry": { "type": "LineString", "coordinates": [ [ 141.897357199999988, 43.4202719 ], [ 141.9004083, 43.4198077 ] ] } },
{ "type": "Feature", "properties": { "u": 1938412460, "v": 2350613752, "key": 0, "osmid": "183466235", "highway": [ "tertiary" ], "oneway": false, "reversed": "True", "length": 32.082792025895635, "lanes": "2", "name": null, "ref": null, "bridge": null, "maxspeed": null, "tunnel": null, "priority": 2 }, "geometry": { "type": "LineString", "coordinates": [ [ 141.897357199999988, 43.4202719 ], [ 141.896969, 43.4203331 ] ] } },
{ "type": "Feature", "properties": { "u": 1938412467, "v": 1938412531, "key": 0, "osmid": "183466247", "highway": [ "trunk" ], "oneway": false, "reversed": "False", "length": 81.357932771632449, "lanes": "4", "name": "国道12号", "ref": "12", "bridge": null, "maxspeed": null, "tunnel": null, "priority": 4 }, "geometry": { "type": "LineString", "coordinates": [ [ 141.8862748, 43.4203292 ], [ 141.886467900000014, 43.4210473 ] ] } },
{ "type": "Feature", "properties": { "u": 1938412467, "v": 1938412320, "key": 0, "osmid": [ 34238293, 183466245, 183466247 ], "highway": [ "trunk" ], "oneway": false, "reversed": "True", "length": 193.17445011901242, "lanes": "4", "name": "国道12号", "ref": "12", "bridge": "yes", "maxspeed": null, "tunnel": null, "priority": 4 }, "geometry": { "type": "LineString", "coordinates": [ [ 141.8862748, 43.4203292 ], [ 141.886144699999988, 43.4198895 ], [ 141.8860161, 43.4194151 ], [ 141.885785700000014, 43.4186287 ] ] } },
{ "type": "Feature", "properties": { "u": 1938412515, "v": 1938412527, "key": 0, "osmid": "183466234", "highway": [ "tertiary" ], "oneway": false, "reversed": "True", "length": 84.289079967772949, "lanes": "2", "name": null, "ref": null, "bridge": null, "maxspeed": null, "tunnel": null, "priority": 2 }, "geometry": { "type": "LineString", "coordinates": [ [ 141.8936266, 43.4208598 ], [ 141.892606699999988, 43.4210206 ] ] } },
{ "type": "Feature", "properties": { "u": 1938412515, "v": 2350613752, "key": 0, "osmid": [ 183466233, 183466234, 183466235 ], "highway": [ "tertiary" ], "oneway": false, "reversed": "False", "length": 276.22593137825805, "lanes": "2", "name": null, "ref": null, "bridge": "yes", "maxspeed": null, "tunnel": null, "priority": 2 }, "geometry": { "type": "LineString", "coordinates": [ [ 141.8936266, 43.4208598 ], [ 141.894300500000014, 43.4207536 ], [ 141.8945478, 43.4207147 ], [ 141.896969, 43.4203331 ] ] } },
{ "type": "Feature", "properties": { "u": 1938412527, "v": 1938412515, "key": 0, "osmid": "183466234", "highway": [ "tertiary" ], "oneway": false, "reversed": "False", "length": 84.289079967772949, "lanes": "2", "name": null, "ref": null, "bridge": null, "maxspeed": null, "tunnel": null, "priority": 2 }, "geometry": { "type": "LineString", "coordinates": [ [ 141.892606699999988, 43.4210206 ], [ 141.8936266, 43.4208598 ] ] } },
{ "type": "Feature", "properties": { "u": 1938412527, "v": 9862936066, "key": 0, "osmid": [ 183466232, 183466234, 72654659 ], "highway": "['tertiary' 'secondary']", "oneway": false, "reversed": "True", "length": 474.61149867630809, "lanes": "2", "name": "砂川奈井江美唄線", "ref": "1130", "bridge": null, "maxspeed": null, "tunnel": "yes", "priority": 2 }, "geometry": { "type": "LineString", "coordinates": [ [ 141.892606699999988, 43.4210206 ], [ 141.8890903, 43.4215519 ], [ 141.8881992, 43.4217019 ], [ 141.8868587, 43.421908 ] ] } },
{ "type": "Feature", "properties": { "u": 1938412531, "v": 1938412467, "key": 0, "osmid": "183466247", "highway": [ "trunk" ], "oneway": false, "reversed": "True", "length": 81.357932771632449, "lanes": "4", "name": "国道12号", "ref": "12", "bridge": null, "maxspeed": null, "tunnel": null, "priority": 4 }, "geometry": { "type": "LineString", "coordinates": [ [ 141.886467900000014, 43.4210473 ], [ 141.8862748, 43.4203292 ] ] } },
{ "type": "Feature", "properties": { "u": 1938412531, "v": 392661608, "key": 0, "osmid": "183466247", "highway": [ "trunk" ], "oneway": false, "reversed": "False", "length": 99.404213356859813, "lanes": "4", "name": "国道12号", "ref": "12", "bridge": null, "maxspeed": null, "tunnel": null, "priority": 4 }, "geometry": { "type": "LineString", "coordinates": [ [ 141.886467900000014, 43.4210473 ], [ 141.8866756, 43.4217673 ], [ 141.886714399999988, 43.4219231 ] ] } },
{ "type": "Feature", "properties": { "u": 1938412563, "v": 1938412665, "key": 0, "osmid": [ 183465905, 183466045, 183466033 ], "highway": "['tertiary' 'unclassified']", "oneway": false, "reversed": "True", "length": 146.13908736832707, "lanes": null, "name": null, "ref": null, "bridge": "yes", "maxspeed": null, "tunnel": null, "priority": 2 }, "geometry": { "type": "LineString", "coordinates": [ [ 141.879359, 43.4212291 ], [ 141.879494099999988, 43.4216916 ], [ 141.8796144, 43.4220922 ], [ 141.8796495, 43.4222005 ], [ 141.8796664, 43.4222494 ], [ 141.8797428, 43.4225134 ] ] } },
{ "type": "Feature", "properties": { "u": 1938412574, "v": 1938412581, "key": 0, "osmid": "183466051", "highway": [ "tertiary" ], "oneway": false, "reversed": "True", "length": 8.9918429905773412, "lanes": null, "name": null, "ref": null, "bridge": null, "maxspeed": null, "tunnel": null, "priority": 2 }, "geometry": { "type": "LineString", "coordinates": [ [ 141.882957299999987, 43.4214203 ], [ 141.882978400000013, 43.4214997 ] ] } },
{ "type": "Feature", "properties": { "u": 1938412574, "v": 1938412440, "key": 0, "osmid": [ 183466224, 183466017, 183466051 ], "highway": "['tertiary' 'unclassified']", "oneway": false, "reversed": "False", "length": 153.6622599596862, "lanes": null, "name": null, "ref": null, "bridge": "yes", "maxspeed": null, "tunnel": null, "priority": 2 }, "geometry": { "type": "LineString", "coordinates": [ [ 141.882957299999987, 43.4214203 ], [ 141.8827985, 43.4209224 ], [ 141.8827737, 43.420832 ], [ 141.8826522, 43.4204024 ], [ 141.8825578, 43.4200693 ] ] } },
{ "type": "Feature", "properties": { "u": 1938412581, "v": 1938412574, "key": 0, "osmid": "183466051", "highway": [ "tertiary" ], "oneway": false, "reversed": "False", "length": 8.9918429905773412, "lanes": null, "name": null, "ref": null, "bridge": null, "maxspeed": null, "tunnel": null, "priority": 2 }, "geometry": { "type": "LineString", "coordinates": [ [ 141.882978400000013, 43.4214997 ], [ 141.882957299999987, 43.4214203 ] ] } },
{ "type": "Feature", "properties": { "u": 1938412581, "v": 1938412635, "key": 0, "osmid": "183466051", "highway": [ "tertiary" ], "oneway": false, "reversed": "True", "length": 55.358640560315365, "lanes": null, "name": null, "ref": null, "bridge": null, "maxspeed": null, "tunnel": null, "priority": 2 }, "geometry": { "type": "LineString", "coordinates": [ [ 141.882978400000013, 43.4214997 ], [ 141.8831252, 43.421986 ] ] } },
{ "type": "Feature", "properties": { "u": 1938412635, "v": 1938412581, "key": 0, "osmid": "183466051", "highway": [ "tertiary" ], "oneway": false, "reversed": "False", "length": 55.358640560315365, "lanes": null, "name": null, "ref": null, "bridge": null, "maxspeed": null, "tunnel": null, "priority": 2 }, "geometry": { "type": "LineString", "coordinates": [ [ 141.8831252, 43.421986 ], [ 141.882978400000013, 43.4214997 ] ] } },
{ "type": "Feature", "properties": { "u": 1938412635, "v": 1938412664, "key": 0, "osmid": "183466051", "highway": [ "tertiary" ], "oneway": false, "reversed": "True", "length": 53.008311547879124, "lanes": null, "name": null, "ref": null, "bridge": null, "maxspeed": null, "tunnel": null, "priority": 2 }, "geometry": { "type": "LineString", "coordinates": [ [ 141.8831252, 43.421986 ], [ 141.8832692, 43.4224511 ] ] } },
{ "type": "Feature", "properties": { "u": 1938412641, "v": 1938412646, "key": 0, "osmid": "183466253", "highway": [ "primary" ], "oneway": false, "reversed": "True", "length": 60.830936142378931, "lanes": "2", "name": "江別奈井江線", "ref": "139", "bridge": null, "maxspeed": null, "tunnel": null, "priority": 3 }, "geometry": { "type": "LineString", "coordinates": [ [ 141.885923100000014, 43.4220408 ], [ 141.8851866, 43.4221554 ] ] } },
{ "type": "Feature", "properties": { "u": 1938412641, "v": 392661608, "key": 0, "osmid": "183466253", "highway": [ "primary" ], "oneway": false, "reversed": "False", "length": 65.243387586835155, "lanes": "2", "name": "江別奈井江線", "ref": "139", "bridge": null, "maxspeed": null, "tunnel": null, "priority": 3 }, "geometry": { "type": "LineString", "coordinates": [ [ 141.885923100000014, 43.4220408 ], [ 141.8865524, 43.421943 ], [ 141.886714399999988, 43.4219231 ] ] } },
{ "type": "Feature", "properties": { "u": 1938412646, "v": 1938412641, "key": 0, "osmid": "183466253", "highway": [ "primary" ], "oneway": false, "reversed": "False", "length": 60.830936142378931, "lanes": "2", "name": "江別奈井江線", "ref": "139", "bridge": null, "maxspeed": null, "tunnel": null, "priority": 3 }, "geometry": { "type": "LineString", "coordinates": [ [ 141.8851866, 43.4221554 ], [ 141.885923100000014, 43.4220408 ] ] } },
{ "type": "Feature", "properties": { "u": 1938412646, "v": 1938412656, "key": 0, "osmid": "183466253", "highway": [ "primary" ], "oneway": false, "reversed": "True", "length": 49.801825426226301, "lanes": "2", "name": "江別奈井江線", "ref": "139", "bridge": null, "maxspeed": null, "tunnel": null, "priority": 3 }, "geometry": { "type": "LineString", "coordinates": [ [ 141.8851866, 43.4221554 ], [ 141.884583099999986, 43.4222474 ] ] } },
{ "type": "Feature", "properties": { "u": 1938412656, "v": 1938412646, "key": 0, "osmid": "183466253", "highway": [ "primary" ], "oneway": false, "reversed": "False", "length": 49.801825426226301, "lanes": "2", "name": "江別奈井江線", "ref": "139", "bridge": null, "maxspeed": null, "tunnel": null, "priority": 3 }, "geometry": { "type": "LineString", "coordinates": [ [ 141.884583099999986, 43.4222474 ], [ 141.8851866, 43.4221554 ] ] } },
{ "type": "Feature", "properties": { "u": 1938412656, "v": 1938412659, "key": 0, "osmid": "183466253", "highway": [ "primary" ], "oneway": false, "reversed": "True", "length": 13.56059938175232, "lanes": "2", "name": "江別奈井江線", "ref": "139", "bridge": null, "maxspeed": null, "tunnel": null, "priority": 3 }, "geometry": { "type": "LineString", "coordinates": [ [ 141.884583099999986, 43.4222474 ], [ 141.8844187, 43.4222722 ] ] } },
{ "type": "Feature", "properties": { "u": 1938412659, "v": 1938412656, "key": 0, "osmid": "183466253", "highway": [ "primary" ], "oneway": false, "reversed": "False", "length": 13.56059938175232, "lanes": "2", "name": "江別奈井江線", "ref": "139", "bridge": null, "maxspeed": null, "tunnel": null, "priority": 3 }, "geometry": { "type": "LineString", "coordinates": [ [ 141.8844187, 43.4222722 ], [ 141.884583099999986, 43.4222474 ] ] } },
{ "type": "Feature", "properties": { "u": 1938412659, "v": 1938412664, "key": 0, "osmid": "183466253", "highway": [ "primary" ], "oneway": false, "reversed": "True", "length": 94.942977001663508, "lanes": "2", "name": "江別奈井江線", "ref": "139", "bridge": null, "maxspeed": null, "tunnel": null, "priority": 3 }, "geometry": { "type": "LineString", "coordinates": [ [ 141.8844187, 43.4222722 ], [ 141.8842986, 43.4222909 ], [ 141.8832692, 43.4224511 ] ] } },
{ "type": "Feature", "properties": { "u": 1938412664, "v": 1938412635, "key": 0, "osmid": "183466051", "highway": [ "tertiary" ], "oneway": false, "reversed": "False", "length": 53.008311547879124, "lanes": null, "name": null, "ref": null, "bridge": null, "maxspeed": null, "tunnel": null, "priority": 2 }, "geometry": { "type": "LineString", "coordinates": [ [ 141.8832692, 43.4224511 ], [ 141.8831252, 43.421986 ] ] } },
{ "type": "Feature", "properties": { "u": 1938412664, "v": 1938412765, "key": 0, "osmid": "183466051", "highway": [ "tertiary" ], "oneway": false, "reversed": "True", "length": 127.09771629469367, "lanes": null, "name": null, "ref": null, "bridge": null, "maxspeed": null, "tunnel": null, "priority": 2 }, "geometry": { "type": "LineString", "coordinates": [ [ 141.8832692, 43.4224511 ], [ 141.8835947, 43.4235694 ] ] } },
{ "type": "Feature", "properties": { "u": 1938412664, "v": 7087194579, "key": 0, "osmid": "183466253", "highway": [ "primary" ], "oneway": false, "reversed": "True", "length": 54.132347045265504, "lanes": "2", "name": "江別奈井江線", "ref": "139", "bridge": null, "maxspeed": null, "tunnel": null, "priority": 3 }, "geometry": { "type": "LineString", "coordinates": [ [ 141.8832692, 43.4224511 ], [ 141.88261510000001, 43.4225574 ] ] } },
{ "type": "Feature", "properties": { "u": 1938412664, "v": 1938412659, "key": 0, "osmid": "183466253", "highway": [ "primary" ], "oneway": false, "reversed": "False", "length": 94.942977001663508, "lanes": "2", "name": "江別奈井江線", "ref": "139", "bridge": null, "maxspeed": null, "tunnel": null, "priority": 3 }, "geometry": { "type": "LineString", "coordinates": [ [ 141.8832692, 43.4224511 ], [ 141.8842986, 43.4222909 ], [ 141.8844187, 43.4222722 ] ] } },
{ "type": "Feature", "properties": { "u": 1938412665, "v": 1938412713, "key": 0, "osmid": "183466045", "highway": [ "tertiary" ], "oneway": false, "reversed": "True", "length": 53.271794340295109, "lanes": null, "name": null, "ref": null, "bridge": null, "maxspeed": null, "tunnel": null, "priority": 2 }, "geometry": { "type": "LineString", "coordinates": [ [ 141.8797428, 43.4225134 ], [ 141.879888200000011, 43.4229807 ] ] } },
{ "type": "Feature", "properties": { "u": 1938412665, "v": 1938412563, "key": 0, "osmid": [ 183466033, 183465905, 183466045 ], "highway": "['tertiary' 'unclassified']", "oneway": false, "reversed": "False", "length": 146.13908736832707, "lanes": null, "name": null, "ref": null, "bridge": "yes", "maxspeed": null, "tunnel": null, "priority": 2 }, "geometry": { "type": "LineString", "coordinates": [ [ 141.8797428, 43.4225134 ], [ 141.8796664, 43.4222494 ], [ 141.8796495, 43.4222005 ], [ 141.8796144, 43.4220922 ], [ 141.879494099999988, 43.4216916 ], [ 141.879359, 43.4212291 ] ] } },
{ "type": "Feature", "properties": { "u": 1938412699, "v": 7087194579, "key": 0, "osmid": "183466253", "highway": [ "primary" ], "oneway": false, "reversed": "False", "length": 78.445512058308665, "lanes": "2", "name": "江別奈井江線", "ref": "139", "bridge": null, "maxspeed": null, "tunnel": null, "priority": 3 }, "geometry": { "type": "LineString", "coordinates": [ [ 141.88166720000001, 43.4227114 ], [ 141.88261510000001, 43.4225574 ] ] } },
{ "type": "Feature", "properties": { "u": 1938412699, "v": 1938412713, "key": 0, "osmid": "183466253", "highway": [ "primary" ], "oneway": false, "reversed": "True", "length": 146.76133910421476, "lanes": "2", "name": "江別奈井江線", "ref": "139", "bridge": null, "maxspeed": null, "tunnel": null, "priority": 3 }, "geometry": { "type": "LineString", "coordinates": [ [ 141.88166720000001, 43.4227114 ], [ 141.879888200000011, 43.4229807 ] ] } },
{ "type": "Feature", "properties": { "u": 1938412703, "v": 1938412768, "key": 0, "osmid": "806280803", "highway": [ "secondary" ], "oneway": false, "reversed": "False", "length": 103.86642554362811, "lanes": null, "name": "砂川奈井江美唄線", "ref": "1130", "bridge": null, "maxspeed": null, "tunnel": null, "priority": 2 }, "geometry": { "type": "LineString", "coordinates": [ [ 141.9013246, 43.4228916 ], [ 141.901580599999988, 43.423807 ] ] } },
{ "type": "Feature", "properties": { "u": 1938412703, "v": 862583743, "key": 0, "osmid": "806280803", "highway": [ "secondary" ], "oneway": false, "reversed": "True", "length": 350.80883562819326, "lanes": null, "name": "砂川奈井江美唄線", "ref": "1130", "bridge": null, "maxspeed": null, "tunnel": null, "priority": 2 }, "geometry": { "type": "LineString", "coordinates": [ [ 141.9013246, 43.4228916 ], [ 141.9004083, 43.4198077 ] ] } },
{ "type": "Feature", "properties": { "u": 1938412708, "v": 6590120530, "key": 0, "osmid": "183465917", "highway": [ "trunk" ], "oneway": false, "reversed": "False", "length": 75.749733906530878, "lanes": "2", "name": "国道12号", "ref": "12", "bridge": null, "maxspeed": null, "tunnel": null, "priority": 4 }, "geometry": { "type": "LineString", "coordinates": [ [ 141.8870316, 43.4229903 ], [ 141.8872039, 43.4235741 ], [ 141.88722820000001, 43.4236564 ] ] } },
{ "type": "Feature", "properties": { "u": 1938412708, "v": 392661608, "key": 0, "osmid": "183465917", "highway": [ "trunk" ], "oneway": false, "reversed": "True", "length": 121.40110531002222, "lanes": "2", "name": "国道12号", "ref": "12", "bridge": null, "maxspeed": null, "tunnel": null, "priority": 4 }, "geometry": { "type": "LineString", "coordinates": [ [ 141.8870316, 43.4229903 ], [ 141.8867634, 43.4220859 ], [ 141.886714399999988, 43.4219231 ] ] } },
{ "type": "Feature", "properties": { "u": 1938412713, "v": 1938412665, "key": 0, "osmid": "183466045", "highway": [ "tertiary" ], "oneway": false, "reversed": "False", "length": 53.271794340295109, "lanes": null, "name": null, "ref": null, "bridge": null, "maxspeed": null, "tunnel": null, "priority": 2 }, "geometry": { "type": "LineString", "coordinates": [ [ 141.879888200000011, 43.4229807 ], [ 141.8797428, 43.4225134 ] ] } },
{ "type": "Feature", "properties": { "u": 1938412713, "v": 1938412699, "key": 0, "osmid": "183466253", "highway": [ "primary" ], "oneway": false, "reversed": "False", "length": 146.76133910421476, "lanes": "2", "name": "江別奈井江線", "ref": "139", "bridge": null, "maxspeed": null, "tunnel": null, "priority": 3 }, "geometry": { "type": "LineString", "coordinates": [ [ 141.879888200000011, 43.4229807 ], [ 141.88166720000001, 43.4227114 ] ] } },
{ "type": "Feature", "properties": { "u": 1938412713, "v": 1938412821, "key": 0, "osmid": "183466045", "highway": [ "tertiary" ], "oneway": false, "reversed": "True", "length": 125.07804738885466, "lanes": null, "name": null, "ref": null, "bridge": null, "maxspeed": null, "tunnel": null, "priority": 2 }, "geometry": { "type": "LineString", "coordinates": [ [ 141.879888200000011, 43.4229807 ], [ 141.880102, 43.4237501 ], [ 141.8801133, 43.4237938 ], [ 141.8802066, 43.4240814 ] ] } },
{ "type": "Feature", "properties": { "u": 1938412713, "v": 1938412811, "key": 0, "osmid": [ 183466252, 183466253, 1239777062 ], "highway": [ "primary" ], "oneway": false, "reversed": "True", "length": 563.95447919587332, "lanes": "2", "name": "江別奈井江線", "ref": "139", "bridge": "yes", "maxspeed": null, "tunnel": null, "priority": 3 }, "geometry": { "type": "LineString", "coordinates": [ [ 141.879888200000011, 43.4229807 ], [ 141.8791004, 43.4231262 ], [ 141.8781854, 43.4232733 ], [ 141.8775745, 43.4233673 ], [ 141.8765529, 43.4235247 ], [ 141.8753245, 43.4237151 ], [ 141.8746911, 43.4238132 ], [ 141.873059899999987, 43.424039 ] ] } },
{ "type": "Feature", "properties": { "u": 1938412765, "v": 1938412664, "key": 0, "osmid": "183466051", "highway": [ "tertiary" ], "oneway": false, "reversed": "False", "length": 127.09771629469367, "lanes": null, "name": null, "ref": null, "bridge": null, "maxspeed": null, "tunnel": null, "priority": 2 }, "geometry": { "type": "LineString", "coordinates": [ [ 141.8835947, 43.4235694 ], [ 141.8832692, 43.4224511 ] ] } },
{ "type": "Feature", "properties": { "u": 1938412765, "v": 1938412817, "key": 0, "osmid": "183466051", "highway": [ "tertiary" ], "oneway": false, "reversed": "True", "length": 58.773321548180292, "lanes": null, "name": null, "ref": null, "bridge": null, "maxspeed": null, "tunnel": null, "priority": 2 }, "geometry": { "type": "LineString", "coordinates": [ [ 141.8835947, 43.4235694 ], [ 141.8837428, 43.4240869 ] ] } },
{ "type": "Feature", "properties": { "u": 1938412768, "v": 1938412862, "key": 0, "osmid": "806280803", "highway": [ "secondary" ], "oneway": false, "reversed": "False", "length": 107.935159709902, "lanes": null, "name": "砂川奈井江美唄線", "ref": "1130", "bridge": null, "maxspeed": null, "tunnel": null, "priority": 2 }, "geometry": { "type": "LineString", "coordinates": [ [ 141.901580599999988, 43.423807 ], [ 141.9018728, 43.4247542 ] ] } },
{ "type": "Feature", "properties": { "u": 1938412768, "v": 1938412703, "key": 0, "osmid": "806280803", "highway": [ "secondary" ], "oneway": false, "reversed": "True", "length": 103.86642554362811, "lanes": null, "name": "砂川奈井江美唄線", "ref": "1130", "bridge": null, "maxspeed": null, "tunnel": null, "priority": 2 }, "geometry": { "type": "LineString", "coordinates": [ [ 141.901580599999988, 43.423807 ], [ 141.9013246, 43.4228916 ] ] } },
{ "type": "Feature", "properties": { "u": 1938412809, "v": 1938412823, "key": 0, "osmid": "815757989", "highway": [ "secondary" ], "oneway": false, "reversed": "True", "length": 17.486032734934152, "lanes": null, "name": "東奈井江奈井江停車場線", "ref": "529", "bridge": null, "maxspeed": null, "tunnel": null, "priority": 2 }, "geometry": { "type": "LineString", "coordinates": [ [ 141.888601099999988, 43.4240637 ], [ 141.88838770000001, 43.4240903 ] ] } },
{ "type": "Feature", "properties": { "u": 1938412809, "v": 1938412809, "key": 0, "osmid": "815757989", "highway": [ "secondary" ], "oneway": false, "reversed": "False", "length": 140.10573406533393, "lanes": null, "name": "東奈井江奈井江停車場線", "ref": "529", "bridge": null, "maxspeed": null, "tunnel": null, "priority": 2 }, "geometry": { "type": "LineString", "coordinates": [ [ 141.888601099999988, 43.4240637 ], [ 141.8886716, 43.424063 ], [ 141.8887928, 43.4240394 ], [ 141.888835, 43.4240066 ], [ 141.8887064, 43.4235898 ], [ 141.88863520000001, 43.4235617 ], [ 141.8885038, 43.4235909 ], [ 141.8884744, 43.4236426 ], [ 141.888601099999988, 43.4240637 ] ] } },
{ "type": "Feature", "properties": { "u": 1938412809, "v": 1938412809, "key": 1, "osmid": "815757989", "highway": [ "secondary" ], "oneway": false, "reversed": "True", "length": 140.10573406533393, "lanes": null, "name": "東奈井江奈井江停車場線", "ref": "529", "bridge": null, "maxspeed": null, "tunnel": null, "priority": 2 }, "geometry": { "type": "LineString", "coordinates": [ [ 141.888601099999988, 43.4240637 ], [ 141.8884744, 43.4236426 ], [ 141.8885038, 43.4235909 ], [ 141.88863520000001, 43.4235617 ], [ 141.8887064, 43.4235898 ], [ 141.888835, 43.4240066 ], [ 141.8887928, 43.4240394 ], [ 141.8886716, 43.424063 ], [ 141.888601099999988, 43.4240637 ] ] } },
{ "type": "Feature", "properties": { "u": 1938412811, "v": 1938412713, "key": 0, "osmid": [ 183466252, 183466253, 1239777062 ], "highway": [ "primary" ], "oneway": false, "reversed": "False", "length": 563.95447919587343, "lanes": "2", "name": "江別奈井江線", "ref": "139", "bridge": "yes", "maxspeed": null, "tunnel": null, "priority": 3 }, "geometry": { "type": "LineString", "coordinates": [ [ 141.873059899999987, 43.424039 ], [ 141.8746911, 43.4238132 ], [ 141.8753245, 43.4237151 ], [ 141.8765529, 43.4235247 ], [ 141.8775745, 43.4233673 ], [ 141.8781854, 43.4232733 ], [ 141.8791004, 43.4231262 ], [ 141.879888200000011, 43.4229807 ] ] } },
{ "type": "Feature", "properties": { "u": 1938412811, "v": 392663125, "key": 0, "osmid": "1239777062", "highway": [ "primary" ], "oneway": false, "reversed": "True", "length": 566.59176593073812, "lanes": "2", "name": "江別奈井江線", "ref": "139", "bridge": null, "maxspeed": null, "tunnel": null, "priority": 3 }, "geometry": { "type": "LineString", "coordinates": [ [ 141.873059899999987, 43.424039 ], [ 141.8695591, 43.4245684 ], [ 141.8662005, 43.4251086 ] ] } },
{ "type": "Feature", "properties": { "u": 1938412817, "v": 1938412765, "key": 0, "osmid": "183466051", "highway": [ "tertiary" ], "oneway": false, "reversed": "False", "length": 58.773321548180292, "lanes": null, "name": null, "ref": null, "bridge": null, "maxspeed": null, "tunnel": null, "priority": 2 }, "geometry": { "type": "LineString", "coordinates": [ [ 141.8837428, 43.4240869 ], [ 141.8835947, 43.4235694 ] ] } },
{ "type": "Feature", "properties": { "u": 1938412817, "v": 7087168128, "key": 0, "osmid": "183466051", "highway": [ "tertiary" ], "oneway": false, "reversed": "True", "length": 4.2576469562053738, "lanes": null, "name": null, "ref": null, "bridge": null, "maxspeed": null, "tunnel": null, "priority": 2 }, "geometry": { "type": "LineString", "coordinates": [ [ 141.8837428, 43.4240869 ], [ 141.8837541, 43.4241243 ] ] } },
{ "type": "Feature", "properties": { "u": 1938412821, "v": 1938412848, "key": 0, "osmid": "183466045", "highway": [ "tertiary" ], "oneway": false, "reversed": "True", "length": 61.887058766983579, "lanes": null, "name": null, "ref": null, "bridge": null, "maxspeed": null, "tunnel": null, "priority": 2 }, "geometry": { "type": "LineString", "coordinates": [ [ 141.8802066, 43.4240814 ], [ 141.8803685, 43.4246254 ] ] } },
{ "type": "Feature", "properties": { "u": 1938412821, "v": 1938412713, "key": 0, "osmid": "183466045", "highway": [ "tertiary" ], "oneway": false, "reversed": "False", "length": 125.07804738885466, "lanes": null, "name": null, "ref": null, "bridge": null, "maxspeed": null, "tunnel": null, "priority": 2 }, "geometry": { "type": "LineString", "coordinates": [ [ 141.8802066, 43.4240814 ], [ 141.8801133, 43.4237938 ], [ 141.880102, 43.4237501 ], [ 141.879888200000011, 43.4229807 ] ] } },
{ "type": "Feature", "properties": { "u": 1938412823, "v": 1938412809, "key": 0, "osmid": "815757989", "highway": [ "secondary" ], "oneway": false, "reversed": "False", "length": 17.486032734934152, "lanes": null, "name": "東奈井江奈井江停車場線", "ref": "529", "bridge": null, "maxspeed": null, "tunnel": null, "priority": 2 }, "geometry": { "type": "LineString", "coordinates": [ [ 141.88838770000001, 43.4240903 ], [ 141.888601099999988, 43.4240637 ] ] } },
{ "type": "Feature", "properties": { "u": 1938412823, "v": 1938412829, "key": 0, "osmid": "815757989", "highway": [ "secondary" ], "oneway": false, "reversed": "True", "length": 81.468013248948267, "lanes": null, "name": "東奈井江奈井江停車場線", "ref": "529", "bridge": null, "maxspeed": null, "tunnel": null, "priority": 2 }, "geometry": { "type": "LineString", "coordinates": [ [ 141.88838770000001, 43.4240903 ], [ 141.8883185, 43.4240963 ], [ 141.8875966, 43.4242084 ], [ 141.8874002, 43.424239 ] ] } },
{ "type": "Feature", "properties": { "u": 1938412829, "v": 1938412838, "key": 0, "osmid": "183465908", "highway": [ "residential" ], "oneway": false, "reversed": "True", "length": 63.389176423270712, "lanes": null, "name": null, "ref": null, "bridge": null, "maxspeed": null, "tunnel": null, "priority": 1 }, "geometry": { "type": "LineString", "coordinates": [ [ 141.8874002, 43.424239 ], [ 141.8872785, 43.4242495 ], [ 141.8866327, 43.4243564 ] ] } },
{ "type": "Feature", "properties": { "u": 1938412829, "v": 6590120530, "key": 0, "osmid": "183465917", "highway": [ "trunk" ], "oneway": false, "reversed": "True", "length": 66.254741848216966, "lanes": "2", "name": "国道12号", "ref": "12", "bridge": null, "maxspeed": null, "tunnel": null, "priority": 4 }, "geometry": { "type": "LineString", "coordinates": [ [ 141.8874002, 43.424239 ], [ 141.887380900000011, 43.4241736 ], [ 141.88722820000001, 43.4236564 ] ] } },
{ "type": "Feature", "properties": { "u": 1938412829, "v": 1938412823, "key": 0, "osmid": "815757989", "highway": [ "secondary" ], "oneway": false, "reversed": "False", "length": 81.468013248948267, "lanes": null, "name": "東奈井江奈井江停車場線", "ref": "529", "bridge": null, "maxspeed": null, "tunnel": null, "priority": 2 }, "geometry": { "type": "LineString", "coordinates": [ [ 141.8874002, 43.424239 ], [ 141.8875966, 43.4242084 ], [ 141.8883185, 43.4240963 ], [ 141.88838770000001, 43.4240903 ] ] } },
{ "type": "Feature", "properties": { "u": 1938412829, "v": 8548106501, "key": 0, "osmid": "920654523", "highway": [ "trunk" ], "oneway": false, "reversed": "False", "length": 93.525427340461931, "lanes": "2", "name": "国道12号", "ref": "12", "bridge": null, "maxspeed": null, "tunnel": null, "priority": 4 }, "geometry": { "type": "LineString", "coordinates": [ [ 141.8874002, 43.424239 ], [ 141.8874333, 43.4243512 ], [ 141.887643, 43.4250614 ] ] } },
{ "type": "Feature", "properties": { "u": 1938412838, "v": 1938412841, "key": 0, "osmid": "183465908", "highway": [ "residential" ], "oneway": false, "reversed": "True", "length": 59.111658099871136, "lanes": null, "name": null, "ref": null, "bridge": null, "maxspeed": null, "tunnel": null, "priority": 1 }, "geometry": { "type": "LineString", "coordinates": [ [ 141.8866327, 43.4243564 ], [ 141.885917, 43.4244678 ] ] } },
{ "type": "Feature", "properties": { "u": 1938412838, "v": 1938412829, "key": 0, "osmid": "183465908", "highway": [ "residential" ], "oneway": false, "reversed": "False", "length": 63.389176423270712, "lanes": null, "name": null, "ref": null, "bridge": null, "maxspeed": null, "tunnel": null, "priority": 1 }, "geometry": { "type": "LineString", "coordinates": [ [ 141.8866327, 43.4243564 ], [ 141.8872785, 43.4242495 ], [ 141.8874002, 43.424239 ] ] } },
{ "type": "Feature", "properties": { "u": 1938412841, "v": 1938412838, "key": 0, "osmid": "183465908", "highway": [ "residential" ], "oneway": false, "reversed": "False", "length": 59.111658099871136, "lanes": null, "name": null, "ref": null, "bridge": null, "maxspeed": null, "tunnel": null, "priority": 1 }, "geometry": { "type": "LineString", "coordinates": [ [ 141.885917, 43.4244678 ], [ 141.8866327, 43.4243564 ] ] } },
{ "type": "Feature", "properties": { "u": 1938412841, "v": 1938412845, "key": 0, "osmid": "183465908", "highway": [ "residential" ], "oneway": false, "reversed": "True", "length": 55.351368737882048, "lanes": null, "name": null, "ref": null, "bridge": null, "maxspeed": null, "tunnel": null, "priority": 1 }, "geometry": { "type": "LineString", "coordinates": [ [ 141.885917, 43.4244678 ], [ 141.885247600000014, 43.4245747 ] ] } },
{ "type": "Feature", "properties": { "u": 1938412845, "v": 1938412841, "key": 0, "osmid": "183465908", "highway": [ "residential" ], "oneway": false, "reversed": "False", "length": 55.351368737882048, "lanes": null, "name": null, "ref": null, "bridge": null, "maxspeed": null, "tunnel": null, "priority": 1 }, "geometry": { "type": "LineString", "coordinates": [ [ 141.885247600000014, 43.4245747 ], [ 141.885917, 43.4244678 ] ] } },
{ "type": "Feature", "properties": { "u": 1938412845, "v": 1938412851, "key": 0, "osmid": "183465908", "highway": [ "residential" ], "oneway": false, "reversed": "True", "length": 8.3232009774712452, "lanes": null, "name": null, "ref": null, "bridge": null, "maxspeed": null, "tunnel": null, "priority": 1 }, "geometry": { "type": "LineString", "coordinates": [ [ 141.885247600000014, 43.4245747 ], [ 141.885146600000013, 43.4245896 ] ] } },
{ "type": "Feature", "properties": { "u": 1938412848, "v": 1938412821, "key": 0, "osmid": "183466045", "highway": [ "tertiary" ], "oneway": false, "reversed": "False", "length": 61.887058766983579, "lanes": null, "name": null, "ref": null, "bridge": null, "maxspeed": null, "tunnel": null, "priority": 2 }, "geometry": { "type": "LineString", "coordinates": [ [ 141.8803685, 43.4246254 ], [ 141.8802066, 43.4240814 ] ] } },
{ "type": "Feature", "properties": { "u": 1938412848, "v": 1938412933, "key": 0, "osmid": "183466045", "highway": [ "tertiary" ], "oneway": false, "reversed": "True", "length": 79.923351669340917, "lanes": null, "name": null, "ref": null, "bridge": null, "maxspeed": null, "tunnel": null, "priority": 2 }, "geometry": { "type": "LineString", "coordinates": [ [ 141.8803685, 43.4246254 ], [ 141.880385499999988, 43.424699 ], [ 141.8805754, 43.4253282 ] ] } },
{ "type": "Feature", "properties": { "u": 1938412851, "v": 1938412845, "key": 0, "osmid": "183465908", "highway": [ "residential" ], "oneway": false, "reversed": "False", "length": 8.3232009774712452, "lanes": null, "name": null, "ref": null, "bridge": null, "maxspeed": null, "tunnel": null, "priority": 1 }, "geometry": { "type": "LineString", "coordinates": [ [ 141.885146600000013, 43.4245896 ], [ 141.885247600000014, 43.4245747 ] ] } },
{ "type": "Feature", "properties": { "u": 1938412851, "v": 1938412854, "key": 0, "osmid": "183465908", "highway": [ "residential" ], "oneway": false, "reversed": "True", "length": 45.086396188754179, "lanes": null, "name": null, "ref": null, "bridge": null, "maxspeed": null, "tunnel": null, "priority": 1 }, "geometry": { "type": "LineString", "coordinates": [ [ 141.885146600000013, 43.4245896 ], [ 141.8846067, 43.4246928 ] ] } },
{ "type": "Feature", "properties": { "u": 1938412854, "v": 1938412851, "key": 0, "osmid": "183465908", "highway": [ "residential" ], "oneway": false, "reversed": "False", "length": 45.086396188754179, "lanes": null, "name": null, "ref": null, "bridge": null, "maxspeed": null, "tunnel": null, "priority": 1 }, "geometry": { "type": "LineString", "coordinates": [ [ 141.8846067, 43.4246928 ], [ 141.885146600000013, 43.4245896 ] ] } },
{ "type": "Feature", "properties": { "u": 1938412854, "v": 1938412885, "key": 0, "osmid": "183465908", "highway": [ "residential" ], "oneway": false, "reversed": "True", "length": 53.664060327480499, "lanes": null, "name": null, "ref": null, "bridge": null, "maxspeed": null, "tunnel": null, "priority": 1 }, "geometry": { "type": "LineString", "coordinates": [ [ 141.8846067, 43.4246928 ], [ 141.8839573, 43.4247951 ] ] } },
{ "type": "Feature", "properties": { "u": 1938412862, "v": 1938412889, "key": 0, "osmid": "297154875", "highway": [ "secondary" ], "oneway": false, "reversed": "False", "length": 54.49906196629756, "lanes": null, "name": "東奈井江奈井江停車場線", "ref": "529", "bridge": null, "maxspeed": null, "tunnel": null, "priority": 2 }, "geometry": { "type": "LineString", "coordinates": [ [ 141.9018728, 43.4247542 ], [ 141.9012117, 43.4248526 ] ] } },
{ "type": "Feature", "properties": { "u": 1938412862, "v": 1938412978, "key": 0, "osmid": "806280802", "highway": [ "secondary" ], "oneway": false, "reversed": "False", "length": 125.96197285003947, "lanes": null, "name": "砂川奈井江美唄線", "ref": "1130", "bridge": null, "maxspeed": null, "tunnel": null, "priority": 2 }, "geometry": { "type": "LineString", "coordinates": [ [ 141.9018728, 43.4247542 ], [ 141.902188200000012, 43.4258636 ] ] } },
{ "type": "Feature", "properties": { "u": 1938412862, "v": 1938412768, "key": 0, "osmid": "806280803", "highway": [ "secondary" ], "oneway": false, "reversed": "True", "length": 107.935159709902, "lanes": null, "name": "砂川奈井江美唄線", "ref": "1130", "bridge": null, "maxspeed": null, "tunnel": null, "priority": 2 }, "geometry": { "type": "LineString", "coordinates": [ [ 141.9018728, 43.4247542 ], [ 141.901580599999988, 43.423807 ] ] } },
{ "type": "Feature", "properties": { "u": 1938412885, "v": 1938412854, "key": 0, "osmid": "183465908", "highway": [ "residential" ], "oneway": false, "reversed": "False", "length": 53.664060327480499, "lanes": null, "name": null, "ref": null, "bridge": null, "maxspeed": null, "tunnel": null, "priority": 1 }, "geometry": { "type": "LineString", "coordinates": [ [ 141.8839573, 43.4247951 ], [ 141.8846067, 43.4246928 ] ] } },
{ "type": "Feature", "properties": { "u": 1938412885, "v": 7087194716, "key": 0, "osmid": "183465908", "highway": [ "residential" ], "oneway": false, "reversed": "True", "length": 52.096408154940121, "lanes": null, "name": null, "ref": null, "bridge": null, "maxspeed": null, "tunnel": null, "priority": 1 }, "geometry": { "type": "LineString", "coordinates": [ [ 141.8839573, 43.4247951 ], [ 141.8833275, 43.4248965 ] ] } },
{ "type": "Feature", "properties": { "u": 1938412885, "v": 7087168128, "key": 0, "osmid": "183466051", "highway": [ "tertiary" ], "oneway": false, "reversed": "False", "length": 76.373507837107567, "lanes": null, "name": null, "ref": null, "bridge": null, "maxspeed": null, "tunnel": null, "priority": 2 }, "geometry": { "type": "LineString", "coordinates": [ [ 141.8839573, 43.4247951 ], [ 141.8837541, 43.4241243 ] ] } },
{ "type": "Feature", "properties": { "u": 1938412885, "v": 1938412959, "key": 0, "osmid": "183466051", "highway": [ "tertiary" ], "oneway": false, "reversed": "True", "length": 103.81218889582492, "lanes": null, "name": null, "ref": null, "bridge": null, "maxspeed": null, "tunnel": null, "priority": 2 }, "geometry": { "type": "LineString", "coordinates": [ [ 141.8839573, 43.4247951 ], [ 141.884214, 43.4257099 ] ] } },
{ "type": "Feature", "properties": { "u": 1938412889, "v": 1938412895, "key": 0, "osmid": "297154875", "highway": [ "secondary" ], "oneway": false, "reversed": "False", "length": 24.200267409218327, "lanes": null, "name": "東奈井江奈井江停車場線", "ref": "529", "bridge": null, "maxspeed": null, "tunnel": null, "priority": 2 }, "geometry": { "type": "LineString", "coordinates": [ [ 141.9012117, 43.4248526 ], [ 141.900918, 43.4248958 ] ] } },
{ "type": "Feature", "properties": { "u": 1938412889, "v": 1938412862, "key": 0, "osmid": "297154875", "highway": [ "secondary" ], "oneway": false, "reversed": "True", "length": 54.49906196629756, "lanes": null, "name": "東奈井江奈井江停車場線", "ref": "529", "bridge": null, "maxspeed": null, "tunnel": null, "priority": 2 }, "geometry": { "type": "LineString", "coordinates": [ [ 141.9012117, 43.4248526 ], [ 141.9018728, 43.4247542 ] ] } },
{ "type": "Feature", "properties": { "u": 1938412892, "v": 8548106501, "key": 0, "osmid": "1233236614", "highway": [ "tertiary" ], "oneway": false, "reversed": "False", "length": 80.325201537195781, "lanes": null, "name": null, "ref": null, "bridge": null, "maxspeed": null, "tunnel": null, "priority": 2 }, "geometry": { "type": "LineString", "coordinates": [ [ 141.8886154, 43.4249095 ], [ 141.887643, 43.4250614 ] ] } },
{ "type": "Feature", "properties": { "u": 1938412892, "v": 7618659643, "key": 0, "osmid": "1233236614", "highway": [ "tertiary" ], "oneway": false, "reversed": "True", "length": 31.256901056172094, "lanes": null, "name": null, "ref": null, "bridge": null, "maxspeed": null, "tunnel": null, "priority": 2 }, "geometry": { "type": "LineString", "coordinates": [ [ 141.8886154, 43.4249095 ], [ 141.8889946, 43.4248532 ] ] } },
{ "type": "Feature", "properties": { "u": 1938412895, "v": 1938412898, "key": 0, "osmid": "297154875", "highway": [ "secondary" ], "oneway": false, "reversed": "False", "length": 23.5467551341542, "lanes": null, "name": "東奈井江奈井江停車場線", "ref": "529", "bridge": null, "maxspeed": null, "tunnel": null, "priority": 2 }, "geometry": { "type": "LineString", "coordinates": [ [ 141.900918, 43.4248958 ], [ 141.90063330000001, 43.4249415 ] ] } },
{ "type": "Feature", "properties": { "u": 1938412895, "v": 1938412889, "key": 0, "osmid": "297154875", "highway": [ "secondary" ], "oneway": false, "reversed": "True", "length": 24.200267409218327, "lanes": null, "name": "東奈井江奈井江停車場線", "ref": "529", "bridge": null, "maxspeed": null, "tunnel": null, "priority": 2 }, "geometry": { "type": "LineString", "coordinates": [ [ 141.900918, 43.4248958 ], [ 141.9012117, 43.4248526 ] ] } },
{ "type": "Feature", "properties": { "u": 1938412898, "v": 7115742060, "key": 0, "osmid": "297154875", "highway": [ "secondary" ], "oneway": false, "reversed": "False", "length": 49.872934763160558, "lanes": null, "name": "東奈井江奈井江停車場線", "ref": "529", "bridge": null, "maxspeed": null, "tunnel": null, "priority": 2 }, "geometry": { "type": "LineString", "coordinates": [ [ 141.90063330000001, 43.4249415 ], [ 141.9000287, 43.4250329 ] ] } },
{ "type": "Feature", "properties": { "u": 1938412898, "v": 1938412895, "key": 0, "osmid": "297154875", "highway": [ "secondary" ], "oneway": false, "reversed": "True", "length": 23.5467551341542, "lanes": null, "name": "東奈井江奈井江停車場線", "ref": "529", "bridge": null, "maxspeed": null, "tunnel": null, "priority": 2 }, "geometry": { "type": "LineString", "coordinates": [ [ 141.90063330000001, 43.4249415 ], [ 141.900918, 43.4248958 ] ] } },
{ "type": "Feature", "properties": { "u": 1938412908, "v": 1938412918, "key": 0, "osmid": "297154875", "highway": [ "secondary" ], "oneway": false, "reversed": "False", "length": 41.604011320182451, "lanes": null, "name": "東奈井江奈井江停車場線", "ref": "529", "bridge": null, "maxspeed": null, "tunnel": null, "priority": 2 }, "geometry": { "type": "LineString", "coordinates": [ [ 141.8999674, 43.4250448 ], [ 141.899463, 43.4251209 ] ] } },
{ "type": "Feature", "properties": { "u": 1938412908, "v": 7115742060, "key": 0, "osmid": "297154875", "highway": [ "secondary" ], "oneway": false, "reversed": "True", "length": 5.1242663075331798, "lanes": null, "name": "東奈井江奈井江停車場線", "ref": "529", "bridge": null, "maxspeed": null, "tunnel": null, "priority": 2 }, "geometry": { "type": "LineString", "coordinates": [ [ 141.8999674, 43.4250448 ], [ 141.9000287, 43.4250329 ] ] } },
{ "type": "Feature", "properties": { "u": 1938412911, "v": 7087194718, "key": 0, "osmid": "183465908", "highway": [ "residential" ], "oneway": false, "reversed": "False", "length": 39.166482451939004, "lanes": null, "name": null, "ref": null, "bridge": null, "maxspeed": null, "tunnel": null, "priority": 1 }, "geometry": { "type": "LineString", "coordinates": [ [ 141.8823519, 43.4250536 ], [ 141.8828254, 43.4249774 ] ] } },
{ "type": "Feature", "properties": { "u": 1938412911, "v": 6083963825, "key": 0, "osmid": "183465908", "highway": [ "residential" ], "oneway": false, "reversed": "True", "length": 95.687463994610596, "lanes": null, "name": null, "ref": null, "bridge": null, "maxspeed": null, "tunnel": null, "priority": 1 }, "geometry": { "type": "LineString", "coordinates": [ [ 141.8823519, 43.4250536 ], [ 141.8811926, 43.4252314 ] ] } },
{ "type": "Feature", "properties": { "u": 1938412918, "v": 1938412924, "key": 0, "osmid": "297154875", "highway": [ "secondary" ], "oneway": false, "reversed": "False", "length": 38.23903424007321, "lanes": null, "name": "東奈井江奈井江停車場線", "ref": "529", "bridge": null, "maxspeed": null, "tunnel": null, "priority": 2 }, "geometry": { "type": "LineString", "coordinates": [ [ 141.899463, 43.4251209 ], [ 141.8989997, 43.4251919 ] ] } },
{ "type": "Feature", "properties": { "u": 1938412918, "v": 1938412908, "key": 0, "osmid": "297154875", "highway": [ "secondary" ], "oneway": false, "reversed": "True", "length": 41.604011320182451, "lanes": null, "name": "東奈井江奈井江停車場線", "ref": "529", "bridge": null, "maxspeed": null, "tunnel": null, "priority": 2 }, "geometry": { "type": "LineString", "coordinates": [ [ 141.899463, 43.4251209 ], [ 141.8999674, 43.4250448 ] ] } },
{ "type": "Feature", "properties": { "u": 1938412924, "v": 1938412927, "key": 0, "osmid": "297154875", "highway": [ "secondary" ], "oneway": false, "reversed": "False", "length": 17.021999192418569, "lanes": null, "name": "東奈井江奈井江停車場線", "ref": "529", "bridge": null, "maxspeed": null, "tunnel": null, "priority": 2 }, "geometry": { "type": "LineString", "coordinates": [ [ 141.8989997, 43.4251919 ], [ 141.898794, 43.4252253 ] ] } },
{ "type": "Feature", "properties": { "u": 1938412924, "v": 1938412918, "key": 0, "osmid": "297154875", "highway": [ "secondary" ], "oneway": false, "reversed": "True", "length": 38.23903424007321, "lanes": null, "name": "東奈井江奈井江停車場線", "ref": "529", "bridge": null, "maxspeed": null, "tunnel": null, "priority": 2 }, "geometry": { "type": "LineString", "coordinates": [ [ 141.8989997, 43.4251919 ], [ 141.899463, 43.4251209 ] ] } },
{ "type": "Feature", "properties": { "u": 1938412927, "v": 1938412935, "key": 0, "osmid": "297154875", "highway": [ "secondary" ], "oneway": false, "reversed": "False", "length": 73.097493195633533, "lanes": null, "name": "東奈井江奈井江停車場線", "ref": "529", "bridge": null, "maxspeed": null, "tunnel": null, "priority": 2 }, "geometry": { "type": "LineString", "coordinates": [ [ 141.898794, 43.4252253 ], [ 141.8979109, 43.4253695 ] ] } },
{ "type": "Feature", "properties": { "u": 1938412927, "v": 1938412924, "key": 0, "osmid": "297154875", "highway": [ "secondary" ], "oneway": false, "reversed": "True", "length": 17.021999192418569, "lanes": null, "name": "東奈井江奈井江停車場線", "ref": "529", "bridge": null, "maxspeed": null, "tunnel": null, "priority": 2 }, "geometry": { "type": "LineString", "coordinates": [ [ 141.898794, 43.4252253 ], [ 141.8989997, 43.4251919 ] ] } },
{ "type": "Feature", "properties": { "u": 1938412933, "v": 6083963825, "key": 0, "osmid": "183465908", "highway": [ "residential" ], "oneway": false, "reversed": "False", "length": 50.992681985418557, "lanes": null, "name": null, "ref": null, "bridge": null, "maxspeed": null, "tunnel": null, "priority": 1 }, "geometry": { "type": "LineString", "coordinates": [ [ 141.8805754, 43.4253282 ], [ 141.8811926, 43.4252314 ] ] } },
{ "type": "Feature", "properties": { "u": 1938412933, "v": 1938413024, "key": 0, "osmid": "183466045", "highway": [ "tertiary" ], "oneway": false, "reversed": "True", "length": 103.59036917400852, "lanes": null, "name": null, "ref": null, "bridge": null, "maxspeed": null, "tunnel": null, "priority": 2 }, "geometry": { "type": "LineString", "coordinates": [ [ 141.8805754, 43.4253282 ], [ 141.8808372, 43.4262402 ] ] } },
{ "type": "Feature", "properties": { "u": 1938412933, "v": 1938412848, "key": 0, "osmid": "183466045", "highway": [ "tertiary" ], "oneway": false, "reversed": "False", "length": 79.923351669340917, "lanes": null, "name": null, "ref": null, "bridge": null, "maxspeed": null, "tunnel": null, "priority": 2 }, "geometry": { "type": "LineString", "coordinates": [ [ 141.8805754, 43.4253282 ], [ 141.880385499999988, 43.424699 ], [ 141.8803685, 43.4246254 ] ] } },
{ "type": "Feature", "properties": { "u": 1938412935, "v": 1938412936, "key": 0, "osmid": "297154875", "highway": [ "secondary" ], "oneway": false, "reversed": "False", "length": 81.488228839189432, "lanes": null, "name": "東奈井江奈井江停車場線", "ref": "529", "bridge": null, "maxspeed": null, "tunnel": null, "priority": 2 }, "geometry": { "type": "LineString", "coordinates": [ [ 141.8979109, 43.4253695 ], [ 141.8969248, 43.4255249 ] ] } },
{ "type": "Feature", "properties": { "u": 1938412935, "v": 1938412927, "key": 0, "osmid": "297154875", "highway": [ "secondary" ], "oneway": false, "reversed": "True", "length": 73.097493195633533, "lanes": null, "name": "東奈井江奈井江停車場線", "ref": "529", "bridge": null, "maxspeed": null, "tunnel": null, "priority": 2 }, "geometry": { "type": "LineString", "coordinates": [ [ 141.8979109, 43.4253695 ], [ 141.898794, 43.4252253 ] ] } },
{ "type": "Feature", "properties": { "u": 1938412936, "v": 1938412935, "key": 0, "osmid": "297154875", "highway": [ "secondary" ], "oneway": false, "reversed": "True", "length": 81.488228839189432, "lanes": null, "name": "東奈井江奈井江停車場線", "ref": "529", "bridge": null, "maxspeed": null, "tunnel": null, "priority": 2 }, "geometry": { "type": "LineString", "coordinates": [ [ 141.8969248, 43.4255249 ], [ 141.8979109, 43.4253695 ] ] } },
{ "type": "Feature", "properties": { "u": 1938412936, "v": 1938412972, "key": 0, "osmid": [ 183466208, 297154875, 183465989 ], "highway": [ "secondary" ], "oneway": false, "reversed": "False", "length": 154.05978430866105, "lanes": null, "name": "東奈井江奈井江停車場線", "ref": "529", "bridge": "yes", "maxspeed": null, "tunnel": null, "priority": 2 }, "geometry": { "type": "LineString", "coordinates": [ [ 141.8969248, 43.4255249 ], [ 141.8962077, 43.4256431 ], [ 141.89579, 43.4257051 ], [ 141.8950633, 43.4258276 ] ] } },
{ "type": "Feature", "properties": { "u": 1938412959, "v": 1938412885, "key": 0, "osmid": "183466051", "highway": [ "tertiary" ], "oneway": false, "reversed": "False", "length": 103.81218889582492, "lanes": null, "name": null, "ref": null, "bridge": null, "maxspeed": null, "tunnel": null, "priority": 2 }, "geometry": { "type": "LineString", "coordinates": [ [ 141.884214, 43.4257099 ], [ 141.8839573, 43.4247951 ] ] } },
{ "type": "Feature", "properties": { "u": 1938412959, "v": 1938413046, "key": 0, "osmid": "183466051", "highway": [ "tertiary" ], "oneway": false, "reversed": "True", "length": 94.071632706649069, "lanes": null, "name": null, "ref": null, "bridge": null, "maxspeed": null, "tunnel": null, "priority": 2 }, "geometry": { "type": "LineString", "coordinates": [ [ 141.884214, 43.4257099 ], [ 141.8844576, 43.4265372 ] ] } },
{ "type": "Feature", "properties": { "u": 1938412972, "v": 1938412984, "key": 0, "osmid": "183466208", "highway": [ "secondary" ], "oneway": false, "reversed": "False", "length": 71.567583099223285, "lanes": null, "name": "東奈井江奈井江停車場線", "ref": "529", "bridge": null, "maxspeed": null, "tunnel": null, "priority": 2 }, "geometry": { "type": "LineString", "coordinates": [ [ 141.8950633, 43.4258276 ], [ 141.8941959, 43.4259595 ] ] } },
{ "type": "Feature", "properties": { "u": 1938412972, "v": 1938412936, "key": 0, "osmid": [ 183466208, 297154875, 183465989 ], "highway": [ "secondary" ], "oneway": false, "reversed": "True", "length": 154.05978430866108, "lanes": null, "name": "東奈井江奈井江停車場線", "ref": "529", "bridge": "yes", "maxspeed": null, "tunnel": null, "priority": 2 }, "geometry": { "type": "LineString", "coordinates": [ [ 141.8950633, 43.4258276 ], [ 141.89579, 43.4257051 ], [ 141.8962077, 43.4256431 ], [ 141.8969248, 43.4255249 ] ] } },
{ "type": "Feature", "properties": { "u": 1938412978, "v": 1938413263, "key": 0, "osmid": "806280802", "highway": [ "secondary" ], "oneway": false, "reversed": "False", "length": 438.7435775362614, "lanes": null, "name": "砂川奈井江美唄線", "ref": "1130", "bridge": null, "maxspeed": null, "tunnel": null, "priority": 2 }, "geometry": { "type": "LineString", "coordinates": [ [ 141.902188200000012, 43.4258636 ], [ 141.9033203, 43.4297227 ] ] } },
{ "type": "Feature", "properties": { "u": 1938412978, "v": 1938412862, "key": 0, "osmid": "806280802", "highway": [ "secondary" ], "oneway": false, "reversed": "True", "length": 125.96197285003947, "lanes": null, "name": "砂川奈井江美唄線", "ref": "1130", "bridge": null, "maxspeed": null, "tunnel": null, "priority": 2 }, "geometry": { "type": "LineString", "coordinates": [ [ 141.902188200000012, 43.4258636 ], [ 141.9018728, 43.4247542 ] ] } },
{ "type": "Feature", "properties": { "u": 1938412984, "v": 1938412996, "key": 0, "osmid": "183466208", "highway": [ "secondary" ], "oneway": false, "reversed": "False", "length": 48.659572772571977, "lanes": null, "name": "東奈井江奈井江停車場線", "ref": "529", "bridge": null, "maxspeed": null, "tunnel": null, "priority": 2 }, "geometry": { "type": "LineString", "coordinates": [ [ 141.8941959, 43.4259595 ], [ 141.8936053, 43.4260462 ] ] } },
{ "type": "Feature", "properties": { "u": 1938412984, "v": 1938412972, "key": 0, "osmid": "183466208", "highway": [ "secondary" ], "oneway": false, "reversed": "True", "length": 71.567583099223285, "lanes": null, "name": "東奈井江奈井江停車場線", "ref": "529", "bridge": null, "maxspeed": null, "tunnel": null, "priority": 2 }, "geometry": { "type": "LineString", "coordinates": [ [ 141.8941959, 43.4259595 ], [ 141.8950633, 43.4258276 ] ] } },
{ "type": "Feature", "properties": { "u": 1938412996, "v": 1938413014, "key": 0, "osmid": "183466208", "highway": [ "secondary" ], "oneway": false, "reversed": "False", "length": 60.814554040758836, "lanes": null, "name": "東奈井江奈井江停車場線", "ref": "529", "bridge": null, "maxspeed": null, "tunnel": null, "priority": 2 }, "geometry": { "type": "LineString", "coordinates": [ [ 141.8936053, 43.4260462 ], [ 141.8928678, 43.4261568 ] ] } },
{ "type": "Feature", "properties": { "u": 1938412996, "v": 1938412984, "key": 0, "osmid": "183466208", "highway": [ "secondary" ], "oneway": false, "reversed": "True", "length": 48.659572772571977, "lanes": null, "name": "東奈井江奈井江停車場線", "ref": "529", "bridge": null, "maxspeed": null, "tunnel": null, "priority": 2 }, "geometry": { "type": "LineString", "coordinates": [ [ 141.8936053, 43.4260462 ], [ 141.8941959, 43.4259595 ] ] } },
{ "type": "Feature", "properties": { "u": 1938413014, "v": 1938413029, "key": 0, "osmid": "183466208", "highway": [ "secondary" ], "oneway": false, "reversed": "False", "length": 48.79734017418405, "lanes": null, "name": "東奈井江奈井江停車場線", "ref": "529", "bridge": null, "maxspeed": null, "tunnel": null, "priority": 2 }, "geometry": { "type": "LineString", "coordinates": [ [ 141.8928678, 43.4261568 ], [ 141.8922784, 43.4262535 ] ] } },
{ "type": "Feature", "properties": { "u": 1938413014, "v": 1938412996, "key": 0, "osmid": "183466208", "highway": [ "secondary" ], "oneway": false, "reversed": "True", "length": 60.814554040758836, "lanes": null, "name": "東奈井江奈井江停車場線", "ref": "529", "bridge": null, "maxspeed": null, "tunnel": null, "priority": 2 }, "geometry": { "type": "LineString", "coordinates": [ [ 141.8928678, 43.4261568 ], [ 141.8936053, 43.4260462 ] ] } },
{ "type": "Feature", "properties": { "u": 1938413024, "v": 1938412933, "key": 0, "osmid": "183466045", "highway": [ "tertiary" ], "oneway": false, "reversed": "False", "length": 103.59036917400852, "lanes": null, "name": null, "ref": null, "bridge": null, "maxspeed": null, "tunnel": null, "priority": 2 }, "geometry": { "type": "LineString", "coordinates": [ [ 141.8808372, 43.4262402 ], [ 141.8805754, 43.4253282 ] ] } },
{ "type": "Feature", "properties": { "u": 1938413024, "v": 1938413055, "key": 0, "osmid": "183466045", "highway": [ "tertiary" ], "oneway": false, "reversed": "True", "length": 47.242197208033069, "lanes": null, "name": null, "ref": null, "bridge": null, "maxspeed": null, "tunnel": null, "priority": 2 }, "geometry": { "type": "LineString", "coordinates": [ [ 141.8808372, 43.4262402 ], [ 141.8809499, 43.4266571 ] ] } },
{ "type": "Feature", "properties": { "u": 1938413029, "v": 7618659646, "key": 0, "osmid": "183466208", "highway": [ "secondary" ], "oneway": false, "reversed": "False", "length": 31.623227070946196, "lanes": null, "name": "東奈井江奈井江停車場線", "ref": "529", "bridge": null, "maxspeed": null, "tunnel": null, "priority": 2 }, "geometry": { "type": "LineString", "coordinates": [ [ 141.8922784, 43.4262535 ], [ 141.8918951, 43.4263117 ] ] } },
{ "type": "Feature", "properties": { "u": 1938413029, "v": 1938413014, "key": 0, "osmid": "183466208", "highway": [ "secondary" ], "oneway": false, "reversed": "True", "length": 48.79734017418405, "lanes": null, "name": "東奈井江奈井江停車場線", "ref": "529", "bridge": null, "maxspeed": null, "tunnel": null, "priority": 2 }, "geometry": { "type": "LineString", "coordinates": [ [ 141.8922784, 43.4262535 ], [ 141.8928678, 43.4261568 ] ] } },
{ "type": "Feature", "properties": { "u": 1938413046, "v": 1938412959, "key": 0, "osmid": "183466051", "highway": [ "tertiary" ], "oneway": false, "reversed": "False", "length": 94.071632706649069, "lanes": null, "name": null, "ref": null, "bridge": null, "maxspeed": null, "tunnel": null, "priority": 2 }, "geometry": { "type": "LineString", "coordinates": [ [ 141.8844576, 43.4265372 ], [ 141.884214, 43.4257099 ] ] } },
{ "type": "Feature", "properties": { "u": 1938413046, "v": 1938413094, "key": 0, "osmid": "183466051", "highway": [ "tertiary" ], "oneway": false, "reversed": "True", "length": 47.765886583991318, "lanes": null, "name": null, "ref": null, "bridge": null, "maxspeed": null, "tunnel": null, "priority": 2 }, "geometry": { "type": "LineString", "coordinates": [ [ 141.8844576, 43.4265372 ], [ 141.8845717, 43.4269587 ] ] } },
{ "type": "Feature", "properties": { "u": 1938413055, "v": 1938413024, "key": 0, "osmid": "183466045", "highway": [ "tertiary" ], "oneway": false, "reversed": "False", "length": 47.242197208033069, "lanes": null, "name": null, "ref": null, "bridge": null, "maxspeed": null, "tunnel": null, "priority": 2 }, "geometry": { "type": "LineString", "coordinates": [ [ 141.8809499, 43.4266571 ], [ 141.8808372, 43.4262402 ] ] } },
{ "type": "Feature", "properties": { "u": 1938413055, "v": 1938413103, "key": 0, "osmid": "183466045", "highway": [ "tertiary" ], "oneway": false, "reversed": "True", "length": 46.960247527387054, "lanes": null, "name": null, "ref": null, "bridge": null, "maxspeed": null, "tunnel": null, "priority": 2 }, "geometry": { "type": "LineString", "coordinates": [ [ 141.8809499, 43.4266571 ], [ 141.8810813, 43.4270685 ] ] } },
{ "type": "Feature", "properties": { "u": 1938413086, "v": 7618659627, "key": 0, "osmid": "183465919", "highway": [ "secondary" ], "oneway": false, "reversed": "True", "length": 39.997550263762996, "lanes": null, "name": "東奈井江奈井江停車場線", "ref": "529", "bridge": null, "maxspeed": null, "tunnel": null, "priority": 2 }, "geometry": { "type": "LineString", "coordinates": [ [ 141.8881747, 43.4268909 ], [ 141.888658600000014, 43.4268142 ] ] } },
{ "type": "Feature", "properties": { "u": 1938413086, "v": 1938413097, "key": 0, "osmid": "297154876", "highway": [ "tertiary" ], "oneway": false, "reversed": "False", "length": 64.012225051212909, "lanes": null, "name": null, "ref": null, "bridge": null, "maxspeed": null, "tunnel": null, "priority": 2 }, "geometry": { "type": "LineString", "coordinates": [ [ 141.8881747, 43.4268909 ], [ 141.8873993, 43.4270104 ] ] } },
{ "type": "Feature", "properties": { "u": 1938413086, "v": 1938413147, "key": 0, "osmid": "815757987", "highway": [ "trunk" ], "oneway": false, "reversed": "False", "length": 89.94943972427464, "lanes": "2", "name": "国道12号", "ref": "12", "bridge": null, "maxspeed": null, "tunnel": null, "priority": 4 }, "geometry": { "type": "LineString", "coordinates": [ [ 141.8881747, 43.4268909 ], [ 141.8884047, 43.4276824 ] ] } },
{ "type": "Feature", "properties": { "u": 1938413086, "v": 3010041356, "key": 0, "osmid": "815757988", "highway": [ "trunk" ], "oneway": false, "reversed": "True", "length": 102.30285194543232, "lanes": "2", "name": "国道12号", "ref": "12", "bridge": null, "maxspeed": null, "tunnel": null, "priority": 4 }, "geometry": { "type": "LineString", "coordinates": [ [ 141.8881747, 43.4268909 ], [ 141.8879131, 43.4259907 ] ] } },
{ "type": "Feature", "properties": { "u": 1938413094, "v": 1938413046, "key": 0, "osmid": "183466051", "highway": [ "tertiary" ], "oneway": false, "reversed": "False", "length": 47.765886583991318, "lanes": null, "name": null, "ref": null, "bridge": null, "maxspeed": null, "tunnel": null, "priority": 2 }, "geometry": { "type": "LineString", "coordinates": [ [ 141.8845717, 43.4269587 ], [ 141.8844576, 43.4265372 ] ] } },
{ "type": "Feature", "properties": { "u": 1938413094, "v": 1938413124, "key": 0, "osmid": "183466051", "highway": [ "tertiary" ], "oneway": false, "reversed": "True", "length": 53.045409312333049, "lanes": null, "name": null, "ref": null, "bridge": null, "maxspeed": null, "tunnel": null, "priority": 2 }, "geometry": { "type": "LineString", "coordinates": [ [ 141.8845717, 43.4269587 ], [ 141.8847135, 43.4274245 ] ] } },
{ "type": "Feature", "properties": { "u": 1938413097, "v": 1938413105, "key": 0, "osmid": "297154876", "highway": [ "tertiary" ], "oneway": false, "reversed": "False", "length": 59.382887540913948, "lanes": null, "name": null, "ref": null, "bridge": null, "maxspeed": null, "tunnel": null, "priority": 2 }, "geometry": { "type": "LineString", "coordinates": [ [ 141.8873993, 43.4270104 ], [ 141.8866799, 43.427121 ] ] } },
{ "type": "Feature", "properties": { "u": 1938413097, "v": 1938413086, "key": 0, "osmid": "297154876", "highway": [ "tertiary" ], "oneway": false, "reversed": "True", "length": 64.012225051212909, "lanes": null, "name": null, "ref": null, "bridge": null, "maxspeed": null, "tunnel": null, "priority": 2 }, "geometry": { "type": "LineString", "coordinates": [ [ 141.8873993, 43.4270104 ], [ 141.8881747, 43.4268909 ] ] } },
{ "type": "Feature", "properties": { "u": 1938413103, "v": 1938413055, "key": 0, "osmid": "183466045", "highway": [ "tertiary" ], "oneway": false, "reversed": "False", "length": 46.960247527387054, "lanes": null, "name": null, "ref": null, "bridge": null, "maxspeed": null, "tunnel": null, "priority": 2 }, "geometry": { "type": "LineString", "coordinates": [ [ 141.8810813, 43.4270685 ], [ 141.8809499, 43.4266571 ] ] } },
{ "type": "Feature", "properties": { "u": 1938413103, "v": 1938413127, "key": 0, "osmid": "183466045", "highway": [ "tertiary" ], "oneway": false, "reversed": "True", "length": 48.695784850116468, "lanes": null, "name": null, "ref": null, "bridge": null, "maxspeed": null, "tunnel": null, "priority": 2 }, "geometry": { "type": "LineString", "coordinates": [ [ 141.8810813, 43.4270685 ], [ 141.8811437, 43.4272829 ], [ 141.8812077, 43.4274967 ] ] } },
{ "type": "Feature", "properties": { "u": 1938413105, "v": 1938413111, "key": 0, "osmid": "297154876", "highway": [ "tertiary" ], "oneway": false, "reversed": "False", "length": 52.6060325942329, "lanes": null, "name": null, "ref": null, "bridge": null, "maxspeed": null, "tunnel": null, "priority": 2 }, "geometry": { "type": "LineString", "coordinates": [ [ 141.8866799, 43.427121 ], [ 141.886041799999987, 43.4272162 ] ] } },
{ "type": "Feature", "properties": { "u": 1938413105, "v": 1938413097, "key": 0, "osmid": "297154876", "highway": [ "tertiary" ], "oneway": false, "reversed": "True", "length": 59.382887540913948, "lanes": null, "name": null, "ref": null, "bridge": null, "maxspeed": null, "tunnel": null, "priority": 2 }, "geometry": { "type": "LineString", "coordinates": [ [ 141.8866799, 43.427121 ], [ 141.8873993, 43.4270104 ] ] } },
{ "type": "Feature", "properties": { "u": 1938413111, "v": 1938413118, "key": 0, "osmid": "297154876", "highway": [ "tertiary" ], "oneway": false, "reversed": "False", "length": 54.026034594985212, "lanes": null, "name": null, "ref": null, "bridge": null, "maxspeed": null, "tunnel": null, "priority": 2 }, "geometry": { "type": "LineString", "coordinates": [ [ 141.886041799999987, 43.4272162 ], [ 141.8853872, 43.4273165 ] ] } },
{ "type": "Feature", "properties": { "u": 1938413111, "v": 1938413105, "key": 0, "osmid": "297154876", "highway": [ "tertiary" ], "oneway": false, "reversed": "True", "length": 52.6060325942329, "lanes": null, "name": null, "ref": null, "bridge": null, "maxspeed": null, "tunnel": null, "priority": 2 }, "geometry": { "type": "LineString", "coordinates": [ [ 141.886041799999987, 43.4272162 ], [ 141.8866799, 43.427121 ] ] } },
{ "type": "Feature", "properties": { "u": 1938413113, "v": 2350614743, "key": 0, "osmid": "34238532", "highway": [ "secondary" ], "oneway": false, "reversed": "False", "length": 286.28442951613823, "lanes": "2", "name": "奈井江浦臼線", "ref": "278", "bridge": null, "maxspeed": null, "tunnel": null, "priority": 2 }, "geometry": { "type": "LineString", "coordinates": [ [ 141.852661, 43.4272387 ], [ 141.8535075, 43.4271005 ], [ 141.8561276, 43.4267002 ] ] } },
{ "type": "Feature", "properties": { "u": 1938413113, "v": 392663114, "key": 0, "osmid": "34238532", "highway": [ "secondary" ], "oneway": false, "reversed": "True", "length": 276.72868905393824, "lanes": "2", "name": "奈井江浦臼線", "ref": "278", "bridge": null, "maxspeed": null, "tunnel": null, "priority": 2 }, "geometry": { "type": "LineString", "coordinates": [ [ 141.852661, 43.4272387 ], [ 141.850826, 43.4275225 ], [ 141.850154, 43.4276646 ], [ 141.8493624, 43.4278909 ] ] } },
{ "type": "Feature", "properties": { "u": 1938413113, "v": 2350615150, "key": 0, "osmid": [ 183465939, 297154876 ], "highway": "['tertiary' 'unclassified']", "oneway": false, "reversed": [ false, true ], "length": 768.29937608578359, "lanes": null, "name": null, "ref": null, "bridge": null, "maxspeed": null, "tunnel": null, "priority": 2 }, "geometry": { "type": "LineString", "coordinates": [ [ 141.852661, 43.4272387 ], [ 141.8540844, 43.4322149 ], [ 141.8565456, 43.4318359 ] ] } },
{ "type": "Feature", "properties": { "u": 1938413118, "v": 1938413124, "key": 0, "osmid": "297154876", "highway": [ "tertiary" ], "oneway": false, "reversed": "False", "length": 55.714314264400556, "lanes": null, "name": null, "ref": null, "bridge": null, "maxspeed": null, "tunnel": null, "priority": 2 }, "geometry": { "type": "LineString", "coordinates": [ [ 141.8853872, 43.4273165 ], [ 141.8847135, 43.4274245 ] ] } },
{ "type": "Feature", "properties": { "u": 1938413118, "v": 1938413111, "key": 0, "osmid": "297154876", "highway": [ "tertiary" ], "oneway": false, "reversed": "True", "length": 54.026034594985212, "lanes": null, "name": null, "ref": null, "bridge": null, "maxspeed": null, "tunnel": null, "priority": 2 }, "geometry": { "type": "LineString", "coordinates": [ [ 141.8853872, 43.4273165 ], [ 141.886041799999987, 43.4272162 ] ] } },
{ "type": "Feature", "properties": { "u": 1938413124, "v": 1938413094, "key": 0, "osmid": "183466051", "highway": [ "tertiary" ], "oneway": false, "reversed": "False", "length": 53.045409312333049, "lanes": null, "name": null, "ref": null, "bridge": null, "maxspeed": null, "tunnel": null, "priority": 2 }, "geometry": { "type": "LineString", "coordinates": [ [ 141.8847135, 43.4274245 ], [ 141.8845717, 43.4269587 ] ] } },
{ "type": "Feature", "properties": { "u": 1938413124, "v": 1938413165, "key": 0, "osmid": "183466051", "highway": [ "tertiary" ], "oneway": false, "reversed": "True", "length": 68.50922656360332, "lanes": null, "name": null, "ref": null, "bridge": null, "maxspeed": null, "tunnel": null, "priority": 2 }, "geometry": { "type": "LineString", "coordinates": [ [ 141.8847135, 43.4274245 ], [ 141.884897200000012, 43.428026 ] ] } },
{ "type": "Feature", "properties": { "u": 1938413124, "v": 1938413146, "key": 0, "osmid": "297154876", "highway": [ "tertiary" ], "oneway": false, "reversed": "False", "length": 131.34760526789916, "lanes": null, "name": null, "ref": null, "bridge": null, "maxspeed": null, "tunnel": null, "priority": 2 }, "geometry": { "type": "LineString", "coordinates": [ [ 141.8847135, 43.4274245 ], [ 141.8831252, 43.427679 ] ] } },
{ "type": "Feature", "properties": { "u": 1938413124, "v": 1938413118, "key": 0, "osmid": "297154876", "highway": [ "tertiary" ], "oneway": false, "reversed": "True", "length": 55.714314264400556, "lanes": null, "name": null, "ref": null, "bridge": null, "maxspeed": null, "tunnel": null, "priority": 2 }, "geometry": { "type": "LineString", "coordinates": [ [ 141.8847135, 43.4274245 ], [ 141.8853872, 43.4273165 ] ] } },
{ "type": "Feature", "properties": { "u": 1938413127, "v": 1938413164, "key": 0, "osmid": "183466045", "highway": [ "tertiary" ], "oneway": false, "reversed": "True", "length": 52.289700512376562, "lanes": null, "name": null, "ref": null, "bridge": null, "maxspeed": null, "tunnel": null, "priority": 2 }, "geometry": { "type": "LineString", "coordinates": [ [ 141.8812077, 43.4274967 ], [ 141.8813441, 43.4279564 ] ] } },
{ "type": "Feature", "properties": { "u": 1938413127, "v": 1938413103, "key": 0, "osmid": "183466045", "highway": [ "tertiary" ], "oneway": false, "reversed": "False", "length": 48.695784850116468, "lanes": null, "name": null, "ref": null, "bridge": null, "maxspeed": null, "tunnel": null, "priority": 2 }, "geometry": { "type": "LineString", "coordinates": [ [ 141.8812077, 43.4274967 ], [ 141.8811437, 43.4272829 ], [ 141.8810813, 43.4270685 ] ] } },
{ "type": "Feature", "properties": { "u": 1938413146, "v": 1938413154, "key": 0, "osmid": "297154876", "highway": [ "tertiary" ], "oneway": false, "reversed": "False", "length": 48.408283750787255, "lanes": null, "name": null, "ref": null, "bridge": null, "maxspeed": null, "tunnel": null, "priority": 2 }, "geometry": { "type": "LineString", "coordinates": [ [ 141.8831252, 43.427679 ], [ 141.8825387, 43.427769 ] ] } },
{ "type": "Feature", "properties": { "u": 1938413146, "v": 1938413124, "key": 0, "osmid": "297154876", "highway": [ "tertiary" ], "oneway": false, "reversed": "True", "length": 131.34760526789916, "lanes": null, "name": null, "ref": null, "bridge": null, "maxspeed": null, "tunnel": null, "priority": 2 }, "geometry": { "type": "LineString", "coordinates": [ [ 141.8831252, 43.427679 ], [ 141.8847135, 43.4274245 ] ] } },
{ "type": "Feature", "properties": { "u": 1938413147, "v": 1938413193, "key": 0, "osmid": "815757987", "highway": [ "trunk" ], "oneway": false, "reversed": "False", "length": 98.888905628635243, "lanes": "2", "name": "国道12号", "ref": "12", "bridge": null, "maxspeed": null, "tunnel": null, "priority": 4 }, "geometry": { "type": "LineString", "coordinates": [ [ 141.8884047, 43.4276824 ], [ 141.8886612, 43.428552 ] ] } },
{ "type": "Feature", "properties": { "u": 1938413147, "v": 1938413086, "key": 0, "osmid": "815757987", "highway": [ "trunk" ], "oneway": false, "reversed": "True", "length": 89.94943972427464, "lanes": "2", "name": "国道12号", "ref": "12", "bridge": null, "maxspeed": null, "tunnel": null, "priority": 4 }, "geometry": { "type": "LineString", "coordinates": [ [ 141.8884047, 43.4276824 ], [ 141.8881747, 43.4268909 ] ] } },
{ "type": "Feature", "properties": { "u": 1938413154, "v": 1938413157, "key": 0, "osmid": "297154876", "highway": [ "tertiary" ], "oneway": false, "reversed": "False", "length": 55.101755557728602, "lanes": null, "name": null, "ref": null, "bridge": null, "maxspeed": null, "tunnel": null, "priority": 2 }, "geometry": { "type": "LineString", "coordinates": [ [ 141.8825387, 43.427769 ], [ 141.881871499999988, 43.4278728 ] ] } },
{ "type": "Feature", "properties": { "u": 1938413154, "v": 1938413146, "key": 0, "osmid": "297154876", "highway": [ "tertiary" ], "oneway": false, "reversed": "True", "length": 48.408283750787255, "lanes": null, "name": null, "ref": null, "bridge": null, "maxspeed": null, "tunnel": null, "priority": 2 }, "geometry": { "type": "LineString", "coordinates": [ [ 141.8825387, 43.427769 ], [ 141.8831252, 43.427679 ] ] } },
{ "type": "Feature", "properties": { "u": 1938413157, "v": 1938413164, "key": 0, "osmid": "297154876", "highway": [ "tertiary" ], "oneway": false, "reversed": "False", "length": 43.592504750233388, "lanes": null, "name": null, "ref": null, "bridge": null, "maxspeed": null, "tunnel": null, "priority": 2 }, "geometry": { "type": "LineString", "coordinates": [ [ 141.881871499999988, 43.4278728 ], [ 141.8813441, 43.4279564 ] ] } },
{ "type": "Feature", "properties": { "u": 1938413157, "v": 1938413154, "key": 0, "osmid": "297154876", "highway": [ "tertiary" ], "oneway": false, "reversed": "True", "length": 55.101755557728602, "lanes": null, "name": null, "ref": null, "bridge": null, "maxspeed": null, "tunnel": null, "priority": 2 }, "geometry": { "type": "LineString", "coordinates": [ [ 141.881871499999988, 43.4278728 ], [ 141.8825387, 43.427769 ] ] } },
{ "type": "Feature", "properties": { "u": 1938413164, "v": 1938413127, "key": 0, "osmid": "183466045", "highway": [ "tertiary" ], "oneway": false, "reversed": "False", "length": 52.289700512376562, "lanes": null, "name": null, "ref": null, "bridge": null, "maxspeed": null, "tunnel": null, "priority": 2 }, "geometry": { "type": "LineString", "coordinates": [ [ 141.8813441, 43.4279564 ], [ 141.8812077, 43.4274967 ] ] } },
{ "type": "Feature", "properties": { "u": 1938413164, "v": 1938413206, "key": 0, "osmid": "183466045", "highway": [ "tertiary" ], "oneway": false, "reversed": "True", "length": 116.31330129630228, "lanes": null, "name": null, "ref": null, "bridge": null, "maxspeed": null, "tunnel": null, "priority": 2 }, "geometry": { "type": "LineString", "coordinates": [ [ 141.8813441, 43.4279564 ], [ 141.88164660000001, 43.4289791 ] ] } },
{ "type": "Feature", "properties": { "u": 1938413164, "v": 1938413157, "key": 0, "osmid": "297154876", "highway": [ "tertiary" ], "oneway": false, "reversed": "True", "length": 43.592504750233388, "lanes": null, "name": null, "ref": null, "bridge": null, "maxspeed": null, "tunnel": null, "priority": 2 }, "geometry": { "type": "LineString", "coordinates": [ [ 141.8813441, 43.4279564 ], [ 141.881871499999988, 43.4278728 ] ] } },
{ "type": "Feature", "properties": { "u": 1938413164, "v": 7111632757, "key": 0, "osmid": "297154876", "highway": [ "tertiary" ], "oneway": false, "reversed": "False", "length": 280.15072644103589, "lanes": null, "name": null, "ref": null, "bridge": null, "maxspeed": null, "tunnel": null, "priority": 2 }, "geometry": { "type": "LineString", "coordinates": [ [ 141.8813441, 43.4279564 ], [ 141.8798935, 43.4281667 ], [ 141.879299300000014, 43.42826 ], [ 141.8779485, 43.4284722 ] ] } },
{ "type": "Feature", "properties": { "u": 1938413165, "v": 1938413124, "key": 0, "osmid": "183466051", "highway": [ "tertiary" ], "oneway": false, "reversed": "False", "length": 68.50922656360332, "lanes": null, "name": null, "ref": null, "bridge": null, "maxspeed": null, "tunnel": null, "priority": 2 }, "geometry": { "type": "LineString", "coordinates": [ [ 141.884897200000012, 43.428026 ], [ 141.8847135, 43.4274245 ] ] } },
{ "type": "Feature", "properties": { "u": 1938413165, "v": 1938413171, "key": 0, "osmid": "183466051", "highway": [ "tertiary" ], "oneway": false, "reversed": "True", "length": 22.948219064202735, "lanes": null, "name": null, "ref": null, "bridge": null, "maxspeed": null, "tunnel": null, "priority": 2 }, "geometry": { "type": "LineString", "coordinates": [ [ 141.884897200000012, 43.428026 ], [ 141.8849634, 43.4282267 ] ] } },
{ "type": "Feature", "properties": { "u": 1938413171, "v": 1938413165, "key": 0, "osmid": "183466051", "highway": [ "tertiary" ], "oneway": false, "reversed": "False", "length": 22.948219064202735, "lanes": null, "name": null, "ref": null, "bridge": null, "maxspeed": null, "tunnel": null, "priority": 2 }, "geometry": { "type": "LineString", "coordinates": [ [ 141.8849634, 43.4282267 ], [ 141.884897200000012, 43.428026 ] ] } },
{ "type": "Feature", "properties": { "u": 1938413171, "v": 1938413196, "key": 0, "osmid": "183466051", "highway": [ "tertiary" ], "oneway": false, "reversed": "True", "length": 50.713177270728181, "lanes": null, "name": null, "ref": null, "bridge": null, "maxspeed": null, "tunnel": null, "priority": 2 }, "geometry": { "type": "LineString", "coordinates": [ [ 141.8849634, 43.4282267 ], [ 141.8850914, 43.4286732 ] ] } },
{ "type": "Feature", "properties": { "u": 1938413193, "v": 1938413207, "key": 0, "osmid": "815757987", "highway": [ "trunk" ], "oneway": false, "reversed": "False", "length": 52.59406111750225, "lanes": "2", "name": "国道12号", "ref": "12", "bridge": null, "maxspeed": null, "tunnel": null, "priority": 4 }, "geometry": { "type": "LineString", "coordinates": [ [ 141.8886612, 43.428552 ], [ 141.8887976, 43.4290145 ] ] } },
{ "type": "Feature", "properties": { "u": 1938413193, "v": 1938413147, "key": 0, "osmid": "815757987", "highway": [ "trunk" ], "oneway": false, "reversed": "True", "length": 98.888905628635243, "lanes": "2", "name": "国道12号", "ref": "12", "bridge": null, "maxspeed": null, "tunnel": null, "priority": 4 }, "geometry": { "type": "LineString", "coordinates": [ [ 141.8886612, 43.428552 ], [ 141.8884047, 43.4276824 ] ] } },
{ "type": "Feature", "properties": { "u": 1938413196, "v": 1938413171, "key": 0, "osmid": "183466051", "highway": [ "tertiary" ], "oneway": false, "reversed": "False", "length": 50.713177270728181, "lanes": null, "name": null, "ref": null, "bridge": null, "maxspeed": null, "tunnel": null, "priority": 2 }, "geometry": { "type": "LineString", "coordinates": [ [ 141.8850914, 43.4286732 ], [ 141.8849634, 43.4282267 ] ] } },
{ "type": "Feature", "properties": { "u": 1938413196, "v": 1938413211, "key": 0, "osmid": "183466051", "highway": [ "tertiary" ], "oneway": false, "reversed": "True", "length": 46.944496301432565, "lanes": null, "name": null, "ref": null, "bridge": null, "maxspeed": null, "tunnel": null, "priority": 2 }, "geometry": { "type": "LineString", "coordinates": [ [ 141.8850914, 43.4286732 ], [ 141.8852046, 43.4290873 ] ] } },
{ "type": "Feature", "properties": { "u": 1938413196, "v": 3010041364, "key": 0, "osmid": "297154884", "highway": [ "residential" ], "oneway": false, "reversed": "True", "length": 174.30176012169844, "lanes": null, "name": null, "ref": null, "bridge": null, "maxspeed": null, "tunnel": null, "priority": 1 }, "geometry": { "type": "LineString", "coordinates": [ [ 141.8850914, 43.4286732 ], [ 141.8845567, 43.4287825 ], [ 141.8845102, 43.428852 ], [ 141.884589299999988, 43.4291697 ], [ 141.8845421, 43.4292282 ], [ 141.8836021, 43.4293649 ] ] } },
{ "type": "Feature", "properties": { "u": 1938413206, "v": 1938413164, "key": 0, "osmid": "183466045", "highway": [ "tertiary" ], "oneway": false, "reversed": "False", "length": 116.31330129630228, "lanes": null, "name": null, "ref": null, "bridge": null, "maxspeed": null, "tunnel": null, "priority": 2 }, "geometry": { "type": "LineString", "coordinates": [ [ 141.88164660000001, 43.4289791 ], [ 141.8813441, 43.4279564 ] ] } },
{ "type": "Feature", "properties": { "u": 1938413206, "v": 1938413248, "key": 0, "osmid": "183466045", "highway": [ "tertiary" ], "oneway": false, "reversed": "True", "length": 49.32627609253182, "lanes": null, "name": null, "ref": null, "bridge": null, "maxspeed": null, "tunnel": null, "priority": 2 }, "geometry": { "type": "LineString", "coordinates": [ [ 141.88164660000001, 43.4289791 ], [ 141.881783, 43.4294115 ] ] } },
{ "type": "Feature", "properties": { "u": 1938413207, "v": 1938413216, "key": 0, "osmid": "183465894", "highway": [ "tertiary" ], "oneway": false, "reversed": "False", "length": 64.073287835656018, "lanes": null, "name": null, "ref": null, "bridge": null, "maxspeed": null, "tunnel": null, "priority": 2 }, "geometry": { "type": "LineString", "coordinates": [ [ 141.8887976, 43.4290145 ], [ 141.888022799999987, 43.4291387 ] ] } },
{ "type": "Feature", "properties": { "u": 1938413207, "v": 1938413247, "key": 0, "osmid": "815757987", "highway": [ "trunk" ], "oneway": false, "reversed": "False", "length": 42.575291936772011, "lanes": "2", "name": "国道12号", "ref": "12", "bridge": null, "maxspeed": null, "tunnel": null, "priority": 4 }, "geometry": { "type": "LineString", "coordinates": [ [ 141.8887976, 43.4290145 ], [ 141.888908, 43.4293889 ] ] } },
{ "type": "Feature", "properties": { "u": 1938413207, "v": 1938413193, "key": 0, "osmid": "815757987", "highway": [ "trunk" ], "oneway": false, "reversed": "True", "length": 52.59406111750225, "lanes": "2", "name": "国道12号", "ref": "12", "bridge": null, "maxspeed": null, "tunnel": null, "priority": 4 }, "geometry": { "type": "LineString", "coordinates": [ [ 141.8887976, 43.4290145 ], [ 141.8886612, 43.428552 ] ] } },
{ "type": "Feature", "properties": { "u": 1938413209, "v": 2350615106, "key": 0, "osmid": "297154876", "highway": [ "tertiary" ], "oneway": false, "reversed": "False", "length": 1126.412004875393, "lanes": null, "name": null, "ref": null, "bridge": null, "maxspeed": null, "tunnel": null, "priority": 2 }, "geometry": { "type": "LineString", "coordinates": [ [ 141.8745554, 43.4290052 ], [ 141.8609212, 43.4311456 ] ] } },
{ "type": "Feature", "properties": { "u": 1938413209, "v": 7111632757, "key": 0, "osmid": "297154876", "highway": [ "tertiary" ], "oneway": false, "reversed": "True", "length": 280.3401373965994, "lanes": null, "name": null, "ref": null, "bridge": null, "maxspeed": null, "tunnel": null, "priority": 2 }, "geometry": { "type": "LineString", "coordinates": [ [ 141.8745554, 43.4290052 ], [ 141.8779485, 43.4284722 ] ] } },
{ "type": "Feature", "properties": { "u": 1938413211, "v": 1938413196, "key": 0, "osmid": "183466051", "highway": [ "tertiary" ], "oneway": false, "reversed": "False", "length": 46.944496301432565, "lanes": null, "name": null, "ref": null, "bridge": null, "maxspeed": null, "tunnel": null, "priority": 2 }, "geometry": { "type": "LineString", "coordinates": [ [ 141.8852046, 43.4290873 ], [ 141.8850914, 43.4286732 ] ] } },
{ "type": "Feature", "properties": { "u": 1938413211, "v": 1938413253, "key": 0, "osmid": "183466051", "highway": [ "tertiary" ], "oneway": false, "reversed": "True", "length": 53.049200492769955, "lanes": null, "name": null, "ref": null, "bridge": null, "maxspeed": null, "tunnel": null, "priority": 2 }, "geometry": { "type": "LineString", "coordinates": [ [ 141.8852046, 43.4290873 ], [ 141.8853396, 43.4295542 ] ] } },
{ "type": "Feature", "properties": { "u": 1938413216, "v": 1938413217, "key": 0, "osmid": "183465894", "highway": [ "tertiary" ], "oneway": false, "reversed": "False", "length": 60.434880566932961, "lanes": null, "name": null, "ref": null, "bridge": null, "maxspeed": null, "tunnel": null, "priority": 2 }, "geometry": { "type": "LineString", "coordinates": [ [ 141.888022799999987, 43.4291387 ], [ 141.8872907, 43.4292515 ] ] } },
{ "type": "Feature", "properties": { "u": 1938413216, "v": 1938413207, "key": 0, "osmid": "183465894", "highway": [ "tertiary" ], "oneway": false, "reversed": "True", "length": 64.073287835656018, "lanes": null, "name": null, "ref": null, "bridge": null, "maxspeed": null, "tunnel": null, "priority": 2 }, "geometry": { "type": "LineString", "coordinates": [ [ 141.888022799999987, 43.4291387 ], [ 141.8887976, 43.4290145 ] ] } },
{ "type": "Feature", "properties": { "u": 1938413217, "v": 1938413245, "key": 0, "osmid": "183465894", "highway": [ "tertiary" ], "oneway": false, "reversed": "False", "length": 59.718042862850673, "lanes": null, "name": null, "ref": null, "bridge": null, "maxspeed": null, "tunnel": null, "priority": 2 }, "geometry": { "type": "LineString", "coordinates": [ [ 141.8872907, 43.4292515 ], [ 141.8865695, 43.4293703 ] ] } },
{ "type": "Feature", "properties": { "u": 1938413217, "v": 1938413216, "key": 0, "osmid": "183465894", "highway": [ "tertiary" ], "oneway": false, "reversed": "True", "length": 60.434880566932961, "lanes": null, "name": null, "ref": null, "bridge": null, "maxspeed": null, "tunnel": null, "priority": 2 }, "geometry": { "type": "LineString", "coordinates": [ [ 141.8872907, 43.4292515 ], [ 141.888022799999987, 43.4291387 ] ] } },
{ "type": "Feature", "properties": { "u": 1938413245, "v": 1938413253, "key": 0, "osmid": "183465894", "highway": [ "tertiary" ], "oneway": false, "reversed": "False", "length": 101.40046009888015, "lanes": null, "name": null, "ref": null, "bridge": null, "maxspeed": null, "tunnel": null, "priority": 2 }, "geometry": { "type": "LineString", "coordinates": [ [ 141.8865695, 43.4293703 ], [ 141.8853396, 43.4295542 ] ] } },
{ "type": "Feature", "properties": { "u": 1938413245, "v": 1938413217, "key": 0, "osmid": "183465894", "highway": [ "tertiary" ], "oneway": false, "reversed": "True", "length": 59.718042862850673, "lanes": null, "name": null, "ref": null, "bridge": null, "maxspeed": null, "tunnel": null, "priority": 2 }, "geometry": { "type": "LineString", "coordinates": [ [ 141.8865695, 43.4293703 ], [ 141.8872907, 43.4292515 ] ] } },
{ "type": "Feature", "properties": { "u": 1938413247, "v": 1938413251, "key": 0, "osmid": "815757987", "highway": [ "trunk" ], "oneway": false, "reversed": "False", "length": 10.132554493758599, "lanes": "2", "name": "国道12号", "ref": "12", "bridge": null, "maxspeed": null, "tunnel": null, "priority": 4 }, "geometry": { "type": "LineString", "coordinates": [ [ 141.888908, 43.4293889 ], [ 141.888934299999988, 43.429478 ] ] } },
{ "type": "Feature", "properties": { "u": 1938413247, "v": 1938413207, "key": 0, "osmid": "815757987", "highway": [ "trunk" ], "oneway": false, "reversed": "True", "length": 42.575291936772011, "lanes": "2", "name": "国道12号", "ref": "12", "bridge": null, "maxspeed": null, "tunnel": null, "priority": 4 }, "geometry": { "type": "LineString", "coordinates": [ [ 141.888908, 43.4293889 ], [ 141.8887976, 43.4290145 ] ] } },
{ "type": "Feature", "properties": { "u": 1938413248, "v": 1938413206, "key": 0, "osmid": "183466045", "highway": [ "tertiary" ], "oneway": false, "reversed": "False", "length": 49.32627609253182, "lanes": null, "name": null, "ref": null, "bridge": null, "maxspeed": null, "tunnel": null, "priority": 2 }, "geometry": { "type": "LineString", "coordinates": [ [ 141.881783, 43.4294115 ], [ 141.88164660000001, 43.4289791 ] ] } },
{ "type": "Feature", "properties": { "u": 1938413248, "v": 1938413306, "key": 0, "osmid": "183466045", "highway": [ "tertiary" ], "oneway": false, "reversed": "True", "length": 76.428859311510976, "lanes": null, "name": null, "ref": null, "bridge": null, "maxspeed": null, "tunnel": null, "priority": 2 }, "geometry": { "type": "LineString", "coordinates": [ [ 141.881783, 43.4294115 ], [ 141.8819713, 43.4300851 ] ] } },
{ "type": "Feature", "properties": { "u": 1938413251, "v": 1938413283, "key": 0, "osmid": "815757987", "highway": [ "trunk" ], "oneway": false, "reversed": "False", "length": 56.517683004953575, "lanes": "2", "name": "国道12号", "ref": "12", "bridge": null, "maxspeed": null, "tunnel": null, "priority": 4 }, "geometry": { "type": "LineString", "coordinates": [ [ 141.888934299999988, 43.429478 ], [ 141.88908090000001, 43.429975 ] ] } },
{ "type": "Feature", "properties": { "u": 1938413251, "v": 1938413247, "key": 0, "osmid": "815757987", "highway": [ "trunk" ], "oneway": false, "reversed": "True", "length": 10.132554493758599, "lanes": "2", "name": "国道12号", "ref": "12", "bridge": null, "maxspeed": null, "tunnel": null, "priority": 4 }, "geometry": { "type": "LineString", "coordinates": [ [ 141.888934299999988, 43.429478 ], [ 141.888908, 43.4293889 ] ] } },
{ "type": "Feature", "properties": { "u": 1938413253, "v": 1938413259, "key": 0, "osmid": "183465894", "highway": [ "tertiary" ], "oneway": false, "reversed": "False", "length": 48.923524596843933, "lanes": null, "name": null, "ref": null, "bridge": null, "maxspeed": null, "tunnel": null, "priority": 2 }, "geometry": { "type": "LineString", "coordinates": [ [ 141.8853396, 43.4295542 ], [ 141.884747800000014, 43.4296484 ] ] } },
{ "type": "Feature", "properties": { "u": 1938413253, "v": 1938413245, "key": 0, "osmid": "183465894", "highway": [ "tertiary" ], "oneway": false, "reversed": "True", "length": 101.40046009888015, "lanes": null, "name": null, "ref": null, "bridge": null, "maxspeed": null, "tunnel": null, "priority": 2 }, "geometry": { "type": "LineString", "coordinates": [ [ 141.8853396, 43.4295542 ], [ 141.8865695, 43.4293703 ] ] } },
{ "type": "Feature", "properties": { "u": 1938413253, "v": 1938413211, "key": 0, "osmid": "183466051", "highway": [ "tertiary" ], "oneway": false, "reversed": "False", "length": 53.049200492769955, "lanes": null, "name": null, "ref": null, "bridge": null, "maxspeed": null, "tunnel": null, "priority": 2 }, "geometry": { "type": "LineString", "coordinates": [ [ 141.8853396, 43.4295542 ], [ 141.8852046, 43.4290873 ] ] } },
{ "type": "Feature", "properties": { "u": 1938413253, "v": 1938413279, "key": 0, "osmid": "183466051", "highway": [ "tertiary" ], "oneway": false, "reversed": "True", "length": 44.135787482678204, "lanes": null, "name": null, "ref": null, "bridge": null, "maxspeed": null, "tunnel": null, "priority": 2 }, "geometry": { "type": "LineString", "coordinates": [ [ 141.8853396, 43.4295542 ], [ 141.8854586, 43.4299416 ] ] } },
{ "type": "Feature", "properties": { "u": 1938413259, "v": 1938413266, "key": 0, "osmid": "183465894", "highway": [ "tertiary" ], "oneway": false, "reversed": "False", "length": 41.813686885271856, "lanes": null, "name": null, "ref": null, "bridge": null, "maxspeed": null, "tunnel": null, "priority": 2 }, "geometry": { "type": "LineString", "coordinates": [ [ 141.884747800000014, 43.4296484 ], [ 141.8842417, 43.4297279 ] ] } },
{ "type": "Feature", "properties": { "u": 1938413259, "v": 1938413253, "key": 0, "osmid": "183465894", "highway": [ "tertiary" ], "oneway": false, "reversed": "True", "length": 48.923524596843933, "lanes": null, "name": null, "ref": null, "bridge": null, "maxspeed": null, "tunnel": null, "priority": 2 }, "geometry": { "type": "LineString", "coordinates": [ [ 141.884747800000014, 43.4296484 ], [ 141.8853396, 43.4295542 ] ] } },
{ "type": "Feature", "properties": { "u": 1938413263, "v": 1938412978, "key": 0, "osmid": "806280802", "highway": [ "secondary" ], "oneway": false, "reversed": "True", "length": 438.7435775362614, "lanes": null, "name": "砂川奈井江美唄線", "ref": "1130", "bridge": null, "maxspeed": null, "tunnel": null, "priority": 2 }, "geometry": { "type": "LineString", "coordinates": [ [ 141.9033203, 43.4297227 ], [ 141.902188200000012, 43.4258636 ] ] } },
{ "type": "Feature", "properties": { "u": 1938413263, "v": 2350615130, "key": 0, "osmid": "806280802", "highway": [ "secondary" ], "oneway": false, "reversed": "False", "length": 190.10699894900219, "lanes": null, "name": "砂川奈井江美唄線", "ref": "1130", "bridge": null, "maxspeed": null, "tunnel": null, "priority": 2 }, "geometry": { "type": "LineString", "coordinates": [ [ 141.9033203, 43.4297227 ], [ 141.9037672, 43.4312215 ], [ 141.9038113, 43.4313947 ] ] } },
{ "type": "Feature", "properties": { "u": 1938413266, "v": 1938413273, "key": 0, "osmid": "183465894", "highway": [ "tertiary" ], "oneway": false, "reversed": "False", "length": 41.249486778127277, "lanes": null, "name": null, "ref": null, "bridge": null, "maxspeed": null, "tunnel": null, "priority": 2 }, "geometry": { "type": "LineString", "coordinates": [ [ 141.8842417, 43.4297279 ], [ 141.8837447, 43.4298136 ] ] } },
{ "type": "Feature", "properties": { "u": 1938413266, "v": 1938413259, "key": 0, "osmid": "183465894", "highway": [ "tertiary" ], "oneway": false, "reversed": "True", "length": 41.813686885271856, "lanes": null, "name": null, "ref": null, "bridge": null, "maxspeed": null, "tunnel": null, "priority": 2 }, "geometry": { "type": "LineString", "coordinates": [ [ 141.8842417, 43.4297279 ], [ 141.884747800000014, 43.4296484 ] ] } },
{ "type": "Feature", "properties": { "u": 1938413273, "v": 1938413280, "key": 0, "osmid": "183465894", "highway": [ "tertiary" ], "oneway": false, "reversed": "False", "length": 84.67123856922494, "lanes": null, "name": null, "ref": null, "bridge": null, "maxspeed": null, "tunnel": null, "priority": 2 }, "geometry": { "type": "LineString", "coordinates": [ [ 141.8837447, 43.4298136 ], [ 141.8827182, 43.4299689 ] ] } },
{ "type": "Feature", "properties": { "u": 1938413273, "v": 1938413266, "key": 0, "osmid": "183465894", "highway": [ "tertiary" ], "oneway": false, "reversed": "True", "length": 41.249486778127277, "lanes": null, "name": null, "ref": null, "bridge": null, "maxspeed": null, "tunnel": null, "priority": 2 }, "geometry": { "type": "LineString", "coordinates": [ [ 141.8837447, 43.4298136 ], [ 141.8842417, 43.4297279 ] ] } },
{ "type": "Feature", "properties": { "u": 1938413279, "v": 1938413253, "key": 0, "osmid": "183466051", "highway": [ "tertiary" ], "oneway": false, "reversed": "False", "length": 44.135787482678204, "lanes": null, "name": null, "ref": null, "bridge": null, "maxspeed": null, "tunnel": null, "priority": 2 }, "geometry": { "type": "LineString", "coordinates": [ [ 141.8854586, 43.4299416 ], [ 141.8853396, 43.4295542 ] ] } },
{ "type": "Feature", "properties": { "u": 1938413279, "v": 1938413322, "key": 0, "osmid": "183466051", "highway": [ "tertiary" ], "oneway": false, "reversed": "True", "length": 48.827717307549833, "lanes": null, "name": null, "ref": null, "bridge": null, "maxspeed": null, "tunnel": null, "priority": 2 }, "geometry": { "type": "LineString", "coordinates": [ [ 141.8854586, 43.4299416 ], [ 141.8855944, 43.4303695 ] ] } },
{ "type": "Feature", "properties": { "u": 1938413280, "v": 1938413306, "key": 0, "osmid": "183465894", "highway": [ "tertiary" ], "oneway": false, "reversed": "False", "length": 61.681769809993924, "lanes": null, "name": null, "ref": null, "bridge": null, "maxspeed": null, "tunnel": null, "priority": 2 }, "geometry": { "type": "LineString", "coordinates": [ [ 141.8827182, 43.4299689 ], [ 141.8819713, 43.4300851 ] ] } },
{ "type": "Feature", "properties": { "u": 1938413280, "v": 1938413273, "key": 0, "osmid": "183465894", "highway": [ "tertiary" ], "oneway": false, "reversed": "True", "length": 84.67123856922494, "lanes": null, "name": null, "ref": null, "bridge": null, "maxspeed": null, "tunnel": null, "priority": 2 }, "geometry": { "type": "LineString", "coordinates": [ [ 141.8827182, 43.4299689 ], [ 141.8837447, 43.4298136 ] ] } },
{ "type": "Feature", "properties": { "u": 1938413283, "v": 1938413337, "key": 0, "osmid": "815757987", "highway": [ "trunk" ], "oneway": false, "reversed": "False", "length": 65.887900229846764, "lanes": "2", "name": "国道12号", "ref": "12", "bridge": null, "maxspeed": null, "tunnel": null, "priority": 4 }, "geometry": { "type": "LineString", "coordinates": [ [ 141.88908090000001, 43.429975 ], [ 141.889251800000011, 43.4305544 ] ] } },
{ "type": "Feature", "properties": { "u": 1938413283, "v": 1938413251, "key": 0, "osmid": "815757987", "highway": [ "trunk" ], "oneway": false, "reversed": "True", "length": 56.517683004953575, "lanes": "2", "name": "国道12号", "ref": "12", "bridge": null, "maxspeed": null, "tunnel": null, "priority": 4 }, "geometry": { "type": "LineString", "coordinates": [ [ 141.88908090000001, 43.429975 ], [ 141.888934299999988, 43.429478 ] ] } },
{ "type": "Feature", "properties": { "u": 1938413306, "v": 1938413280, "key": 0, "osmid": "183465894", "highway": [ "tertiary" ], "oneway": false, "reversed": "True", "length": 61.681769809993924, "lanes": null, "name": null, "ref": null, "bridge": null, "maxspeed": null, "tunnel": null, "priority": 2 }, "geometry": { "type": "LineString", "coordinates": [ [ 141.8819713, 43.4300851 ], [ 141.8827182, 43.4299689 ] ] } },
{ "type": "Feature", "properties": { "u": 1938413306, "v": 1938413248, "key": 0, "osmid": "183466045", "highway": [ "tertiary" ], "oneway": false, "reversed": "False", "length": 76.428859311510976, "lanes": null, "name": null, "ref": null, "bridge": null, "maxspeed": null, "tunnel": null, "priority": 2 }, "geometry": { "type": "LineString", "coordinates": [ [ 141.8819713, 43.4300851 ], [ 141.881783, 43.4294115 ] ] } },
{ "type": "Feature", "properties": { "u": 1938413306, "v": 1938413374, "key": 0, "osmid": "183466045", "highway": [ "tertiary" ], "oneway": false, "reversed": "True", "length": 92.40015187664909, "lanes": null, "name": null, "ref": null, "bridge": null, "maxspeed": null, "tunnel": null, "priority": 2 }, "geometry": { "type": "LineString", "coordinates": [ [ 141.8819713, 43.4300851 ], [ 141.8822093, 43.4308979 ] ] } },
{ "type": "Feature", "properties": { "u": 1938413322, "v": 1938413279, "key": 0, "osmid": "183466051", "highway": [ "tertiary" ], "oneway": false, "reversed": "False", "length": 48.827717307549833, "lanes": null, "name": null, "ref": null, "bridge": null, "maxspeed": null, "tunnel": null, "priority": 2 }, "geometry": { "type": "LineString", "coordinates": [ [ 141.8855944, 43.4303695 ], [ 141.8854586, 43.4299416 ] ] } },
{ "type": "Feature", "properties": { "u": 1938413322, "v": 1938413329, "key": 0, "osmid": "183466051", "highway": [ "tertiary" ], "oneway": false, "reversed": "True", "length": 16.574892139566899, "lanes": null, "name": null, "ref": null, "bridge": null, "maxspeed": null, "tunnel": null, "priority": 2 }, "geometry": { "type": "LineString", "coordinates": [ [ 141.8855944, 43.4303695 ], [ 141.885639, 43.430515 ] ] } },
{ "type": "Feature", "properties": { "u": 1938413329, "v": 1938413322, "key": 0, "osmid": "183466051", "highway": [ "tertiary" ], "oneway": false, "reversed": "False", "length": 16.574892139566899, "lanes": null, "name": null, "ref": null, "bridge": null, "maxspeed": null, "tunnel": null, "priority": 2 }, "geometry": { "type": "LineString", "coordinates": [ [ 141.885639, 43.430515 ], [ 141.8855944, 43.4303695 ] ] } },
{ "type": "Feature", "properties": { "u": 1938413329, "v": 1938413376, "key": 0, "osmid": "183466051", "highway": [ "tertiary" ], "oneway": false, "reversed": "True", "length": 53.577012290287648, "lanes": null, "name": null, "ref": null, "bridge": null, "maxspeed": null, "tunnel": null, "priority": 2 }, "geometry": { "type": "LineString", "coordinates": [ [ 141.885639, 43.430515 ], [ 141.885773, 43.4309869 ] ] } },
{ "type": "Feature", "properties": { "u": 1938413337, "v": 1938413370, "key": 0, "osmid": "815757987", "highway": [ "trunk" ], "oneway": false, "reversed": "False", "length": 39.117673715043665, "lanes": "2", "name": "国道12号", "ref": "12", "bridge": null, "maxspeed": null, "tunnel": null, "priority": 4 }, "geometry": { "type": "LineString", "coordinates": [ [ 141.889251800000011, 43.4305544 ], [ 141.889353199999988, 43.4308984 ] ] } },
{ "type": "Feature", "properties": { "u": 1938413337, "v": 1938413283, "key": 0, "osmid": "815757987", "highway": [ "trunk" ], "oneway": false, "reversed": "True", "length": 65.887900229846764, "lanes": "2", "name": "国道12号", "ref": "12", "bridge": null, "maxspeed": null, "tunnel": null, "priority": 4 }, "geometry": { "type": "LineString", "coordinates": [ [ 141.889251800000011, 43.4305544 ], [ 141.88908090000001, 43.429975 ] ] } },
{ "type": "Feature", "properties": { "u": 1938413370, "v": 501816742, "key": 0, "osmid": "815757987", "highway": [ "trunk" ], "oneway": false, "reversed": "False", "length": 106.39926896894194, "lanes": "2", "name": "国道12号", "ref": "12", "bridge": null, "maxspeed": null, "tunnel": null, "priority": 4 }, "geometry": { "type": "LineString", "coordinates": [ [ 141.889353199999988, 43.4308984 ], [ 141.8896581, 43.4318293 ] ] } },
{ "type": "Feature", "properties": { "u": 1938413370, "v": 1938413337, "key": 0, "osmid": "815757987", "highway": [ "trunk" ], "oneway": false, "reversed": "True", "length": 39.117673715043665, "lanes": "2", "name": "国道12号", "ref": "12", "bridge": null, "maxspeed": null, "tunnel": null, "priority": 4 }, "geometry": { "type": "LineString", "coordinates": [ [ 141.889353199999988, 43.4308984 ], [ 141.889251800000011, 43.4305544 ] ] } },
{ "type": "Feature", "properties": { "u": 1938413374, "v": 1938413306, "key": 0, "osmid": "183466045", "highway": [ "tertiary" ], "oneway": false, "reversed": "False", "length": 92.40015187664909, "lanes": null, "name": null, "ref": null, "bridge": null, "maxspeed": null, "tunnel": null, "priority": 2 }, "geometry": { "type": "LineString", "coordinates": [ [ 141.8822093, 43.4308979 ], [ 141.8819713, 43.4300851 ] ] } },
{ "type": "Feature", "properties": { "u": 1938413374, "v": 1938413397, "key": 0, "osmid": "183466045", "highway": [ "tertiary" ], "oneway": false, "reversed": "True", "length": 68.322647968522531, "lanes": null, "name": null, "ref": null, "bridge": null, "maxspeed": null, "tunnel": null, "priority": 2 }, "geometry": { "type": "LineString", "coordinates": [ [ 141.8822093, 43.4308979 ], [ 141.8823807, 43.4314996 ] ] } },
{ "type": "Feature", "properties": { "u": 1938413376, "v": 1938413329, "key": 0, "osmid": "183466051", "highway": [ "tertiary" ], "oneway": false, "reversed": "False", "length": 53.577012290287648, "lanes": null, "name": null, "ref": null, "bridge": null, "maxspeed": null, "tunnel": null, "priority": 2 }, "geometry": { "type": "LineString", "coordinates": [ [ 141.885773, 43.4309869 ], [ 141.885639, 43.430515 ] ] } },
{ "type": "Feature", "properties": { "u": 1938413376, "v": 1938413385, "key": 0, "osmid": "183466051", "highway": [ "tertiary" ], "oneway": false, "reversed": "True", "length": 9.367909408151073, "lanes": null, "name": null, "ref": null, "bridge": null, "maxspeed": null, "tunnel": null, "priority": 2 }, "geometry": { "type": "LineString", "coordinates": [ [ 141.885773, 43.4309869 ], [ 141.8857978, 43.4310692 ] ] } },
{ "type": "Feature", "properties": { "u": 1938413385, "v": 1938413376, "key": 0, "osmid": "183466051", "highway": [ "tertiary" ], "oneway": false, "reversed": "False", "length": 9.367909408151073, "lanes": null, "name": null, "ref": null, "bridge": null, "maxspeed": null, "tunnel": null, "priority": 2 }, "geometry": { "type": "LineString", "coordinates": [ [ 141.8857978, 43.4310692 ], [ 141.885773, 43.4309869 ] ] } },
{ "type": "Feature", "properties": { "u": 1938413385, "v": 1938413432, "key": 0, "osmid": "183466051", "highway": [ "tertiary" ], "oneway": false, "reversed": "True", "length": 149.79436012616316, "lanes": null, "name": null, "ref": null, "bridge": null, "maxspeed": null, "tunnel": null, "priority": 2 }, "geometry": { "type": "LineString", "coordinates": [ [ 141.8857978, 43.4310692 ], [ 141.886199299999987, 43.4323844 ] ] } },
{ "type": "Feature", "properties": { "u": 1938413397, "v": 1938413374, "key": 0, "osmid": "183466045", "highway": [ "tertiary" ], "oneway": false, "reversed": "False", "length": 68.322647968522531, "lanes": null, "name": null, "ref": null, "bridge": null, "maxspeed": null, "tunnel": null, "priority": 2 }, "geometry": { "type": "LineString", "coordinates": [ [ 141.8823807, 43.4314996 ], [ 141.8822093, 43.4308979 ] ] } },
{ "type": "Feature", "properties": { "u": 1938413397, "v": 1938413435, "key": 0, "osmid": "183466045", "highway": [ "tertiary" ], "oneway": false, "reversed": "True", "length": 160.28812778078188, "lanes": null, "name": null, "ref": null, "bridge": null, "maxspeed": null, "tunnel": null, "priority": 2 }, "geometry": { "type": "LineString", "coordinates": [ [ 141.8823807, 43.4314996 ], [ 141.8828024, 43.4329082 ] ] } },
{ "type": "Feature", "properties": { "u": 1938413430, "v": 7111573608, "key": 0, "osmid": "183466015", "highway": [ "residential" ], "oneway": false, "reversed": "True", "length": 79.051315812980476, "lanes": null, "name": null, "ref": null, "bridge": null, "maxspeed": null, "tunnel": null, "priority": 1 }, "geometry": { "type": "LineString", "coordinates": [ [ 141.8870852, 43.4322439 ], [ 141.8872963, 43.4329381 ] ] } },
{ "type": "Feature", "properties": { "u": 1938413432, "v": 1938413385, "key": 0, "osmid": "183466051", "highway": [ "tertiary" ], "oneway": false, "reversed": "False", "length": 149.79436012616316, "lanes": null, "name": null, "ref": null, "bridge": null, "maxspeed": null, "tunnel": null, "priority": 2 }, "geometry": { "type": "LineString", "coordinates": [ [ 141.886199299999987, 43.4323844 ], [ 141.8857978, 43.4310692 ] ] } },
{ "type": "Feature", "properties": { "u": 1938413432, "v": 7111573607, "key": 0, "osmid": "183466051", "highway": [ "tertiary" ], "oneway": false, "reversed": "True", "length": 79.292351976913977, "lanes": null, "name": null, "ref": null, "bridge": null, "maxspeed": null, "tunnel": null, "priority": 2 }, "geometry": { "type": "LineString", "coordinates": [ [ 141.886199299999987, 43.4323844 ], [ 141.8863996, 43.4330825 ] ] } },
{ "type": "Feature", "properties": { "u": 1938413435, "v": 1938413397, "key": 0, "osmid": "183466045", "highway": [ "tertiary" ], "oneway": false, "reversed": "False", "length": 160.28812778078188, "lanes": null, "name": null, "ref": null, "bridge": null, "maxspeed": null, "tunnel": null, "priority": 2 }, "geometry": { "type": "LineString", "coordinates": [ [ 141.8828024, 43.4329082 ], [ 141.8823807, 43.4314996 ] ] } },
{ "type": "Feature", "properties": { "u": 1938413435, "v": 1938413469, "key": 0, "osmid": "183466045", "highway": [ "tertiary" ], "oneway": false, "reversed": "True", "length": 564.30665606661034, "lanes": null, "name": null, "ref": null, "bridge": null, "maxspeed": null, "tunnel": null, "priority": 2 }, "geometry": { "type": "LineString", "coordinates": [ [ 141.8828024, 43.4329082 ], [ 141.884259500000013, 43.4378716 ] ] } },
{ "type": "Feature", "properties": { "u": 1938413436, "v": 7111573608, "key": 0, "osmid": "183466015", "highway": [ "residential" ], "oneway": false, "reversed": "False", "length": 21.432296145159718, "lanes": null, "name": null, "ref": null, "bridge": null, "maxspeed": null, "tunnel": null, "priority": 1 }, "geometry": { "type": "LineString", "coordinates": [ [ 141.887353600000012, 43.4331263 ], [ 141.8872963, 43.4329381 ] ] } },
{ "type": "Feature", "properties": { "u": 1938413438, "v": 1938413440, "key": 0, "osmid": "183466010", "highway": [ "residential" ], "oneway": false, "reversed": "False", "length": 87.341261515568902, "lanes": null, "name": null, "ref": null, "bridge": null, "maxspeed": null, "tunnel": null, "priority": 1 }, "geometry": { "type": "LineString", "coordinates": [ [ 141.8870755, 43.4331715 ], [ 141.8873106, 43.4339382 ] ] } },
{ "type": "Feature", "properties": { "u": 1938413439, "v": 7111573607, "key": 0, "osmid": "183466051", "highway": [ "tertiary" ], "oneway": false, "reversed": "False", "length": 20.830778680738113, "lanes": null, "name": null, "ref": null, "bridge": null, "maxspeed": null, "tunnel": null, "priority": 2 }, "geometry": { "type": "LineString", "coordinates": [ [ 141.8864522, 43.4332659 ], [ 141.8863996, 43.4330825 ] ] } },
{ "type": "Feature", "properties": { "u": 1938413439, "v": 389414192, "key": 0, "osmid": "183466051", "highway": [ "tertiary" ], "oneway": false, "reversed": "True", "length": 88.130921509065701, "lanes": null, "name": null, "ref": null, "bridge": null, "maxspeed": null, "tunnel": null, "priority": 2 }, "geometry": { "type": "LineString", "coordinates": [ [ 141.8864522, 43.4332659 ], [ 141.8866933, 43.4340389 ] ] } },
{ "type": "Feature", "properties": { "u": 1938413440, "v": 1938413438, "key": 0, "osmid": "183466010", "highway": [ "residential" ], "oneway": false, "reversed": "True", "length": 87.341261515568902, "lanes": null, "name": null, "ref": null, "bridge": null, "maxspeed": null, "tunnel": null, "priority": 1 }, "geometry": { "type": "LineString", "coordinates": [ [ 141.8873106, 43.4339382 ], [ 141.8870755, 43.4331715 ] ] } },
{ "type": "Feature", "properties": { "u": 1938413467, "v": 389414192, "key": 0, "osmid": "183466051", "highway": [ "tertiary" ], "oneway": false, "reversed": "False", "length": 377.64049310293632, "lanes": null, "name": null, "ref": null, "bridge": null, "maxspeed": null, "tunnel": null, "priority": 2 }, "geometry": { "type": "LineString", "coordinates": [ [ 141.887653199999988, 43.4373628 ], [ 141.8866933, 43.4340389 ] ] } },
{ "type": "Feature", "properties": { "u": 1938413469, "v": 1938413435, "key": 0, "osmid": "183466045", "highway": [ "tertiary" ], "oneway": false, "reversed": "False", "length": 564.30665606661034, "lanes": null, "name": null, "ref": null, "bridge": null, "maxspeed": null, "tunnel": null, "priority": 2 }, "geometry": { "type": "LineString", "coordinates": [ [ 141.884259500000013, 43.4378716 ], [ 141.8828024, 43.4329082 ] ] } },
{ "type": "Feature", "properties": { "u": 1938413469, "v": 2350616143, "key": 0, "osmid": "183466045", "highway": [ "tertiary" ], "oneway": false, "reversed": "True", "length": 191.27248353274098, "lanes": null, "name": null, "ref": null, "bridge": null, "maxspeed": null, "tunnel": null, "priority": 2 }, "geometry": { "type": "LineString", "coordinates": [ [ 141.884259500000013, 43.4378716 ], [ 141.8847576, 43.4395533 ] ] } },
{ "type": "Feature", "properties": { "u": 1938413494, "v": 2350616274, "key": 0, "osmid": "183466045", "highway": [ "tertiary" ], "oneway": false, "reversed": "False", "length": 184.91034586677426, "lanes": null, "name": null, "ref": null, "bridge": null, "maxspeed": null, "tunnel": null, "priority": 2 }, "geometry": { "type": "LineString", "coordinates": [ [ 141.8857308, 43.4428438 ], [ 141.8852288, 43.4412213 ] ] } },
{ "type": "Feature", "properties": { "u": 1938413494, "v": 1938413567, "key": 0, "osmid": "183466045", "highway": [ "tertiary" ], "oneway": false, "reversed": "True", "length": 564.19524811421275, "lanes": null, "name": null, "ref": null, "bridge": null, "maxspeed": null, "tunnel": null, "priority": 2 }, "geometry": { "type": "LineString", "coordinates": [ [ 141.8857308, 43.4428438 ], [ 141.887175, 43.4478082 ] ] } },
{ "type": "Feature", "properties": { "u": 1938413555, "v": 1938413563, "key": 0, "osmid": "183465910", "highway": [ "primary" ], "oneway": false, "reversed": "False", "length": 163.39481676829797, "lanes": "2", "name": "赤平奈井江線", "ref": "114", "bridge": null, "maxspeed": null, "tunnel": null, "priority": 3 }, "geometry": { "type": "LineString", "coordinates": [ [ 141.924715, 43.4472116 ], [ 141.9239828, 43.4473424 ], [ 141.9231816, 43.4474582 ], [ 141.9227376, 43.4475236 ] ] } },
{ "type": "Feature", "properties": { "u": 1938413555, "v": 2350616649, "key": 0, "osmid": [ 226201370, 857252477, 183465910 ], "highway": [ "primary" ], "oneway": false, "reversed": [ false, true ], "length": 486.28700800673352, "lanes": "2", "name": "赤平奈井江線", "ref": "114", "bridge": "yes", "maxspeed": null, "tunnel": null, "priority": 3 }, "geometry": { "type": "LineString", "coordinates": [ [ 141.924715, 43.4472116 ], [ 141.925092400000011, 43.4471385 ], [ 141.9273182, 43.4467257 ], [ 141.927709599999986, 43.4466378 ], [ 141.9278023, 43.4466139 ], [ 141.927879, 43.44659 ], [ 141.9288666, 43.4463108 ], [ 141.929594, 43.4460941 ], [ 141.9300709, 43.4459619 ], [ 141.930431700000014, 43.4458589 ] ] } },
{ "type": "Feature", "properties": { "u": 1938413563, "v": 4329566704, "key": 0, "osmid": [ 435239701, 183465910, 435239702 ], "highway": [ "primary" ], "oneway": false, "reversed": [ false, true ], "length": 636.29643359729153, "lanes": "2", "name": "赤平奈井江線", "ref": "114", "bridge": "yes", "maxspeed": null, "tunnel": null, "priority": 3 }, "geometry": { "type": "LineString", "coordinates": [ [ 141.9227376, 43.4475236 ], [ 141.9208075, 43.447789 ], [ 141.9204814, 43.4478338 ], [ 141.9199391, 43.4479149 ], [ 141.9185225, 43.4481169 ], [ 141.9184665, 43.4481249 ], [ 141.917958199999987, 43.448207 ], [ 141.917743300000012, 43.4482484 ], [ 141.9172471, 43.4483526 ], [ 141.9168836, 43.4484093 ], [ 141.9164939, 43.4484565 ], [ 141.9150218, 43.4486831 ] ] } },
{ "type": "Feature", "properties": { "u": 1938413563, "v": 1938413555, "key": 0, "osmid": "183465910", "highway": [ "primary" ], "oneway": false, "reversed": "True", "length": 163.39481676829797, "lanes": "2", "name": "赤平奈井江線", "ref": "114", "bridge": null, "maxspeed": null, "tunnel": null, "priority": 3 }, "geometry": { "type": "LineString", "coordinates": [ [ 141.9227376, 43.4475236 ], [ 141.9231816, 43.4474582 ], [ 141.9239828, 43.4473424 ], [ 141.924715, 43.4472116 ] ] } },
{ "type": "Feature", "properties": { "u": 1938413567, "v": 1938413494, "key": 0, "osmid": "183466045", "highway": [ "tertiary" ], "oneway": false, "reversed": "False", "length": 564.19524811421275, "lanes": null, "name": null, "ref": null, "bridge": null, "maxspeed": null, "tunnel": null, "priority": 2 }, "geometry": { "type": "LineString", "coordinates": [ [ 141.887175, 43.4478082 ], [ 141.8857308, 43.4428438 ] ] } },
{ "type": "Feature", "properties": { "u": 1938413567, "v": 2350616833, "key": 0, "osmid": "183466045", "highway": [ "tertiary" ], "oneway": false, "reversed": "True", "length": 564.04911462629263, "lanes": null, "name": null, "ref": null, "bridge": null, "maxspeed": null, "tunnel": null, "priority": 2 }, "geometry": { "type": "LineString", "coordinates": [ [ 141.887175, 43.4478082 ], [ 141.8886125, 43.4527723 ] ] } },
{ "type": "Feature", "properties": { "u": 1938413596, "v": 862583771, "key": 0, "osmid": "33995222", "highway": [ "primary" ], "oneway": false, "reversed": "True", "length": 288.26111619571526, "lanes": "2", "name": "赤平奈井江線", "ref": "114", "bridge": null, "maxspeed": null, "tunnel": null, "priority": 3 }, "geometry": { "type": "LineString", "coordinates": [ [ 141.9126488, 43.4490423 ], [ 141.90916, 43.4495949 ] ] } },
{ "type": "Feature", "properties": { "u": 1938413596, "v": 2350616733, "key": 0, "osmid": [ 429849734, 33995222, 435239702 ], "highway": [ "primary" ], "oneway": false, "reversed": "False", "length": 160.65823648416074, "lanes": "2", "name": "赤平奈井江線", "ref": "114", "bridge": "yes", "maxspeed": null, "tunnel": null, "priority": 3 }, "geometry": { "type": "LineString", "coordinates": [ [ 141.9126488, 43.4490423 ], [ 141.9129512, 43.4489907 ], [ 141.913552399999986, 43.4489036 ], [ 141.913637099999988, 43.4488911 ], [ 141.914597500000013, 43.4487494 ] ] } },
{ "type": "Feature", "properties": { "u": 1938413596, "v": 2350616631, "key": 0, "osmid": [ 183465896, 183466226, 183465944 ], "highway": "['tertiary' 'unclassified']", "oneway": false, "reversed": "False", "length": 574.35394260569524, "lanes": null, "name": null, "ref": null, "bridge": "yes", "maxspeed": null, "tunnel": null, "priority": 2 }, "geometry": { "type": "LineString", "coordinates": [ [ 141.9126488, 43.4490423 ], [ 141.9125879, 43.4488372 ], [ 141.9125965, 43.4486579 ], [ 141.9126541, 43.4485318 ], [ 141.9127413, 43.4484209 ], [ 141.9128665, 43.4483141 ], [ 141.913074200000011, 43.4482095 ], [ 141.913339400000012, 43.4481503 ], [ 141.9144906, 43.4480735 ], [ 141.9146925, 43.4480361 ], [ 141.9148472, 43.4479827 ], [ 141.9149682, 43.447889 ], [ 141.9150574, 43.4478082 ], [ 141.9151387, 43.447666 ], [ 141.915248600000012, 43.4473639 ], [ 141.9153088, 43.4471565 ], [ 141.9153676, 43.4468902 ], [ 141.9153661, 43.4465394 ], [ 141.9149827, 43.445224 ] ] } },
{ "type": "Feature", "properties": { "u": 2350610481, "v": 1938412323, "key": 0, "osmid": [ 226201347, 226201348, 183465956, 226201351, 226201352, 226201322, 226201354, 226201356, 226201357, 226201358, 183466122, 226201328, 183466166, 226201341 ], "highway": [ "secondary" ], "oneway": false, "reversed": [ false, true ], "length": 8262.1316306254939, "lanes": null, "name": "東奈井江奈井江停車場線", "ref": "529", "bridge": "yes", "maxspeed": null, "tunnel": "yes", "priority": 2 }, "geometry": { "type": "LineString", "coordinates": [ [ 141.985795, 43.393624 ], [ 141.98571, 43.393602 ], [ 141.985618, 43.393551 ], [ 141.985533, 43.393495 ], [ 141.985448, 43.393393 ], [ 141.985233, 43.393202 ], [ 141.98487, 43.392932 ], [ 141.984345, 43.392645 ], [ 141.984091, 43.392527 ], [ 141.982974, 43.392026 ], [ 141.982797, 43.391947 ], [ 141.982488, 43.391818 ], [ 141.982404, 43.391761 ], [ 141.98235, 43.391677 ], [ 141.982342, 43.391519 ], [ 141.982365, 43.391384 ], [ 141.982473, 43.391188 ], [ 141.982481, 43.391114 ], [ 141.982434, 43.391052 ], [ 141.982342, 43.391002 ], [ 141.982196, 43.390979 ], [ 141.981756, 43.390906 ], [ 141.981579, 43.390844 ], [ 141.981309, 43.390737 ], [ 141.98117, 43.390732 ], [ 141.980947, 43.390777 ], [ 141.980669, 43.390895 ], [ 141.980369, 43.391058 ], [ 141.980006, 43.391311 ], [ 141.979868, 43.391373 ], [ 141.979721, 43.391401 ], [ 141.979536, 43.391401 ], [ 141.979359, 43.391373 ], [ 141.978957, 43.391261 ], [ 141.978711, 43.391199 ], [ 141.978587, 43.391176 ], [ 141.978341, 43.391176 ], [ 141.978094, 43.391255 ], [ 141.9778, 43.391413 ], [ 141.977623, 43.391553 ], [ 141.977492, 43.391705 ], [ 141.977423, 43.39175 ], [ 141.977315, 43.391778 ], [ 141.977045, 43.391784 ], [ 141.976214, 43.391654 ], [ 141.975959, 43.391604 ], [ 141.975797, 43.391598 ], [ 141.975713, 43.391626 ], [ 141.975581, 43.391722 ], [ 141.975543, 43.391801 ], [ 141.975527, 43.392166 ], [ 141.975435, 43.392285 ], [ 141.975327, 43.392363 ], [ 141.975188, 43.392437 ], [ 141.974926, 43.392616 ], [ 141.974744, 43.392788 ], [ 141.974498, 43.392955 ], [ 141.974314, 43.39302 ], [ 141.974074, 43.393052 ], [ 141.973693, 43.393055 ], [ 141.973623, 43.393043 ], [ 141.973469, 43.392993 ], [ 141.973307, 43.392903 ], [ 141.973192, 43.39279 ], [ 141.973136, 43.392641 ], [ 141.973076, 43.392452 ], [ 141.972983, 43.392279 ], [ 141.972876, 43.392166 ], [ 141.972814, 43.392121 ], [ 141.972714, 43.392099 ], [ 141.972344, 43.392096 ], [ 141.971796, 43.392149 ], [ 141.971372, 43.392211 ], [ 141.971048, 43.392227 ], [ 141.967664, 43.392171 ], [ 141.967456, 43.392148 ], [ 141.967194, 43.392126 ], [ 141.967117, 43.392103 ], [ 141.966747, 43.391817 ], [ 141.966639, 43.391772 ], [ 141.966469, 43.391772 ], [ 141.966326, 43.391787 ], [ 141.965981, 43.391868 ], [ 141.965926, 43.391868 ], [ 141.965752, 43.391901 ], [ 141.96544560000001, 43.3919704 ], [ 141.964211, 43.39225 ], [ 141.964087, 43.392262 ], [ 141.962114, 43.392217 ], [ 141.961821, 43.392177 ], [ 141.96159, 43.392115 ], [ 141.960779, 43.391812 ], [ 141.960633, 43.391783 ], [ 141.960394, 43.391777 ], [ 141.959947, 43.391857 ], [ 141.959677, 43.391935 ], [ 141.959493, 43.391968 ], [ 141.959308, 43.391957 ], [ 141.959192, 43.39194 ], [ 141.958984, 43.391867 ], [ 141.958568, 43.391632 ], [ 141.958483, 43.391597 ], [ 141.958282, 43.391547 ], [ 141.957897, 43.391507 ], [ 141.957157, 43.391457 ], [ 141.956779, 43.39145 ], [ 141.956517, 43.391473 ], [ 141.956317, 43.391518 ], [ 141.956163, 43.391568 ], [ 141.956016, 43.391637 ], [ 141.955553, 43.39184 ], [ 141.955399, 43.391873 ], [ 141.955176, 43.391878 ], [ 141.954968, 43.391833 ], [ 141.954867, 43.3918 ], [ 141.954728, 43.391772 ], [ 141.954651, 43.391767 ], [ 141.954574, 43.39176 ], [ 141.954312, 43.39175 ], [ 141.954166, 43.39176 ], [ 141.953996, 43.391795 ], [ 141.953749, 43.391879 ], [ 141.949717, 43.393731 ], [ 141.949485, 43.39386 ], [ 141.94944, 43.393905 ], [ 141.949247, 43.394152 ], [ 141.949132, 43.394361 ], [ 141.948422, 43.395795 ], [ 141.94829, 43.395969 ], [ 141.948122, 43.396143 ], [ 141.946216, 43.397461 ], [ 141.94607, 43.397579 ], [ 141.945669, 43.397934 ], [ 141.945445, 43.39817 ], [ 141.945314, 43.398322 ], [ 141.945198, 43.398508 ], [ 141.945029, 43.398907 ], [ 141.944583, 43.400109 ], [ 141.944497, 43.400314 ], [ 141.944358, 43.400528 ], [ 141.944258, 43.40064 ], [ 141.943633, 43.401186 ], [ 141.94281, 43.401945 ], [ 141.942578, 43.402215 ], [ 141.942532, 43.402288 ], [ 141.942432, 43.402536 ], [ 141.942363, 43.402705 ], [ 141.942231, 43.403009 ], [ 141.942131, 43.403167 ], [ 141.942046, 43.403268 ], [ 141.941946, 43.403353 ], [ 141.941847, 43.403441 ], [ 141.941541, 43.403629 ], [ 141.941414, 43.403758 ], [ 141.94136, 43.403808 ], [ 141.941276, 43.403932 ], [ 141.941168, 43.40427 ], [ 141.941091, 43.404523 ], [ 141.941044, 43.404602 ], [ 141.940913, 43.404726 ], [ 141.940744, 43.404799 ], [ 141.939271, 43.405108 ], [ 141.938978, 43.405198 ], [ 141.93887, 43.405294 ], [ 141.93796, 43.406525 ], [ 141.937821, 43.406677 ], [ 141.937536, 43.406947 ], [ 141.936727, 43.407545 ], [ 141.936511, 43.40773 ], [ 141.936403, 43.407842 ], [ 141.936095, 43.408259 ], [ 141.935848, 43.408597 ], [ 141.935748, 43.40868 ], [ 141.934229, 43.409621 ], [ 141.933543, 43.410032 ], [ 141.932988, 43.410364 ], [ 141.932625, 43.410594 ], [ 141.932186, 43.410988 ], [ 141.931731, 43.411359 ], [ 141.931631, 43.41141 ], [ 141.93143, 43.411511 ], [ 141.931099, 43.411635 ], [ 141.930529, 43.41173 ], [ 141.930452, 43.411736 ], [ 141.930359, 43.411755 ], [ 141.929996, 43.41186 ], [ 141.929887, 43.411911 ], [ 141.929657, 43.412056 ], [ 141.929349, 43.412293 ], [ 141.928963, 43.412664 ], [ 141.928601, 43.413008 ], [ 141.928293, 43.413318 ], [ 141.927838, 43.41374 ], [ 141.926789, 43.414606 ], [ 141.926118, 43.415135 ], [ 141.925964, 43.415231 ], [ 141.925779, 43.415338 ], [ 141.925431, 43.415473 ], [ 141.925138, 43.415535 ], [ 141.923943, 43.415692 ], [ 141.92342, 43.415754 ], [ 141.923035, 43.415777 ], [ 141.92291, 43.415794 ], [ 141.922779, 43.415833 ], [ 141.922556, 43.415934 ], [ 141.922487, 43.415985 ], [ 141.922317, 43.416182 ], [ 141.92214, 43.416531 ], [ 141.922032, 43.416626 ], [ 141.921955, 43.41666 ], [ 141.921708, 43.416721 ], [ 141.920745, 43.416803 ], [ 141.919118, 43.41693 ], [ 141.918702, 43.416968 ], [ 141.918463, 43.41698 ], [ 141.917993, 43.417037 ], [ 141.917584, 43.417103 ], [ 141.917422, 43.417115 ], [ 141.917183, 43.417087 ], [ 141.917098, 43.417065 ], [ 141.91659, 43.416878 ], [ 141.916304, 43.416795 ], [ 141.916042, 43.416732 ], [ 141.91568, 43.416682 ], [ 141.915271, 43.41667 ], [ 141.914601, 43.416608 ], [ 141.914215, 43.416608 ], [ 141.913991, 43.416632 ], [ 141.913776, 43.416677 ], [ 141.913614, 43.416738 ], [ 141.913544, 43.416783 ], [ 141.913494, 43.416833 ], [ 141.913469, 43.41688 ], [ 141.913466, 43.416928 ], [ 141.913349, 43.417177 ], [ 141.912623599999989, 43.4175289 ], [ 141.9121705, 43.4178677 ], [ 141.9116479, 43.4180646 ], [ 141.9112451, 43.418126 ], [ 141.9107994, 43.4181774 ], [ 141.9071949, 43.4187327 ] ] } },
{ "type": "Feature", "properties": { "u": 2350610610, "v": 2350610649, "key": 0, "osmid": [ 226201483, 226201679 ], "highway": [ "residential" ], "oneway": false, "reversed": "True", "length": 228.57318935287486, "lanes": null, "name": null, "ref": null, "bridge": "yes", "maxspeed": null, "tunnel": null, "priority": 1 }, "geometry": { "type": "LineString", "coordinates": [ [ 141.888736, 43.395145 ], [ 141.888294, 43.395219 ], [ 141.885966, 43.395562 ] ] } },
{ "type": "Feature", "properties": { "u": 2350610649, "v": 2350610610, "key": 0, "osmid": [ 226201483, 226201679 ], "highway": [ "residential" ], "oneway": false, "reversed": "False", "length": 228.57318935287486, "lanes": null, "name": null, "ref": null, "bridge": "yes", "maxspeed": null, "tunnel": null, "priority": 1 }, "geometry": { "type": "LineString", "coordinates": [ [ 141.885966, 43.395562 ], [ 141.888294, 43.395219 ], [ 141.888736, 43.395145 ] ] } },
{ "type": "Feature", "properties": { "u": 2350610714, "v": 2350610804, "key": 0, "osmid": "226201493", "highway": [ "tertiary" ], "oneway": false, "reversed": "False", "length": 561.40143284496423, "lanes": null, "name": null, "ref": null, "bridge": null, "maxspeed": null, "tunnel": null, "priority": 2 }, "geometry": { "type": "LineString", "coordinates": [ [ 141.850641, 43.39637 ], [ 141.843847899999986, 43.3974315 ] ] } },
{ "type": "Feature", "properties": { "u": 2350610789, "v": 2350611235, "key": 0, "osmid": "226201405", "highway": [ "residential" ], "oneway": false, "reversed": "True", "length": 799.61973224820076, "lanes": null, "name": null, "ref": null, "bridge": null, "maxspeed": null, "tunnel": null, "priority": 1 }, "geometry": { "type": "LineString", "coordinates": [ [ 141.886429, 43.397284 ], [ 141.882566, 43.397868 ], [ 141.882366, 43.397907 ], [ 141.882212, 43.397952 ], [ 141.882119, 43.398009 ], [ 141.882119, 43.398155 ], [ 141.882181, 43.398206 ], [ 141.882374, 43.398256 ], [ 141.882559, 43.398302 ], [ 141.882666, 43.398347 ], [ 141.8835298, 43.4016579 ] ] } },
{ "type": "Feature", "properties": { "u": 2350610804, "v": 2350610714, "key": 0, "osmid": "226201493", "highway": [ "tertiary" ], "oneway": false, "reversed": "True", "length": 561.40143284496423, "lanes": null, "name": null, "ref": null, "bridge": null, "maxspeed": null, "tunnel": null, "priority": 2 }, "geometry": { "type": "LineString", "coordinates": [ [ 141.843847899999986, 43.3974315 ], [ 141.850641, 43.39637 ] ] } },
{ "type": "Feature", "properties": { "u": 2350610804, "v": 2350611341, "key": 0, "osmid": "226201591", "highway": [ "tertiary" ], "oneway": false, "reversed": "True", "length": 565.35657165783573, "lanes": null, "name": null, "ref": null, "bridge": null, "maxspeed": null, "tunnel": null, "priority": 2 }, "geometry": { "type": "LineString", "coordinates": [ [ 141.843847899999986, 43.3974315 ], [ 141.8452915, 43.4024065 ] ] } },
{ "type": "Feature", "properties": { "u": 2350610972, "v": 2350611546, "key": 0, "osmid": "226201393", "highway": [ "residential" ], "oneway": false, "reversed": "True", "length": 567.34726816053865, "lanes": null, "name": null, "ref": null, "bridge": null, "maxspeed": null, "tunnel": null, "priority": 1 }, "geometry": { "type": "LineString", "coordinates": [ [ 141.902283399999988, 43.3987871 ], [ 141.9022687, 43.3989001 ], [ 141.9023081, 43.3990845 ], [ 141.9023373, 43.3992658 ], [ 141.9024373, 43.3997208 ], [ 141.9025843, 43.4002228 ], [ 141.9027463, 43.4007178 ], [ 141.902938299999988, 43.4012008 ], [ 141.903062299999988, 43.4014998 ], [ 141.9040564, 43.4037064 ] ] } },
{ "type": "Feature", "properties": { "u": 2350610972, "v": 2350611527, "key": 0, "osmid": [ 297154880, 226201392 ], "highway": "['unclassified' 'residential']", "oneway": false, "reversed": [ false, true ], "length": 611.95240445019613, "lanes": null, "name": null, "ref": null, "bridge": null, "maxspeed": null, "tunnel": "yes", "priority": 1 }, "geometry": { "type": "LineString", "coordinates": [ [ 141.902283399999988, 43.3987871 ], [ 141.902625, 43.3987357 ], [ 141.9028049, 43.3987306 ], [ 141.9029605, 43.398777 ], [ 141.903037500000011, 43.399256 ], [ 141.9032075, 43.399931 ], [ 141.9032695, 43.4001 ], [ 141.9034845, 43.40073 ], [ 141.9038884, 43.4018808 ], [ 141.904309899999987, 43.4028413 ], [ 141.9047256, 43.4035915 ] ] } },
{ "type": "Feature", "properties": { "u": 2350611056, "v": 2350611834, "key": 0, "osmid": [ 1494117417, 41122310 ], "highway": [ "primary" ], "oneway": false, "reversed": "False", "length": 1172.8206267128796, "lanes": "2", "name": "江別奈井江線", "ref": "139", "bridge": null, "maxspeed": "50", "tunnel": null, "priority": 3 }, "geometry": { "type": "LineString", "coordinates": [ [ 141.8302678, 43.399621 ], [ 141.831003399999986, 43.4021303 ], [ 141.8314834, 43.4032123 ], [ 141.832011099999988, 43.4038924 ], [ 141.832538, 43.4043528 ], [ 141.8334404, 43.4049113 ], [ 141.8356681, 43.4055998 ], [ 141.8378836, 43.4061811 ], [ 141.83937, 43.4065278 ] ] } },
{ "type": "Feature", "properties": { "u": 2350611235, "v": 2350610789, "key": 0, "osmid": "226201405", "highway": [ "residential" ], "oneway": false, "reversed": "False", "length": 799.61973224820076, "lanes": null, "name": null, "ref": null, "bridge": null, "maxspeed": null, "tunnel": null, "priority": 1 }, "geometry": { "type": "LineString", "coordinates": [ [ 141.8835298, 43.4016579 ], [ 141.882666, 43.398347 ], [ 141.882559, 43.398302 ], [ 141.882374, 43.398256 ], [ 141.882181, 43.398206 ], [ 141.882119, 43.398155 ], [ 141.882119, 43.398009 ], [ 141.882212, 43.397952 ], [ 141.882366, 43.397907 ], [ 141.882566, 43.397868 ], [ 141.886429, 43.397284 ] ] } },
{ "type": "Feature", "properties": { "u": 2350611282, "v": 2350611341, "key": 0, "osmid": "226201577", "highway": [ "residential" ], "oneway": false, "reversed": "False", "length": 247.04902849396186, "lanes": null, "name": null, "ref": null, "bridge": null, "maxspeed": null, "tunnel": null, "priority": 1 }, "geometry": { "type": "LineString", "coordinates": [ [ 141.84827150000001, 43.401908 ], [ 141.8452915, 43.4024065 ] ] } },
{ "type": "Feature", "properties": { "u": 2350611341, "v": 2350611282, "key": 0, "osmid": "226201577", "highway": [ "residential" ], "oneway": false, "reversed": "True", "length": 247.04902849396186, "lanes": null, "name": null, "ref": null, "bridge": null, "maxspeed": null, "tunnel": null, "priority": 1 }, "geometry": { "type": "LineString", "coordinates": [ [ 141.8452915, 43.4024065 ], [ 141.84827150000001, 43.401908 ] ] } },
{ "type": "Feature", "properties": { "u": 2350611341, "v": 2350610804, "key": 0, "osmid": "226201591", "highway": [ "tertiary" ], "oneway": false, "reversed": "False", "length": 565.35657165783573, "lanes": null, "name": null, "ref": null, "bridge": null, "maxspeed": null, "tunnel": null, "priority": 2 }, "geometry": { "type": "LineString", "coordinates": [ [ 141.8452915, 43.4024065 ], [ 141.843847899999986, 43.3974315 ] ] } },
{ "type": "Feature", "properties": { "u": 2350611341, "v": 2350611865, "key": 0, "osmid": "226201620", "highway": [ "tertiary" ], "oneway": false, "reversed": "True", "length": 559.22169568887909, "lanes": null, "name": null, "ref": null, "bridge": null, "maxspeed": null, "tunnel": null, "priority": 2 }, "geometry": { "type": "LineString", "coordinates": [ [ 141.8452915, 43.4024065 ], [ 141.8467307, 43.4073258 ] ] } },
{ "type": "Feature", "properties": { "u": 2350611341, "v": 2350611522, "key": 0, "osmid": "226201665", "highway": [ "residential" ], "oneway": false, "reversed": "False", "length": 560.71843363347796, "lanes": null, "name": null, "ref": null, "bridge": null, "maxspeed": null, "tunnel": null, "priority": 1 }, "geometry": { "type": "LineString", "coordinates": [ [ 141.8452915, 43.4024065 ], [ 141.842887100000013, 43.4027616 ], [ 141.838516, 43.403498 ] ] } },
{ "type": "Feature", "properties": { "u": 2350611522, "v": 2350611341, "key": 0, "osmid": "226201665", "highway": [ "residential" ], "oneway": false, "reversed": "True", "length": 560.71843363347796, "lanes": null, "name": null, "ref": null, "bridge": null, "maxspeed": null, "tunnel": null, "priority": 1 }, "geometry": { "type": "LineString", "coordinates": [ [ 141.838516, 43.403498 ], [ 141.842887100000013, 43.4027616 ], [ 141.8452915, 43.4024065 ] ] } },
{ "type": "Feature", "properties": { "u": 2350611527, "v": 2350611568, "key": 0, "osmid": "226201485", "highway": [ "residential" ], "oneway": false, "reversed": "True", "length": 21.065442014161981, "lanes": null, "name": null, "ref": null, "bridge": null, "maxspeed": null, "tunnel": null, "priority": 1 }, "geometry": { "type": "LineString", "coordinates": [ [ 141.9047256, 43.4035915 ], [ 141.9048343, 43.4037637 ] ] } },
{ "type": "Feature", "properties": { "u": 2350611527, "v": 2350610972, "key": 0, "osmid": [ 226201392, 297154880 ], "highway": "['unclassified' 'residential']", "oneway": false, "reversed": [ false, true ], "length": 611.95240445019613, "lanes": null, "name": null, "ref": null, "bridge": null, "maxspeed": null, "tunnel": "yes", "priority": 1 }, "geometry": { "type": "LineString", "coordinates": [ [ 141.9047256, 43.4035915 ], [ 141.904309899999987, 43.4028413 ], [ 141.9038884, 43.4018808 ], [ 141.9034845, 43.40073 ], [ 141.9032695, 43.4001 ], [ 141.9032075, 43.399931 ], [ 141.903037500000011, 43.399256 ], [ 141.9029605, 43.398777 ], [ 141.9028049, 43.3987306 ], [ 141.902625, 43.3987357 ], [ 141.902283399999988, 43.3987871 ] ] } },
{ "type": "Feature", "properties": { "u": 2350611527, "v": 2350611546, "key": 0, "osmid": [ 226201730, 226201621 ], "highway": [ "residential" ], "oneway": false, "reversed": "True", "length": 55.552168124911795, "lanes": null, "name": null, "ref": null, "bridge": null, "maxspeed": null, "tunnel": "yes", "priority": 1 }, "geometry": { "type": "LineString", "coordinates": [ [ 141.9047256, 43.4035915 ], [ 141.904174500000011, 43.403687 ], [ 141.9040564, 43.4037064 ] ] } },
{ "type": "Feature", "properties": { "u": 2350611546, "v": 2350610972, "key": 0, "osmid": "226201393", "highway": [ "residential" ], "oneway": false, "reversed": "False", "length": 567.34726816053865, "lanes": null, "name": null, "ref": null, "bridge": null, "maxspeed": null, "tunnel": null, "priority": 1 }, "geometry": { "type": "LineString", "coordinates": [ [ 141.9040564, 43.4037064 ], [ 141.903062299999988, 43.4014998 ], [ 141.902938299999988, 43.4012008 ], [ 141.9027463, 43.4007178 ], [ 141.9025843, 43.4002228 ], [ 141.9024373, 43.3997208 ], [ 141.9023373, 43.3992658 ], [ 141.9023081, 43.3990845 ], [ 141.9022687, 43.3989001 ], [ 141.902283399999988, 43.3987871 ] ] } },
{ "type": "Feature", "properties": { "u": 2350611546, "v": 2350611527, "key": 0, "osmid": [ 226201730, 226201621 ], "highway": [ "residential" ], "oneway": false, "reversed": "False", "length": 55.552168124911795, "lanes": null, "name": null, "ref": null, "bridge": null, "maxspeed": null, "tunnel": "yes", "priority": 1 }, "geometry": { "type": "LineString", "coordinates": [ [ 141.9040564, 43.4037064 ], [ 141.904174500000011, 43.403687 ], [ 141.9047256, 43.4035915 ] ] } },
{ "type": "Feature", "properties": { "u": 2350611546, "v": 2350611556, "key": 0, "osmid": "226201765", "highway": [ "residential" ], "oneway": false, "reversed": "True", "length": 115.15703175729632, "lanes": null, "name": null, "ref": null, "bridge": null, "maxspeed": null, "tunnel": null, "priority": 1 }, "geometry": { "type": "LineString", "coordinates": [ [ 141.9040564, 43.4037064 ], [ 141.9036733, 43.4037563 ], [ 141.902659199999988, 43.4039111 ] ] } },
{ "type": "Feature", "properties": { "u": 2350611556, "v": 1938411937, "key": 0, "osmid": [ 226201537, 226201507 ], "highway": "['unclassified' 'residential']", "oneway": false, "reversed": "False", "length": 410.03407625082531, "lanes": null, "name": null, "ref": null, "bridge": null, "maxspeed": null, "tunnel": null, "priority": 1 }, "geometry": { "type": "LineString", "coordinates": [ [ 141.902659199999988, 43.4039111 ], [ 141.9021373, 43.4039917 ], [ 141.8977007, 43.4046985 ] ] } },
{ "type": "Feature", "properties": { "u": 2350611556, "v": 2350611546, "key": 0, "osmid": "226201765", "highway": [ "residential" ], "oneway": false, "reversed": "False", "length": 115.15703175729632, "lanes": null, "name": null, "ref": null, "bridge": null, "maxspeed": null, "tunnel": null, "priority": 1 }, "geometry": { "type": "LineString", "coordinates": [ [ 141.902659199999988, 43.4039111 ], [ 141.9036733, 43.4037563 ], [ 141.9040564, 43.4037064 ] ] } },
{ "type": "Feature", "properties": { "u": 2350611556, "v": 1938412005, "key": 0, "osmid": [ 226201772, 226201855 ], "highway": [ "residential" ], "oneway": false, "reversed": "False", "length": 582.28962038732755, "lanes": null, "name": null, "ref": null, "bridge": null, "maxspeed": null, "tunnel": null, "priority": 1 }, "geometry": { "type": "LineString", "coordinates": [ [ 141.902659199999988, 43.4039111 ], [ 141.9029758, 43.404169 ], [ 141.903311699999989, 43.4043997 ], [ 141.903474100000011, 43.4044896 ], [ 141.903839, 43.4054574 ], [ 141.904032300000011, 43.4055601 ], [ 141.904346, 43.406197 ], [ 141.904693, 43.40702 ], [ 141.904917, 43.407566 ], [ 141.905362, 43.408641 ] ] } },
{ "type": "Feature", "properties": { "u": 2350611568, "v": 2350611527, "key": 0, "osmid": "226201485", "highway": [ "residential" ], "oneway": false, "reversed": "False", "length": 21.065442014161981, "lanes": null, "name": null, "ref": null, "bridge": null, "maxspeed": null, "tunnel": null, "priority": 1 }, "geometry": { "type": "LineString", "coordinates": [ [ 141.9048343, 43.4037637 ], [ 141.9047256, 43.4035915 ] ] } },
{ "type": "Feature", "properties": { "u": 2350611568, "v": 2350611583, "key": 0, "osmid": "226201830", "highway": [ "residential" ], "oneway": false, "reversed": "False", "length": 439.774197331712, "lanes": null, "name": null, "ref": null, "bridge": null, "maxspeed": null, "tunnel": null, "priority": 1 }, "geometry": { "type": "LineString", "coordinates": [ [ 141.9048343, 43.4037637 ], [ 141.908124, 43.404527 ], [ 141.908347, 43.40455 ], [ 141.908656, 43.40455 ], [ 141.908933, 43.404488 ], [ 141.91, 43.404146 ] ] } },
{ "type": "Feature", "properties": { "u": 2350611568, "v": 2350611907, "key": 0, "osmid": "226201893", "highway": [ "residential" ], "oneway": false, "reversed": "True", "length": 554.00215250216081, "lanes": null, "name": null, "ref": null, "bridge": null, "maxspeed": null, "tunnel": null, "priority": 1 }, "geometry": { "type": "LineString", "coordinates": [ [ 141.9048343, 43.4037637 ], [ 141.9054128, 43.4047882 ], [ 141.9060079, 43.4056589 ], [ 141.906568, 43.4063945 ], [ 141.9074711, 43.407567 ], [ 141.9079355, 43.4082014 ] ] } },
{ "type": "Feature", "properties": { "u": 2350611583, "v": 2350611568, "key": 0, "osmid": "226201830", "highway": [ "residential" ], "oneway": false, "reversed": "True", "length": 439.77419733171206, "lanes": null, "name": null, "ref": null, "bridge": null, "maxspeed": null, "tunnel": null, "priority": 1 }, "geometry": { "type": "LineString", "coordinates": [ [ 141.91, 43.404146 ], [ 141.908933, 43.404488 ], [ 141.908656, 43.40455 ], [ 141.908347, 43.40455 ], [ 141.908124, 43.404527 ], [ 141.9048343, 43.4037637 ] ] } },
{ "type": "Feature", "properties": { "u": 2350611775, "v": 1938411880, "key": 0, "osmid": "226201414", "highway": [ "residential" ], "oneway": false, "reversed": "True", "length": 589.55661487644477, "lanes": null, "name": null, "ref": null, "bridge": null, "maxspeed": null, "tunnel": null, "priority": 1 }, "geometry": { "type": "LineString", "coordinates": [ [ 141.8910912, 43.4057138 ], [ 141.890422, 43.403458 ], [ 141.890299, 43.403053 ], [ 141.890267, 43.402923 ], [ 141.890284, 43.402855 ], [ 141.890477, 43.402608 ], [ 141.890646, 43.40237 ], [ 141.890739, 43.402179 ], [ 141.890792, 43.401988 ], [ 141.890792, 43.401757 ], [ 141.890762, 43.401605 ], [ 141.8904851, 43.4005799 ] ] } },
{ "type": "Feature", "properties": { "u": 2350611775, "v": 2350611845, "key": 0, "osmid": [ 226201520, 226201561, 226201726 ], "highway": "['unclassified' 'residential']", "oneway": false, "reversed": "False", "length": 541.82777971484529, "lanes": null, "name": null, "ref": null, "bridge": "yes", "maxspeed": null, "tunnel": null, "priority": 1 }, "geometry": { "type": "LineString", "coordinates": [ [ 141.8910912, 43.4057138 ], [ 141.8887053, 43.4060729 ], [ 141.888262, 43.406136 ], [ 141.884895, 43.406648 ], [ 141.884524, 43.406704 ] ] } },
{ "type": "Feature", "properties": { "u": 2350611834, "v": 501824726, "key": 0, "osmid": "1494117417", "highway": [ "primary" ], "oneway": false, "reversed": "False", "length": 289.96667127619264, "lanes": "2", "name": "江別奈井江線", "ref": "139", "bridge": null, "maxspeed": null, "tunnel": null, "priority": 3 }, "geometry": { "type": "LineString", "coordinates": [ [ 141.83937, 43.4065278 ], [ 141.8400811, 43.4066951 ], [ 141.840487200000013, 43.406858 ], [ 141.8422165, 43.408044 ] ] } },
{ "type": "Feature", "properties": { "u": 2350611834, "v": 2350611056, "key": 0, "osmid": [ 1494117417, 41122310 ], "highway": [ "primary" ], "oneway": false, "reversed": "True", "length": 1172.8206267128796, "lanes": "2", "name": "江別奈井江線", "ref": "139", "bridge": null, "maxspeed": "50", "tunnel": null, "priority": 3 }, "geometry": { "type": "LineString", "coordinates": [ [ 141.83937, 43.4065278 ], [ 141.8378836, 43.4061811 ], [ 141.8356681, 43.4055998 ], [ 141.8334404, 43.4049113 ], [ 141.832538, 43.4043528 ], [ 141.832011099999988, 43.4038924 ], [ 141.8314834, 43.4032123 ], [ 141.831003399999986, 43.4021303 ], [ 141.8302678, 43.399621 ] ] } },
{ "type": "Feature", "properties": { "u": 2350611845, "v": 2350611775, "key": 0, "osmid": [ 226201520, 226201561, 226201726 ], "highway": "['unclassified' 'residential']", "oneway": false, "reversed": "True", "length": 541.82777971484529, "lanes": null, "name": null, "ref": null, "bridge": "yes", "maxspeed": null, "tunnel": null, "priority": 1 }, "geometry": { "type": "LineString", "coordinates": [ [ 141.884524, 43.406704 ], [ 141.884895, 43.406648 ], [ 141.888262, 43.406136 ], [ 141.8887053, 43.4060729 ], [ 141.8910912, 43.4057138 ] ] } },
{ "type": "Feature", "properties": { "u": 2350611857, "v": 2350611865, "key": 0, "osmid": "226201476", "highway": [ "residential" ], "oneway": false, "reversed": "False", "length": 156.66535460769319, "lanes": null, "name": null, "ref": null, "bridge": null, "maxspeed": null, "tunnel": null, "priority": 1 }, "geometry": { "type": "LineString", "coordinates": [ [ 141.8486245, 43.4070222 ], [ 141.8467307, 43.4073258 ] ] } },
{ "type": "Feature", "properties": { "u": 2350611865, "v": 2350611857, "key": 0, "osmid": "226201476", "highway": [ "residential" ], "oneway": false, "reversed": "True", "length": 156.66535460769319, "lanes": null, "name": null, "ref": null, "bridge": null, "maxspeed": null, "tunnel": null, "priority": 1 }, "geometry": { "type": "LineString", "coordinates": [ [ 141.8467307, 43.4073258 ], [ 141.8486245, 43.4070222 ] ] } },
{ "type": "Feature", "properties": { "u": 2350611865, "v": 2350612765, "key": 0, "osmid": "226201505", "highway": [ "tertiary" ], "oneway": false, "reversed": "True", "length": 650.29727466928057, "lanes": null, "name": null, "ref": null, "bridge": null, "maxspeed": null, "tunnel": null, "priority": 2 }, "geometry": { "type": "LineString", "coordinates": [ [ 141.8467307, 43.4073258 ], [ 141.848412599999989, 43.413045 ] ] } },
{ "type": "Feature", "properties": { "u": 2350611865, "v": 2350611341, "key": 0, "osmid": "226201620", "highway": [ "tertiary" ], "oneway": false, "reversed": "False", "length": 559.22169568887909, "lanes": null, "name": null, "ref": null, "bridge": null, "maxspeed": null, "tunnel": null, "priority": 2 }, "geometry": { "type": "LineString", "coordinates": [ [ 141.8467307, 43.4073258 ], [ 141.8452915, 43.4024065 ] ] } },
{ "type": "Feature", "properties": { "u": 2350611907, "v": 1938412005, "key": 0, "osmid": [ 226201696, 226201686 ], "highway": [ "residential" ], "oneway": false, "reversed": "True", "length": 213.58790469690979, "lanes": null, "name": null, "ref": null, "bridge": null, "maxspeed": null, "tunnel": "yes", "priority": 1 }, "geometry": { "type": "LineString", "coordinates": [ [ 141.9079355, 43.4082014 ], [ 141.90724, 43.408335 ], [ 141.906675, 43.408427 ], [ 141.905362, 43.408641 ] ] } },
{ "type": "Feature", "properties": { "u": 2350611907, "v": 2350612344, "key": 0, "osmid": [ 226201632, 226201761, 226201813 ], "highway": [ "residential" ], "oneway": false, "reversed": "True", "length": 619.77856607830472, "lanes": null, "name": null, "ref": null, "bridge": "yes", "maxspeed": null, "tunnel": null, "priority": 1 }, "geometry": { "type": "LineString", "coordinates": [ [ 141.9079355, 43.4082014 ], [ 141.9091402, 43.4097392 ], [ 141.910082499999987, 43.4110528 ], [ 141.9099558, 43.4111206 ], [ 141.909286400000013, 43.4112211 ], [ 141.9082869, 43.4115841 ], [ 141.9070736, 43.4117687 ] ] } },
{ "type": "Feature", "properties": { "u": 2350611907, "v": 2350611568, "key": 0, "osmid": "226201893", "highway": [ "residential" ], "oneway": false, "reversed": "False", "length": 554.00215250216081, "lanes": null, "name": null, "ref": null, "bridge": null, "maxspeed": null, "tunnel": null, "priority": 1 }, "geometry": { "type": "LineString", "coordinates": [ [ 141.9079355, 43.4082014 ], [ 141.9074711, 43.407567 ], [ 141.906568, 43.4063945 ], [ 141.9060079, 43.4056589 ], [ 141.9054128, 43.4047882 ], [ 141.9048343, 43.4037637 ] ] } },
{ "type": "Feature", "properties": { "u": 2350611929, "v": 2350612344, "key": 0, "osmid": "226201409", "highway": [ "residential" ], "oneway": false, "reversed": "True", "length": 384.04349339947601, "lanes": null, "name": null, "ref": null, "bridge": null, "maxspeed": null, "tunnel": null, "priority": 1 }, "geometry": { "type": "LineString", "coordinates": [ [ 141.9052139, 43.4086652 ], [ 141.9054127, 43.4091651 ], [ 141.9055967, 43.4094993 ], [ 141.905795, 43.4097129 ], [ 141.906042, 43.4099379 ], [ 141.906141100000013, 43.4100283 ], [ 141.906381, 43.4101579 ], [ 141.906482, 43.4102699 ], [ 141.906652, 43.4105769 ], [ 141.9070736, 43.4117687 ] ] } },
{ "type": "Feature", "properties": { "u": 2350611965, "v": 1938412036, "key": 0, "osmid": "183466248", "highway": [ "trunk" ], "oneway": true, "reversed": "False", "length": 340.60159612159362, "lanes": "2", "name": "国道12号", "ref": "12", "bridge": null, "maxspeed": null, "tunnel": null, "priority": 4 }, "geometry": { "type": "LineString", "coordinates": [ [ 141.8828552, 43.4090269 ], [ 141.8837464, 43.4120208 ] ] } },
{ "type": "Feature", "properties": { "u": 2350612001, "v": 2350612813, "key": 0, "osmid": "226201762", "highway": [ "residential" ], "oneway": false, "reversed": "False", "length": 490.71533506569102, "lanes": null, "name": null, "ref": null, "bridge": null, "maxspeed": null, "tunnel": null, "priority": 1 }, "geometry": { "type": "LineString", "coordinates": [ [ 141.85031, 43.409436 ], [ 141.850387, 43.409706 ], [ 141.8514492, 43.413186 ], [ 141.8520862, 43.4135237 ] ] } },
{ "type": "Feature", "properties": { "u": 2350612247, "v": 2350612889, "key": 0, "osmid": "226201588", "highway": [ "residential" ], "oneway": false, "reversed": "False", "length": 309.33108362105713, "lanes": null, "name": null, "ref": null, "bridge": null, "maxspeed": null, "tunnel": null, "priority": 1 }, "geometry": { "type": "LineString", "coordinates": [ [ 141.8699176, 43.4113629 ], [ 141.8706628, 43.4140916 ] ] } },
{ "type": "Feature", "properties": { "u": 2350612247, "v": 10043637938, "key": 0, "osmid": "226201609", "highway": [ "residential" ], "oneway": false, "reversed": "False", "length": 69.867183140321401, "lanes": null, "name": null, "ref": null, "bridge": null, "maxspeed": null, "tunnel": null, "priority": 1 }, "geometry": { "type": "LineString", "coordinates": [ [ 141.8699176, 43.4113629 ], [ 141.8690576, 43.41143 ] ] } },
{ "type": "Feature", "properties": { "u": 2350612247, "v": 2350612857, "key": 0, "osmid": [ 226201609, 226201714 ], "highway": [ "residential" ], "oneway": false, "reversed": "True", "length": 424.4321041755569, "lanes": null, "name": null, "ref": null, "bridge": null, "maxspeed": null, "tunnel": null, "priority": 1 }, "geometry": { "type": "LineString", "coordinates": [ [ 141.8699176, 43.4113629 ], [ 141.8715798, 43.4112517 ], [ 141.872358100000014, 43.413794 ] ] } },
{ "type": "Feature", "properties": { "u": 2350612344, "v": 2350611929, "key": 0, "osmid": "226201409", "highway": [ "residential" ], "oneway": false, "reversed": "False", "length": 384.04349339947606, "lanes": null, "name": null, "ref": null, "bridge": null, "maxspeed": null, "tunnel": null, "priority": 1 }, "geometry": { "type": "LineString", "coordinates": [ [ 141.9070736, 43.4117687 ], [ 141.906652, 43.4105769 ], [ 141.906482, 43.4102699 ], [ 141.906381, 43.4101579 ], [ 141.906141100000013, 43.4100283 ], [ 141.906042, 43.4099379 ], [ 141.905795, 43.4097129 ], [ 141.9055967, 43.4094993 ], [ 141.9054127, 43.4091651 ], [ 141.9052139, 43.4086652 ] ] } },
{ "type": "Feature", "properties": { "u": 2350612344, "v": 2350612810, "key": 0, "osmid": "226201812", "highway": [ "residential" ], "oneway": false, "reversed": "True", "length": 631.24457973760389, "lanes": null, "name": null, "ref": null, "bridge": null, "maxspeed": null, "tunnel": null, "priority": 1 }, "geometry": { "type": "LineString", "coordinates": [ [ 141.9070736, 43.4117687 ], [ 141.90276320000001, 43.4125254 ], [ 141.902985199999989, 43.4132469 ], [ 141.9006799, 43.4136228 ] ] } },
{ "type": "Feature", "properties": { "u": 2350612344, "v": 2350611907, "key": 0, "osmid": [ 226201632, 226201761, 226201813 ], "highway": [ "residential" ], "oneway": false, "reversed": "False", "length": 619.77856607830472, "lanes": null, "name": null, "ref": null, "bridge": "yes", "maxspeed": null, "tunnel": null, "priority": 1 }, "geometry": { "type": "LineString", "coordinates": [ [ 141.9070736, 43.4117687 ], [ 141.9082869, 43.4115841 ], [ 141.909286400000013, 43.4112211 ], [ 141.9099558, 43.4111206 ], [ 141.910082499999987, 43.4110528 ], [ 141.9091402, 43.4097392 ], [ 141.9079355, 43.4082014 ] ] } },
{ "type": "Feature", "properties": { "u": 2350612765, "v": 2350611865, "key": 0, "osmid": "226201505", "highway": [ "tertiary" ], "oneway": false, "reversed": "False", "length": 650.29727466928057, "lanes": null, "name": null, "ref": null, "bridge": null, "maxspeed": null, "tunnel": null, "priority": 2 }, "geometry": { "type": "LineString", "coordinates": [ [ 141.848412599999989, 43.413045 ], [ 141.8467307, 43.4073258 ] ] } },
{ "type": "Feature", "properties": { "u": 2350612765, "v": 1938412075, "key": 0, "osmid": "1494117417", "highway": [ "primary" ], "oneway": false, "reversed": "False", "length": 230.62884336011336, "lanes": "2", "name": "江別奈井江線", "ref": "139", "bridge": null, "maxspeed": null, "tunnel": null, "priority": 3 }, "geometry": { "type": "LineString", "coordinates": [ [ 141.848412599999989, 43.413045 ], [ 141.8508747, 43.4140953 ] ] } },
{ "type": "Feature", "properties": { "u": 2350612765, "v": 501824726, "key": 0, "osmid": "1494117417", "highway": [ "primary" ], "oneway": false, "reversed": "True", "length": 784.87547182032449, "lanes": "2", "name": "江別奈井江線", "ref": "139", "bridge": null, "maxspeed": null, "tunnel": null, "priority": 3 }, "geometry": { "type": "LineString", "coordinates": [ [ 141.848412599999989, 43.413045 ], [ 141.848170399999987, 43.4129508 ], [ 141.8448486, 43.4115292 ], [ 141.844715, 43.4114542 ], [ 141.8445597, 43.4113449 ], [ 141.844473, 43.4112535 ], [ 141.8443877, 43.4111237 ], [ 141.8435206, 43.4093642 ], [ 141.843221199999988, 43.4088351 ], [ 141.8430515, 43.4086294 ], [ 141.8422165, 43.408044 ] ] } },
{ "type": "Feature", "properties": { "u": 2350612810, "v": 1938412009, "key": 0, "osmid": "183466212", "highway": [ "secondary" ], "oneway": false, "reversed": "False", "length": 457.50314271169788, "lanes": null, "name": "砂川奈井江美唄線", "ref": "1130", "bridge": null, "maxspeed": "60", "tunnel": null, "priority": 2 }, "geometry": { "type": "LineString", "coordinates": [ [ 141.9006799, 43.4136228 ], [ 141.8993783, 43.4096185 ] ] } },
{ "type": "Feature", "properties": { "u": 2350612810, "v": 1938412079, "key": 0, "osmid": "183466212", "highway": [ "secondary" ], "oneway": false, "reversed": "True", "length": 100.87207009989108, "lanes": null, "name": "砂川奈井江美唄線", "ref": "1130", "bridge": null, "maxspeed": "60", "tunnel": null, "priority": 2 }, "geometry": { "type": "LineString", "coordinates": [ [ 141.9006799, 43.4136228 ], [ 141.9009771, 43.4145039 ] ] } },
{ "type": "Feature", "properties": { "u": 2350612810, "v": 2350612344, "key": 0, "osmid": "226201812", "highway": [ "residential" ], "oneway": false, "reversed": "False", "length": 631.24457973760389, "lanes": null, "name": null, "ref": null, "bridge": null, "maxspeed": null, "tunnel": null, "priority": 1 }, "geometry": { "type": "LineString", "coordinates": [ [ 141.9006799, 43.4136228 ], [ 141.902985199999989, 43.4132469 ], [ 141.90276320000001, 43.4125254 ], [ 141.9070736, 43.4117687 ] ] } },
{ "type": "Feature", "properties": { "u": 2350612813, "v": 2350612001, "key": 0, "osmid": "226201762", "highway": [ "residential" ], "oneway": false, "reversed": "True", "length": 490.71533506569102, "lanes": null, "name": null, "ref": null, "bridge": null, "maxspeed": null, "tunnel": null, "priority": 1 }, "geometry": { "type": "LineString", "coordinates": [ [ 141.8520862, 43.4135237 ], [ 141.8514492, 43.413186 ], [ 141.850387, 43.409706 ], [ 141.85031, 43.409436 ] ] } },
{ "type": "Feature", "properties": { "u": 2350612857, "v": 2350612247, "key": 0, "osmid": [ 226201609, 226201714 ], "highway": [ "residential" ], "oneway": false, "reversed": "False", "length": 424.4321041755569, "lanes": null, "name": null, "ref": null, "bridge": null, "maxspeed": null, "tunnel": null, "priority": 1 }, "geometry": { "type": "LineString", "coordinates": [ [ 141.872358100000014, 43.413794 ], [ 141.8715798, 43.4112517 ], [ 141.8699176, 43.4113629 ] ] } },
{ "type": "Feature", "properties": { "u": 2350612889, "v": 2350612247, "key": 0, "osmid": "226201588", "highway": [ "residential" ], "oneway": false, "reversed": "True", "length": 309.33108362105713, "lanes": null, "name": null, "ref": null, "bridge": null, "maxspeed": null, "tunnel": null, "priority": 1 }, "geometry": { "type": "LineString", "coordinates": [ [ 141.8706628, 43.4140916 ], [ 141.8699176, 43.4113629 ] ] } },
{ "type": "Feature", "properties": { "u": 2350612889, "v": 2350613650, "key": 0, "osmid": [ 226201858, 226201503 ], "highway": [ "residential" ], "oneway": false, "reversed": "False", "length": 558.11823100560889, "lanes": null, "name": null, "ref": null, "bridge": null, "maxspeed": null, "tunnel": null, "priority": 1 }, "geometry": { "type": "LineString", "coordinates": [ [ 141.8706628, 43.4140916 ], [ 141.8711165, 43.4156398 ], [ 141.871349, 43.416551 ], [ 141.871527, 43.417131 ], [ 141.87172, 43.417773 ], [ 141.871888, 43.418313 ], [ 141.8720698, 43.4190052 ] ] } },
{ "type": "Feature", "properties": { "u": 2350612959, "v": 1938412079, "key": 0, "osmid": "236724212", "highway": [ "secondary" ], "oneway": false, "reversed": "True", "length": 169.61216808477639, "lanes": null, "name": "砂川奈井江美唄線", "ref": "1130", "bridge": null, "maxspeed": null, "tunnel": null, "priority": 2 }, "geometry": { "type": "LineString", "coordinates": [ [ 141.898932300000013, 43.414851 ], [ 141.9009771, 43.4145039 ] ] } },
{ "type": "Feature", "properties": { "u": 2350612959, "v": 862583743, "key": 0, "osmid": [ 226201362, 226201363, 226201364, 236724213 ], "highway": [ "secondary" ], "oneway": false, "reversed": "False", "length": 563.93023976713278, "lanes": null, "name": "砂川奈井江美唄線", "ref": "1130", "bridge": "yes", "maxspeed": null, "tunnel": null, "priority": 2 }, "geometry": { "type": "LineString", "coordinates": [ [ 141.898932300000013, 43.414851 ], [ 141.900003, 43.4185244 ], [ 141.900086499999986, 43.4188141 ], [ 141.9001212, 43.4189271 ], [ 141.9004083, 43.4198077 ] ] } },
{ "type": "Feature", "properties": { "u": 2350613650, "v": 2350612889, "key": 0, "osmid": [ 226201858, 226201503 ], "highway": [ "residential" ], "oneway": false, "reversed": "True", "length": 558.11823100560889, "lanes": null, "name": null, "ref": null, "bridge": null, "maxspeed": null, "tunnel": null, "priority": 1 }, "geometry": { "type": "LineString", "coordinates": [ [ 141.8720698, 43.4190052 ], [ 141.871888, 43.418313 ], [ 141.87172, 43.417773 ], [ 141.871527, 43.417131 ], [ 141.871349, 43.416551 ], [ 141.8711165, 43.4156398 ], [ 141.8706628, 43.4140916 ] ] } },
{ "type": "Feature", "properties": { "u": 2350613752, "v": 1938412460, "key": 0, "osmid": "183466235", "highway": [ "tertiary" ], "oneway": false, "reversed": "False", "length": 32.082792025895635, "lanes": "2", "name": null, "ref": null, "bridge": null, "maxspeed": null, "tunnel": null, "priority": 2 }, "geometry": { "type": "LineString", "coordinates": [ [ 141.896969, 43.4203331 ], [ 141.897357199999988, 43.4202719 ] ] } },
{ "type": "Feature", "properties": { "u": 2350613752, "v": 1938412515, "key": 0, "osmid": [ 183466233, 183466234, 183466235 ], "highway": [ "tertiary" ], "oneway": false, "reversed": "True", "length": 276.22593137825805, "lanes": "2", "name": null, "ref": null, "bridge": "yes", "maxspeed": null, "tunnel": null, "priority": 2 }, "geometry": { "type": "LineString", "coordinates": [ [ 141.896969, 43.4203331 ], [ 141.8945478, 43.4207147 ], [ 141.894300500000014, 43.4207536 ], [ 141.8936266, 43.4208598 ] ] } },
{ "type": "Feature", "properties": { "u": 2350614082, "v": 392663125, "key": 0, "osmid": "183466250", "highway": [ "primary" ], "oneway": false, "reversed": "False", "length": 329.8163341430589, "lanes": "2", "name": "江別奈井江線", "ref": "139", "bridge": null, "maxspeed": null, "tunnel": null, "priority": 3 }, "geometry": { "type": "LineString", "coordinates": [ [ 141.865365200000014, 43.4222052 ], [ 141.8662005, 43.4251086 ] ] } },
{ "type": "Feature", "properties": { "u": 2350614082, "v": 501824711, "key": 0, "osmid": "183466250", "highway": [ "primary" ], "oneway": false, "reversed": "True", "length": 229.70491827680394, "lanes": "2", "name": "江別奈井江線", "ref": "139", "bridge": null, "maxspeed": null, "tunnel": null, "priority": 3 }, "geometry": { "type": "LineString", "coordinates": [ [ 141.865365200000014, 43.4222052 ], [ 141.8650515, 43.4210856 ], [ 141.8649026, 43.4206113 ], [ 141.864824700000014, 43.4204639 ], [ 141.8646826, 43.4203476 ], [ 141.8645473, 43.420273 ] ] } },
{ "type": "Feature", "properties": { "u": 2350614082, "v": 3033240784, "key": 0, "osmid": "226201753", "highway": [ "residential" ], "oneway": false, "reversed": "False", "length": 564.51806499893337, "lanes": null, "name": null, "ref": null, "bridge": null, "maxspeed": null, "tunnel": null, "priority": 1 }, "geometry": { "type": "LineString", "coordinates": [ [ 141.865365200000014, 43.4222052 ], [ 141.8668556, 43.4219851 ], [ 141.8708365, 43.421384 ], [ 141.8722061, 43.4211632 ] ] } },
{ "type": "Feature", "properties": { "u": 2350614351, "v": 2350614834, "key": 0, "osmid": "226201774", "highway": [ "tertiary" ], "oneway": false, "reversed": "False", "length": 401.08721717135995, "lanes": null, "name": null, "ref": null, "bridge": null, "maxspeed": null, "tunnel": null, "priority": 2 }, "geometry": { "type": "LineString", "coordinates": [ [ 141.848062199999987, 43.4241196 ], [ 141.848192899999987, 43.4243911 ], [ 141.8484812, 43.4249575 ], [ 141.8488907, 43.4265194 ], [ 141.849215, 43.4276201 ] ] } },
{ "type": "Feature", "properties": { "u": 2350614368, "v": 2350615190, "key": 0, "osmid": "226201818", "highway": [ "residential" ], "oneway": false, "reversed": "True", "length": 1400.9576009965992, "lanes": null, "name": null, "ref": null, "bridge": null, "maxspeed": null, "tunnel": null, "priority": 1 }, "geometry": { "type": "LineString", "coordinates": [ [ 141.9192952, 43.4246286 ], [ 141.919192, 43.4247207 ], [ 141.9191851, 43.4247615 ], [ 141.9192712, 43.4248566 ], [ 141.9199782, 43.4253711 ], [ 141.9200721, 43.425538 ], [ 141.9201669, 43.4257959 ], [ 141.9202803, 43.4260325 ], [ 141.9203526, 43.4261378 ], [ 141.920493, 43.4262737 ], [ 141.9205608, 43.4263392 ], [ 141.920618100000013, 43.4264865 ], [ 141.9206125, 43.4266392 ], [ 141.9204918, 43.4269354 ], [ 141.920352400000013, 43.4272776 ], [ 141.9203748, 43.4273495 ], [ 141.9204188, 43.427405 ], [ 141.9204995, 43.4274441 ], [ 141.9205997, 43.4274662 ], [ 141.920706, 43.42745 ], [ 141.921123099999988, 43.4272336 ], [ 141.9212427, 43.4271315 ], [ 141.9214044, 43.4269212 ], [ 141.9215427, 43.4268728 ], [ 141.92168, 43.4268932 ], [ 141.9217744, 43.4269332 ], [ 141.9218267, 43.427014 ], [ 141.9218105, 43.4271778 ], [ 141.9217064, 43.4274275 ], [ 141.921601399999986, 43.4278773 ], [ 141.921440100000012, 43.4280855 ], [ 141.9213267, 43.4282264 ], [ 141.921123, 43.428483 ], [ 141.921077, 43.42859 ], [ 141.920992, 43.428669 ], [ 141.920691, 43.428849 ], [ 141.920621, 43.428911 ], [ 141.920544, 43.429006 ], [ 141.920544, 43.43007 ], [ 141.920504, 43.430177 ], [ 141.920396, 43.430329 ], [ 141.919956, 43.430768 ], [ 141.919107, 43.431443 ], [ 141.918799, 43.431437 ], [ 141.918406, 43.431381 ], [ 141.917858, 43.431167 ], [ 141.91761, 43.431161 ], [ 141.917479, 43.431184 ], [ 141.917409, 43.431257 ], [ 141.917402, 43.43142 ], [ 141.917494, 43.431735 ], [ 141.917494, 43.43182 ], [ 141.917441, 43.431931 ], [ 141.917186, 43.432072 ], [ 141.916622, 43.432315 ], [ 141.91649, 43.43236 ], [ 141.916343, 43.432393 ], [ 141.9162787, 43.4324139 ] ] } },
{ "type": "Feature", "properties": { "u": 2350614627, "v": 3010041357, "key": 0, "osmid": [ 226201698, 226201612 ], "highway": "['unclassified' 'residential']", "oneway": false, "reversed": "False", "length": 454.91362291782877, "lanes": null, "name": null, "ref": null, "bridge": null, "maxspeed": null, "tunnel": null, "priority": 1 }, "geometry": { "type": "LineString", "coordinates": [ [ 141.855646299999989, 43.4255296 ], [ 141.855917, 43.425476 ], [ 141.858908899999989, 43.4248378 ], [ 141.8591417, 43.4247525 ], [ 141.8592013, 43.4249505 ], [ 141.859565, 43.4261524 ] ] } },
{ "type": "Feature", "properties": { "u": 2350614707, "v": 3010041357, "key": 0, "osmid": "34238532", "highway": [ "secondary" ], "oneway": false, "reversed": "False", "length": 10.474260523974133, "lanes": "2", "name": "奈井江浦臼線", "ref": "278", "bridge": null, "maxspeed": null, "tunnel": null, "priority": 2 }, "geometry": { "type": "LineString", "coordinates": [ [ 141.85943850000001, 43.4261732 ], [ 141.859565, 43.4261524 ] ] } },
{ "type": "Feature", "properties": { "u": 2350614707, "v": 2350614743, "key": 0, "osmid": "34238532", "highway": [ "secondary" ], "oneway": false, "reversed": "True", "length": 273.72217569387362, "lanes": "2", "name": "奈井江浦臼線", "ref": "278", "bridge": null, "maxspeed": null, "tunnel": null, "priority": 2 }, "geometry": { "type": "LineString", "coordinates": [ [ 141.85943850000001, 43.4261732 ], [ 141.8561276, 43.4267002 ] ] } },
{ "type": "Feature", "properties": { "u": 2350614743, "v": 2350614707, "key": 0, "osmid": "34238532", "highway": [ "secondary" ], "oneway": false, "reversed": "False", "length": 273.72217569387362, "lanes": "2", "name": "奈井江浦臼線", "ref": "278", "bridge": null, "maxspeed": null, "tunnel": null, "priority": 2 }, "geometry": { "type": "LineString", "coordinates": [ [ 141.8561276, 43.4267002 ], [ 141.85943850000001, 43.4261732 ] ] } },
{ "type": "Feature", "properties": { "u": 2350614743, "v": 1938413113, "key": 0, "osmid": "34238532", "highway": [ "secondary" ], "oneway": false, "reversed": "True", "length": 286.28442951613823, "lanes": "2", "name": "奈井江浦臼線", "ref": "278", "bridge": null, "maxspeed": null, "tunnel": null, "priority": 2 }, "geometry": { "type": "LineString", "coordinates": [ [ 141.8561276, 43.4267002 ], [ 141.8535075, 43.4271005 ], [ 141.852661, 43.4272387 ] ] } },
{ "type": "Feature", "properties": { "u": 2350614834, "v": 392663114, "key": 0, "osmid": "226201526", "highway": [ "tertiary" ], "oneway": false, "reversed": "True", "length": 32.378954715842582, "lanes": null, "name": null, "ref": null, "bridge": null, "maxspeed": null, "tunnel": null, "priority": 2 }, "geometry": { "type": "LineString", "coordinates": [ [ 141.849215, 43.4276201 ], [ 141.8493624, 43.4278909 ] ] } },
{ "type": "Feature", "properties": { "u": 2350614834, "v": 2350614351, "key": 0, "osmid": "226201774", "highway": [ "tertiary" ], "oneway": false, "reversed": "True", "length": 401.0872171713599, "lanes": null, "name": null, "ref": null, "bridge": null, "maxspeed": null, "tunnel": null, "priority": 2 }, "geometry": { "type": "LineString", "coordinates": [ [ 141.849215, 43.4276201 ], [ 141.8488907, 43.4265194 ], [ 141.8484812, 43.4249575 ], [ 141.848192899999987, 43.4243911 ], [ 141.848062199999987, 43.4241196 ] ] } },
{ "type": "Feature", "properties": { "u": 2350614870, "v": 2350615222, "key": 0, "osmid": "226201844", "highway": [ "residential" ], "oneway": false, "reversed": "False", "length": 566.86369241711873, "lanes": null, "name": null, "ref": null, "bridge": null, "maxspeed": null, "tunnel": null, "priority": 1 }, "geometry": { "type": "LineString", "coordinates": [ [ 141.9136753, 43.4280825 ], [ 141.9139413, 43.428931 ], [ 141.9143377, 43.4301257 ], [ 141.914676500000013, 43.4309752 ], [ 141.914880399999987, 43.4315436 ], [ 141.9153873, 43.4330256 ] ] } },
{ "type": "Feature", "properties": { "u": 2350614894, "v": 2350615234, "key": 0, "osmid": "226201862", "highway": [ "residential" ], "oneway": false, "reversed": "True", "length": 569.63451111129348, "lanes": null, "name": null, "ref": null, "bridge": null, "maxspeed": null, "tunnel": null, "priority": 1 }, "geometry": { "type": "LineString", "coordinates": [ [ 141.9130117, 43.4281759 ], [ 141.9134281, 43.4290505 ], [ 141.913572499999987, 43.4294375 ], [ 141.9138391, 43.4301313 ], [ 141.9140009, 43.4306164 ], [ 141.9142929, 43.4317326 ], [ 141.9143205, 43.4317968 ], [ 141.914554900000013, 43.4325656 ], [ 141.914639200000011, 43.4331486 ] ] } },
{ "type": "Feature", "properties": { "u": 2350614926, "v": 2350615276, "key": 0, "osmid": "183466226", "highway": [ "tertiary" ], "oneway": false, "reversed": "True", "length": 564.90430455340811, "lanes": null, "name": null, "ref": null, "bridge": null, "maxspeed": null, "tunnel": null, "priority": 2 }, "geometry": { "type": "LineString", "coordinates": [ [ 141.9100604, 43.4286713 ], [ 141.9109006, 43.4314641 ], [ 141.911583900000011, 43.4336296 ] ] } },
{ "type": "Feature", "properties": { "u": 2350615079, "v": 2350615195, "key": 0, "osmid": "226201760", "highway": [ "residential" ], "oneway": false, "reversed": "True", "length": 196.34230143516211, "lanes": null, "name": null, "ref": null, "bridge": null, "maxspeed": null, "tunnel": null, "priority": 1 }, "geometry": { "type": "LineString", "coordinates": [ [ 141.8966622, 43.4307675 ], [ 141.896728, 43.4315366 ], [ 141.8968075, 43.4319124 ], [ 141.8969894, 43.432513 ] ] } },
{ "type": "Feature", "properties": { "u": 2350615106, "v": 2350615142, "key": 0, "osmid": "297154876", "highway": [ "tertiary" ], "oneway": false, "reversed": "False", "length": 273.45081241230963, "lanes": null, "name": null, "ref": null, "bridge": null, "maxspeed": null, "tunnel": null, "priority": 2 }, "geometry": { "type": "LineString", "coordinates": [ [ 141.8609212, 43.4311456 ], [ 141.8576103, 43.431662 ] ] } },
{ "type": "Feature", "properties": { "u": 2350615106, "v": 1938413209, "key": 0, "osmid": "297154876", "highway": [ "tertiary" ], "oneway": false, "reversed": "True", "length": 1126.412004875393, "lanes": null, "name": null, "ref": null, "bridge": null, "maxspeed": null, "tunnel": null, "priority": 2 }, "geometry": { "type": "LineString", "coordinates": [ [ 141.8609212, 43.4311456 ], [ 141.8745554, 43.4290052 ] ] } },
{ "type": "Feature", "properties": { "u": 2350615130, "v": 2350615347, "key": 0, "osmid": "806280802", "highway": [ "secondary" ], "oneway": false, "reversed": "False", "length": 373.812383514864, "lanes": null, "name": "砂川奈井江美唄線", "ref": "1130", "bridge": null, "maxspeed": null, "tunnel": null, "priority": 2 }, "geometry": { "type": "LineString", "coordinates": [ [ 141.9038113, 43.4313947 ], [ 141.90477580000001, 43.4346827 ] ] } },
{ "type": "Feature", "properties": { "u": 2350615130, "v": 2350615195, "key": 0, "osmid": "226201723", "highway": [ "residential" ], "oneway": false, "reversed": "True", "length": 564.74935231846246, "lanes": null, "name": null, "ref": null, "bridge": null, "maxspeed": null, "tunnel": null, "priority": 1 }, "geometry": { "type": "LineString", "coordinates": [ [ 141.9038113, 43.4313947 ], [ 141.89983, 43.432022 ], [ 141.8969894, 43.432513 ] ] } },
{ "type": "Feature", "properties": { "u": 2350615130, "v": 1938413263, "key": 0, "osmid": "806280802", "highway": [ "secondary" ], "oneway": false, "reversed": "True", "length": 190.10699894900219, "lanes": null, "name": "砂川奈井江美唄線", "ref": "1130", "bridge": null, "maxspeed": null, "tunnel": null, "priority": 2 }, "geometry": { "type": "LineString", "coordinates": [ [ 141.9038113, 43.4313947 ], [ 141.9037672, 43.4312215 ], [ 141.9033203, 43.4297227 ] ] } },
{ "type": "Feature", "properties": { "u": 2350615142, "v": 2350615150, "key": 0, "osmid": "297154876", "highway": [ "tertiary" ], "oneway": false, "reversed": "False", "length": 88.121406441549226, "lanes": null, "name": null, "ref": null, "bridge": null, "maxspeed": null, "tunnel": null, "priority": 2 }, "geometry": { "type": "LineString", "coordinates": [ [ 141.8576103, 43.431662 ], [ 141.8565456, 43.4318359 ] ] } },
{ "type": "Feature", "properties": { "u": 2350615142, "v": 2350615106, "key": 0, "osmid": "297154876", "highway": [ "tertiary" ], "oneway": false, "reversed": "True", "length": 273.45081241230963, "lanes": null, "name": null, "ref": null, "bridge": null, "maxspeed": null, "tunnel": null, "priority": 2 }, "geometry": { "type": "LineString", "coordinates": [ [ 141.8576103, 43.431662 ], [ 141.8609212, 43.4311456 ] ] } },
{ "type": "Feature", "properties": { "u": 2350615150, "v": 2350615142, "key": 0, "osmid": "297154876", "highway": [ "tertiary" ], "oneway": false, "reversed": "True", "length": 88.121406441549226, "lanes": null, "name": null, "ref": null, "bridge": null, "maxspeed": null, "tunnel": null, "priority": 2 }, "geometry": { "type": "LineString", "coordinates": [ [ 141.8565456, 43.4318359 ], [ 141.8576103, 43.431662 ] ] } },
{ "type": "Feature", "properties": { "u": 2350615150, "v": 1938413113, "key": 0, "osmid": [ 183465939, 297154876 ], "highway": "['tertiary' 'unclassified']", "oneway": false, "reversed": [ false, true ], "length": 768.29937608578359, "lanes": null, "name": null, "ref": null, "bridge": null, "maxspeed": null, "tunnel": null, "priority": 2 }, "geometry": { "type": "LineString", "coordinates": [ [ 141.8565456, 43.4318359 ], [ 141.8540844, 43.4322149 ], [ 141.852661, 43.4272387 ] ] } },
{ "type": "Feature", "properties": { "u": 2350615190, "v": 2350614368, "key": 0, "osmid": "226201818", "highway": [ "residential" ], "oneway": false, "reversed": "False", "length": 1400.957600996599, "lanes": null, "name": null, "ref": null, "bridge": null, "maxspeed": null, "tunnel": null, "priority": 1 }, "geometry": { "type": "LineString", "coordinates": [ [ 141.9162787, 43.4324139 ], [ 141.916343, 43.432393 ], [ 141.91649, 43.43236 ], [ 141.916622, 43.432315 ], [ 141.917186, 43.432072 ], [ 141.917441, 43.431931 ], [ 141.917494, 43.43182 ], [ 141.917494, 43.431735 ], [ 141.917402, 43.43142 ], [ 141.917409, 43.431257 ], [ 141.917479, 43.431184 ], [ 141.91761, 43.431161 ], [ 141.917858, 43.431167 ], [ 141.918406, 43.431381 ], [ 141.918799, 43.431437 ], [ 141.919107, 43.431443 ], [ 141.919956, 43.430768 ], [ 141.920396, 43.430329 ], [ 141.920504, 43.430177 ], [ 141.920544, 43.43007 ], [ 141.920544, 43.429006 ], [ 141.920621, 43.428911 ], [ 141.920691, 43.428849 ], [ 141.920992, 43.428669 ], [ 141.921077, 43.42859 ], [ 141.921123, 43.428483 ], [ 141.9213267, 43.4282264 ], [ 141.921440100000012, 43.4280855 ], [ 141.921601399999986, 43.4278773 ], [ 141.9217064, 43.4274275 ], [ 141.9218105, 43.4271778 ], [ 141.9218267, 43.427014 ], [ 141.9217744, 43.4269332 ], [ 141.92168, 43.4268932 ], [ 141.9215427, 43.4268728 ], [ 141.9214044, 43.4269212 ], [ 141.9212427, 43.4271315 ], [ 141.921123099999988, 43.4272336 ], [ 141.920706, 43.42745 ], [ 141.9205997, 43.4274662 ], [ 141.9204995, 43.4274441 ], [ 141.9204188, 43.427405 ], [ 141.9203748, 43.4273495 ], [ 141.920352400000013, 43.4272776 ], [ 141.9204918, 43.4269354 ], [ 141.9206125, 43.4266392 ], [ 141.920618100000013, 43.4264865 ], [ 141.9205608, 43.4263392 ], [ 141.920493, 43.4262737 ], [ 141.9203526, 43.4261378 ], [ 141.9202803, 43.4260325 ], [ 141.9201669, 43.4257959 ], [ 141.9200721, 43.425538 ], [ 141.9199782, 43.4253711 ], [ 141.9192712, 43.4248566 ], [ 141.9191851, 43.4247615 ], [ 141.919192, 43.4247207 ], [ 141.9192952, 43.4246286 ] ] } },
{ "type": "Feature", "properties": { "u": 2350615195, "v": 2350615484, "key": 0, "osmid": "226201611", "highway": [ "residential" ], "oneway": false, "reversed": "False", "length": 369.25923393280846, "lanes": null, "name": null, "ref": null, "bridge": null, "maxspeed": null, "tunnel": null, "priority": 1 }, "geometry": { "type": "LineString", "coordinates": [ [ 141.8969894, 43.432513 ], [ 141.8979425, 43.4357609 ] ] } },
{ "type": "Feature", "properties": { "u": 2350615195, "v": 2350615130, "key": 0, "osmid": "226201723", "highway": [ "residential" ], "oneway": false, "reversed": "False", "length": 564.74935231846246, "lanes": null, "name": null, "ref": null, "bridge": null, "maxspeed": null, "tunnel": null, "priority": 1 }, "geometry": { "type": "LineString", "coordinates": [ [ 141.8969894, 43.432513 ], [ 141.89983, 43.432022 ], [ 141.9038113, 43.4313947 ] ] } },
{ "type": "Feature", "properties": { "u": 2350615195, "v": 2350615079, "key": 0, "osmid": "226201760", "highway": [ "residential" ], "oneway": false, "reversed": "False", "length": 196.34230143516208, "lanes": null, "name": null, "ref": null, "bridge": null, "maxspeed": null, "tunnel": null, "priority": 1 }, "geometry": { "type": "LineString", "coordinates": [ [ 141.8969894, 43.432513 ], [ 141.8968075, 43.4319124 ], [ 141.896728, 43.4315366 ], [ 141.8966622, 43.4307675 ] ] } },
{ "type": "Feature", "properties": { "u": 2350615222, "v": 2350614870, "key": 0, "osmid": "226201844", "highway": [ "residential" ], "oneway": false, "reversed": "True", "length": 566.86369241711873, "lanes": null, "name": null, "ref": null, "bridge": null, "maxspeed": null, "tunnel": null, "priority": 1 }, "geometry": { "type": "LineString", "coordinates": [ [ 141.9153873, 43.4330256 ], [ 141.914880399999987, 43.4315436 ], [ 141.914676500000013, 43.4309752 ], [ 141.9143377, 43.4301257 ], [ 141.9139413, 43.428931 ], [ 141.9136753, 43.4280825 ] ] } },
{ "type": "Feature", "properties": { "u": 2350615222, "v": 2350615902, "key": 0, "osmid": "226201873", "highway": [ "residential" ], "oneway": false, "reversed": "True", "length": 566.60818136864657, "lanes": null, "name": null, "ref": null, "bridge": null, "maxspeed": null, "tunnel": null, "priority": 1 }, "geometry": { "type": "LineString", "coordinates": [ [ 141.9153873, 43.4330256 ], [ 141.915541, 43.433789 ], [ 141.9155623, 43.4342016 ], [ 141.9157721, 43.4352093 ], [ 141.915895, 43.435809 ], [ 141.9159243, 43.4359744 ], [ 141.91598, 43.436288 ], [ 141.916089, 43.43716 ], [ 141.916249099999987, 43.4380799 ] ] } },
{ "type": "Feature", "properties": { "u": 2350615234, "v": 2350614894, "key": 0, "osmid": "226201862", "highway": [ "residential" ], "oneway": false, "reversed": "False", "length": 569.63451111129348, "lanes": null, "name": null, "ref": null, "bridge": null, "maxspeed": null, "tunnel": null, "priority": 1 }, "geometry": { "type": "LineString", "coordinates": [ [ 141.914639200000011, 43.4331486 ], [ 141.914554900000013, 43.4325656 ], [ 141.9143205, 43.4317968 ], [ 141.9142929, 43.4317326 ], [ 141.9140009, 43.4306164 ], [ 141.9138391, 43.4301313 ], [ 141.913572499999987, 43.4294375 ], [ 141.9134281, 43.4290505 ], [ 141.9130117, 43.4281759 ] ] } },
{ "type": "Feature", "properties": { "u": 2350615276, "v": 2350614926, "key": 0, "osmid": "183466226", "highway": [ "tertiary" ], "oneway": false, "reversed": "False", "length": 564.90430455340811, "lanes": null, "name": null, "ref": null, "bridge": null, "maxspeed": null, "tunnel": null, "priority": 2 }, "geometry": { "type": "LineString", "coordinates": [ [ 141.911583900000011, 43.4336296 ], [ 141.9109006, 43.4314641 ], [ 141.9100604, 43.4286713 ] ] } },
{ "type": "Feature", "properties": { "u": 2350615276, "v": 2350616004, "key": 0, "osmid": "183466226", "highway": [ "tertiary" ], "oneway": false, "reversed": "True", "length": 562.00789254002598, "lanes": null, "name": null, "ref": null, "bridge": null, "maxspeed": null, "tunnel": null, "priority": 2 }, "geometry": { "type": "LineString", "coordinates": [ [ 141.911583900000011, 43.4336296 ], [ 141.9120677, 43.4352528 ], [ 141.913029, 43.4385737 ] ] } },
{ "type": "Feature", "properties": { "u": 2350615347, "v": 2350616153, "key": 0, "osmid": "806280802", "highway": [ "secondary" ], "oneway": false, "reversed": "False", "length": 565.49185715846988, "lanes": null, "name": "砂川奈井江美唄線", "ref": "1130", "bridge": null, "maxspeed": null, "tunnel": null, "priority": 2 }, "geometry": { "type": "LineString", "coordinates": [ [ 141.90477580000001, 43.4346827 ], [ 141.9062471, 43.4396548 ] ] } },
{ "type": "Feature", "properties": { "u": 2350615347, "v": 2350615130, "key": 0, "osmid": "806280802", "highway": [ "secondary" ], "oneway": false, "reversed": "True", "length": 373.812383514864, "lanes": null, "name": "砂川奈井江美唄線", "ref": "1130", "bridge": null, "maxspeed": null, "tunnel": null, "priority": 2 }, "geometry": { "type": "LineString", "coordinates": [ [ 141.90477580000001, 43.4346827 ], [ 141.9038113, 43.4313947 ] ] } },
{ "type": "Feature", "properties": { "u": 2350615377, "v": 2350615575, "key": 1, "osmid": [ 226201808, 226201794, 226201557, 226201566 ], "highway": [ "residential" ], "oneway": false, "reversed": [ false, true ], "length": 409.11988359072933, "lanes": null, "name": null, "ref": null, "bridge": "yes", "maxspeed": null, "tunnel": null, "priority": 1 }, "geometry": { "type": "LineString", "coordinates": [ [ 141.872492200000011, 43.4345342 ], [ 141.872943099999986, 43.4360629 ], [ 141.872911, 43.4362488 ], [ 141.8729549, 43.4365231 ], [ 141.8723263, 43.4365494 ], [ 141.871955500000013, 43.4365704 ], [ 141.8712282, 43.4366101 ], [ 141.8706851, 43.4366406 ] ] } },
{ "type": "Feature", "properties": { "u": 2350615390, "v": 2350615774, "key": 0, "osmid": "226201734", "highway": [ "residential" ], "oneway": false, "reversed": "False", "length": 339.47204191375641, "lanes": null, "name": null, "ref": null, "bridge": null, "maxspeed": null, "tunnel": null, "priority": 1 }, "geometry": { "type": "LineString", "coordinates": [ [ 141.918335, 43.434594 ], [ 141.919139699999988, 43.4375905 ] ] } },
{ "type": "Feature", "properties": { "u": 2350615424, "v": 2350615478, "key": 0, "osmid": "33995218", "highway": [ "trunk" ], "oneway": true, "reversed": "False", "length": 65.742706215829074, "lanes": "2", "name": "国道12号", "ref": "12", "bridge": null, "maxspeed": null, "tunnel": null, "priority": 4 }, "geometry": { "type": "LineString", "coordinates": [ [ 141.89052860000001, 43.4350734 ], [ 141.8906934, 43.4356524 ] ] } },
{ "type": "Feature", "properties": { "u": 2350615424, "v": 2350615498, "key": 0, "osmid": [ 226201533, 226201478 ], "highway": "['unclassified' 'residential']", "oneway": false, "reversed": "True", "length": 199.50199306099279, "lanes": null, "name": null, "ref": null, "bridge": null, "maxspeed": null, "tunnel": null, "priority": 1 }, "geometry": { "type": "LineString", "coordinates": [ [ 141.89052860000001, 43.4350734 ], [ 141.8889379, 43.435313 ], [ 141.8891224, 43.4359127 ] ] } },
{ "type": "Feature", "properties": { "u": 2350615478, "v": 2350615586, "key": 0, "osmid": "33995218", "highway": [ "trunk" ], "oneway": true, "reversed": "False", "length": 133.92321391278028, "lanes": "2", "name": "国道12号", "ref": "12", "bridge": null, "maxspeed": null, "tunnel": null, "priority": 4 }, "geometry": { "type": "LineString", "coordinates": [ [ 141.8906934, 43.4356524 ], [ 141.8910439, 43.4368296 ] ] } },
{ "type": "Feature", "properties": { "u": 2350615478, "v": 2350615498, "key": 0, "osmid": "226201718", "highway": [ "residential" ], "oneway": false, "reversed": "False", "length": 130.10881925108245, "lanes": null, "name": null, "ref": null, "bridge": null, "maxspeed": null, "tunnel": null, "priority": 1 }, "geometry": { "type": "LineString", "coordinates": [ [ 141.8906934, 43.4356524 ], [ 141.8891224, 43.4359127 ] ] } },
{ "type": "Feature", "properties": { "u": 2350615478, "v": 7838309219, "key": 0, "osmid": "226201718", "highway": [ "residential" ], "oneway": false, "reversed": "True", "length": 12.227701282204144, "lanes": null, "name": null, "ref": null, "bridge": null, "maxspeed": null, "tunnel": null, "priority": 1 }, "geometry": { "type": "LineString", "coordinates": [ [ 141.8906934, 43.4356524 ], [ 141.890841, 43.4356278 ] ] } },
{ "type": "Feature", "properties": { "u": 2350615484, "v": 2350615195, "key": 0, "osmid": "226201611", "highway": [ "residential" ], "oneway": false, "reversed": "True", "length": 369.25923393280846, "lanes": null, "name": null, "ref": null, "bridge": null, "maxspeed": null, "tunnel": null, "priority": 1 }, "geometry": { "type": "LineString", "coordinates": [ [ 141.8979425, 43.4357609 ], [ 141.8969894, 43.432513 ] ] } },
{ "type": "Feature", "properties": { "u": 2350615498, "v": 2350615607, "key": 0, "osmid": "226201555", "highway": [ "residential" ], "oneway": false, "reversed": "True", "length": 132.26400734848767, "lanes": null, "name": null, "ref": null, "bridge": null, "maxspeed": null, "tunnel": null, "priority": 1 }, "geometry": { "type": "LineString", "coordinates": [ [ 141.8891224, 43.4359127 ], [ 141.8894661, 43.4370757 ] ] } },
{ "type": "Feature", "properties": { "u": 2350615498, "v": 2350615478, "key": 0, "osmid": "226201718", "highway": [ "residential" ], "oneway": false, "reversed": "True", "length": 130.10881925108245, "lanes": null, "name": null, "ref": null, "bridge": null, "maxspeed": null, "tunnel": null, "priority": 1 }, "geometry": { "type": "LineString", "coordinates": [ [ 141.8891224, 43.4359127 ], [ 141.8906934, 43.4356524 ] ] } },
{ "type": "Feature", "properties": { "u": 2350615498, "v": 2350615424, "key": 0, "osmid": [ 226201533, 226201478 ], "highway": "['unclassified' 'residential']", "oneway": false, "reversed": "False", "length": 199.50199306099279, "lanes": null, "name": null, "ref": null, "bridge": null, "maxspeed": null, "tunnel": null, "priority": 1 }, "geometry": { "type": "LineString", "coordinates": [ [ 141.8891224, 43.4359127 ], [ 141.8889379, 43.435313 ], [ 141.89052860000001, 43.4350734 ] ] } },
{ "type": "Feature", "properties": { "u": 2350615575, "v": 2350615377, "key": 0, "osmid": [ 226201808, 226201794, 226201557, 226201566 ], "highway": [ "residential" ], "oneway": false, "reversed": [ false, true ], "length": 409.11988359072927, "lanes": null, "name": null, "ref": null, "bridge": "yes", "maxspeed": null, "tunnel": null, "priority": 1 }, "geometry": { "type": "LineString", "coordinates": [ [ 141.8706851, 43.4366406 ], [ 141.8712282, 43.4366101 ], [ 141.871955500000013, 43.4365704 ], [ 141.8723263, 43.4365494 ], [ 141.8729549, 43.4365231 ], [ 141.872911, 43.4362488 ], [ 141.872943099999986, 43.4360629 ], [ 141.872492200000011, 43.4345342 ] ] } },
{ "type": "Feature", "properties": { "u": 2350615586, "v": 2350616001, "key": 0, "osmid": "33995218", "highway": [ "trunk" ], "oneway": true, "reversed": "False", "length": 190.30277542908073, "lanes": "2", "name": "国道12号", "ref": "12", "bridge": null, "maxspeed": null, "tunnel": null, "priority": 4 }, "geometry": { "type": "LineString", "coordinates": [ [ 141.8910439, 43.4368296 ], [ 141.8915335, 43.4385037 ] ] } },
{ "type": "Feature", "properties": { "u": 2350615607, "v": 2350615498, "key": 0, "osmid": "226201555", "highway": [ "residential" ], "oneway": false, "reversed": "False", "length": 132.26400734848767, "lanes": null, "name": null, "ref": null, "bridge": null, "maxspeed": null, "tunnel": null, "priority": 1 }, "geometry": { "type": "LineString", "coordinates": [ [ 141.8894661, 43.4370757 ], [ 141.8891224, 43.4359127 ] ] } },
{ "type": "Feature", "properties": { "u": 2350615774, "v": 2350615902, "key": 0, "osmid": "226201500", "highway": [ "tertiary" ], "oneway": false, "reversed": "False", "length": 239.65049528749739, "lanes": null, "name": null, "ref": null, "bridge": null, "maxspeed": null, "tunnel": null, "priority": 2 }, "geometry": { "type": "LineString", "coordinates": [ [ 141.919139699999988, 43.4375905 ], [ 141.916249099999987, 43.4380799 ] ] } },
{ "type": "Feature", "properties": { "u": 2350615774, "v": 2350615390, "key": 0, "osmid": "226201734", "highway": [ "residential" ], "oneway": false, "reversed": "True", "length": 339.47204191375641, "lanes": null, "name": null, "ref": null, "bridge": null, "maxspeed": null, "tunnel": null, "priority": 1 }, "geometry": { "type": "LineString", "coordinates": [ [ 141.919139699999988, 43.4375905 ], [ 141.918335, 43.434594 ] ] } },
{ "type": "Feature", "properties": { "u": 2350615774, "v": 2350616166, "key": 0, "osmid": "226201424", "highway": [ "residential" ], "oneway": false, "reversed": "False", "length": 616.68289845416689, "lanes": null, "name": null, "ref": null, "bridge": null, "maxspeed": null, "tunnel": null, "priority": 1 }, "geometry": { "type": "LineString", "coordinates": [ [ 141.919139699999988, 43.4375905 ], [ 141.9218234, 43.4371786 ], [ 141.9220737, 43.4371803 ], [ 141.9223843, 43.4372177 ], [ 141.922885, 43.4373077 ], [ 141.9231571, 43.4373976 ], [ 141.923282, 43.4383325 ], [ 141.9233839, 43.4386309 ], [ 141.923737, 43.4390851 ], [ 141.9237277, 43.4391449 ], [ 141.923645, 43.439287 ], [ 141.9230834, 43.4396845 ] ] } },
{ "type": "Feature", "properties": { "u": 2350615774, "v": 2350616358, "key": 0, "osmid": "226201461", "highway": [ "tertiary" ], "oneway": false, "reversed": "True", "length": 534.88166452966391, "lanes": null, "name": null, "ref": null, "bridge": null, "maxspeed": null, "tunnel": null, "priority": 2 }, "geometry": { "type": "LineString", "coordinates": [ [ 141.919139699999988, 43.4375905 ], [ 141.9202713, 43.4414393 ], [ 141.920522799999986, 43.4422948 ] ] } },
{ "type": "Feature", "properties": { "u": 2350615902, "v": 2350615774, "key": 0, "osmid": "226201500", "highway": [ "tertiary" ], "oneway": false, "reversed": "True", "length": 239.65049528749739, "lanes": null, "name": null, "ref": null, "bridge": null, "maxspeed": null, "tunnel": null, "priority": 2 }, "geometry": { "type": "LineString", "coordinates": [ [ 141.916249099999987, 43.4380799 ], [ 141.919139699999988, 43.4375905 ] ] } },
{ "type": "Feature", "properties": { "u": 2350615902, "v": 2350616004, "key": 0, "osmid": [ 297154881, 226201500, 297154878 ], "highway": [ "tertiary" ], "oneway": false, "reversed": "False", "length": 265.73647625595538, "lanes": null, "name": null, "ref": null, "bridge": null, "maxspeed": null, "tunnel": "yes", "priority": 2 }, "geometry": { "type": "LineString", "coordinates": [ [ 141.916249099999987, 43.4380799 ], [ 141.916116100000011, 43.4381019 ], [ 141.915771, 43.4381488 ], [ 141.9155833, 43.438178 ], [ 141.913029, 43.4385737 ] ] } },
{ "type": "Feature", "properties": { "u": 2350615902, "v": 2350616170, "key": 0, "osmid": [ 226201667, 226201716 ], "highway": "['unclassified' 'residential']", "oneway": false, "reversed": [ false, true ], "length": 198.55836721443922, "lanes": null, "name": null, "ref": null, "bridge": null, "maxspeed": null, "tunnel": null, "priority": 1 }, "geometry": { "type": "LineString", "coordinates": [ [ 141.916249099999987, 43.4380799 ], [ 141.9163217, 43.4382211 ], [ 141.916436, 43.438978 ], [ 141.916546899999986, 43.4398478 ] ] } },
{ "type": "Feature", "properties": { "u": 2350615902, "v": 2350615222, "key": 0, "osmid": "226201873", "highway": [ "residential" ], "oneway": false, "reversed": "False", "length": 566.60818136864657, "lanes": null, "name": null, "ref": null, "bridge": null, "maxspeed": null, "tunnel": null, "priority": 1 }, "geometry": { "type": "LineString", "coordinates": [ [ 141.916249099999987, 43.4380799 ], [ 141.916089, 43.43716 ], [ 141.91598, 43.436288 ], [ 141.9159243, 43.4359744 ], [ 141.915895, 43.435809 ], [ 141.9157721, 43.4352093 ], [ 141.9155623, 43.4342016 ], [ 141.915541, 43.433789 ], [ 141.9153873, 43.4330256 ] ] } },
{ "type": "Feature", "properties": { "u": 2350616001, "v": 2350616321, "key": 0, "osmid": "33995218", "highway": [ "trunk" ], "oneway": true, "reversed": "False", "length": 372.28097820587789, "lanes": "2", "name": "国道12号", "ref": "12", "bridge": null, "maxspeed": null, "tunnel": null, "priority": 4 }, "geometry": { "type": "LineString", "coordinates": [ [ 141.8915335, 43.4385037 ], [ 141.8924833, 43.4417799 ] ] } },
{ "type": "Feature", "properties": { "u": 2350616001, "v": 3010041379, "key": 0, "osmid": "226201841", "highway": [ "residential" ], "oneway": false, "reversed": "True", "length": 276.82107457332148, "lanes": null, "name": null, "ref": null, "bridge": null, "maxspeed": null, "tunnel": null, "priority": 1 }, "geometry": { "type": "LineString", "coordinates": [ [ 141.8915335, 43.4385037 ], [ 141.8881754, 43.4390058 ] ] } },
{ "type": "Feature", "properties": { "u": 2350616004, "v": 3010041381, "key": 0, "osmid": "183466226", "highway": [ "tertiary" ], "oneway": false, "reversed": "True", "length": 254.72573901313294, "lanes": null, "name": null, "ref": null, "bridge": null, "maxspeed": null, "tunnel": null, "priority": 2 }, "geometry": { "type": "LineString", "coordinates": [ [ 141.913029, 43.4385737 ], [ 141.9136878, 43.440814 ] ] } },
{ "type": "Feature", "properties": { "u": 2350616004, "v": 2350616153, "key": 0, "osmid": "226201499", "highway": [ "tertiary" ], "oneway": false, "reversed": "False", "length": 560.60677023039466, "lanes": null, "name": null, "ref": null, "bridge": null, "maxspeed": null, "tunnel": null, "priority": 2 }, "geometry": { "type": "LineString", "coordinates": [ [ 141.913029, 43.4385737 ], [ 141.9062471, 43.4396548 ] ] } },
{ "type": "Feature", "properties": { "u": 2350616004, "v": 2350615276, "key": 0, "osmid": "183466226", "highway": [ "tertiary" ], "oneway": false, "reversed": "False", "length": 562.00789254002598, "lanes": null, "name": null, "ref": null, "bridge": null, "maxspeed": null, "tunnel": null, "priority": 2 }, "geometry": { "type": "LineString", "coordinates": [ [ 141.913029, 43.4385737 ], [ 141.9120677, 43.4352528 ], [ 141.911583900000011, 43.4336296 ] ] } },
{ "type": "Feature", "properties": { "u": 2350616004, "v": 2350615902, "key": 0, "osmid": [ 297154881, 226201500, 297154878 ], "highway": [ "tertiary" ], "oneway": false, "reversed": "True", "length": 265.73647625595544, "lanes": null, "name": null, "ref": null, "bridge": null, "maxspeed": null, "tunnel": "yes", "priority": 2 }, "geometry": { "type": "LineString", "coordinates": [ [ 141.913029, 43.4385737 ], [ 141.9155833, 43.438178 ], [ 141.915771, 43.4381488 ], [ 141.916116100000011, 43.4381019 ], [ 141.916249099999987, 43.4380799 ] ] } },
{ "type": "Feature", "properties": { "u": 2350616143, "v": 1938413469, "key": 0, "osmid": "183466045", "highway": [ "tertiary" ], "oneway": false, "reversed": "False", "length": 191.27248353274098, "lanes": null, "name": null, "ref": null, "bridge": null, "maxspeed": null, "tunnel": null, "priority": 2 }, "geometry": { "type": "LineString", "coordinates": [ [ 141.8847576, 43.4395533 ], [ 141.884259500000013, 43.4378716 ] ] } },
{ "type": "Feature", "properties": { "u": 2350616143, "v": 3010041379, "key": 0, "osmid": "226201841", "highway": [ "residential" ], "oneway": false, "reversed": "False", "length": 282.5859377138201, "lanes": null, "name": null, "ref": null, "bridge": null, "maxspeed": null, "tunnel": null, "priority": 1 }, "geometry": { "type": "LineString", "coordinates": [ [ 141.8847576, 43.4395533 ], [ 141.8881754, 43.4390058 ] ] } },
{ "type": "Feature", "properties": { "u": 2350616143, "v": 2350616274, "key": 0, "osmid": "183466045", "highway": [ "tertiary" ], "oneway": false, "reversed": "True", "length": 189.33487886583094, "lanes": null, "name": null, "ref": null, "bridge": null, "maxspeed": null, "tunnel": null, "priority": 2 }, "geometry": { "type": "LineString", "coordinates": [ [ 141.8847576, 43.4395533 ], [ 141.885206399999987, 43.4411421 ], [ 141.8852288, 43.4412213 ] ] } },
{ "type": "Feature", "properties": { "u": 2350616153, "v": 2350616004, "key": 0, "osmid": "226201499", "highway": [ "tertiary" ], "oneway": false, "reversed": "True", "length": 560.60677023039466, "lanes": null, "name": null, "ref": null, "bridge": null, "maxspeed": null, "tunnel": null, "priority": 2 }, "geometry": { "type": "LineString", "coordinates": [ [ 141.9062471, 43.4396548 ], [ 141.913029, 43.4385737 ] ] } },
{ "type": "Feature", "properties": { "u": 2350616153, "v": 2350616425, "key": 0, "osmid": "806280802", "highway": [ "secondary" ], "oneway": false, "reversed": "False", "length": 372.31921420552271, "lanes": null, "name": "砂川奈井江美唄線", "ref": "1130", "bridge": null, "maxspeed": null, "tunnel": null, "priority": 2 }, "geometry": { "type": "LineString", "coordinates": [ [ 141.9062471, 43.4396548 ], [ 141.9071966, 43.4429314 ] ] } },
{ "type": "Feature", "properties": { "u": 2350616153, "v": 2350615347, "key": 0, "osmid": "806280802", "highway": [ "secondary" ], "oneway": false, "reversed": "True", "length": 565.49185715846988, "lanes": null, "name": "砂川奈井江美唄線", "ref": "1130", "bridge": null, "maxspeed": null, "tunnel": null, "priority": 2 }, "geometry": { "type": "LineString", "coordinates": [ [ 141.9062471, 43.4396548 ], [ 141.90477580000001, 43.4346827 ] ] } },
{ "type": "Feature", "properties": { "u": 2350616165, "v": 2350616409, "key": 0, "osmid": "226201663", "highway": [ "residential" ], "oneway": false, "reversed": "False", "length": 503.1883006044867, "lanes": null, "name": null, "ref": null, "bridge": null, "maxspeed": null, "tunnel": null, "priority": 1 }, "geometry": { "type": "LineString", "coordinates": [ [ 141.872394, 43.4397549 ], [ 141.873357, 43.442989 ], [ 141.875004100000012, 43.4427663 ] ] } },
{ "type": "Feature", "properties": { "u": 2350616166, "v": 2350615774, "key": 0, "osmid": "226201424", "highway": [ "residential" ], "oneway": false, "reversed": "True", "length": 616.68289845416678, "lanes": null, "name": null, "ref": null, "bridge": null, "maxspeed": null, "tunnel": null, "priority": 1 }, "geometry": { "type": "LineString", "coordinates": [ [ 141.9230834, 43.4396845 ], [ 141.923645, 43.439287 ], [ 141.9237277, 43.4391449 ], [ 141.923737, 43.4390851 ], [ 141.9233839, 43.4386309 ], [ 141.923282, 43.4383325 ], [ 141.9231571, 43.4373976 ], [ 141.922885, 43.4373077 ], [ 141.9223843, 43.4372177 ], [ 141.9220737, 43.4371803 ], [ 141.9218234, 43.4371786 ], [ 141.919139699999988, 43.4375905 ] ] } },
{ "type": "Feature", "properties": { "u": 2350616170, "v": 2350616285, "key": 0, "osmid": "226201495", "highway": [ "residential" ], "oneway": false, "reversed": "True", "length": 177.03383104154884, "lanes": null, "name": null, "ref": null, "bridge": null, "maxspeed": null, "tunnel": null, "priority": 1 }, "geometry": { "type": "LineString", "coordinates": [ [ 141.916546899999986, 43.4398478 ], [ 141.9167823, 43.4414307 ] ] } },
{ "type": "Feature", "properties": { "u": 2350616170, "v": 2350616229, "key": 0, "osmid": [ 226201474, 226201804, 226201628 ], "highway": [ "residential" ], "oneway": false, "reversed": "True", "length": 115.58628016914463, "lanes": null, "name": null, "ref": null, "bridge": null, "maxspeed": null, "tunnel": "yes", "priority": 1 }, "geometry": { "type": "LineString", "coordinates": [ [ 141.916546899999986, 43.4398478 ], [ 141.9163821, 43.4398701 ], [ 141.9159999, 43.4399206 ], [ 141.9158876, 43.4399402 ], [ 141.9159512, 43.4404901 ] ] } },
{ "type": "Feature", "properties": { "u": 2350616170, "v": 2350615902, "key": 0, "osmid": [ 226201667, 226201716 ], "highway": "['unclassified' 'residential']", "oneway": false, "reversed": [ false, true ], "length": 198.55836721443924, "lanes": null, "name": null, "ref": null, "bridge": null, "maxspeed": null, "tunnel": null, "priority": 1 }, "geometry": { "type": "LineString", "coordinates": [ [ 141.916546899999986, 43.4398478 ], [ 141.916436, 43.438978 ], [ 141.9163217, 43.4382211 ], [ 141.916249099999987, 43.4380799 ] ] } },
{ "type": "Feature", "properties": { "u": 2350616229, "v": 2350616299, "key": 0, "osmid": "226201804", "highway": [ "residential" ], "oneway": false, "reversed": "True", "length": 117.3779942434366, "lanes": null, "name": null, "ref": null, "bridge": null, "maxspeed": null, "tunnel": null, "priority": 1 }, "geometry": { "type": "LineString", "coordinates": [ [ 141.9159512, 43.4404901 ], [ 141.916118399999988, 43.4415387 ] ] } },
{ "type": "Feature", "properties": { "u": 2350616229, "v": 3010041381, "key": 0, "osmid": "297154877", "highway": [ "residential" ], "oneway": false, "reversed": "False", "length": 186.2561769113932, "lanes": null, "name": null, "ref": null, "bridge": null, "maxspeed": null, "tunnel": null, "priority": 1 }, "geometry": { "type": "LineString", "coordinates": [ [ 141.9159512, 43.4404901 ], [ 141.9136878, 43.440814 ] ] } },
{ "type": "Feature", "properties": { "u": 2350616229, "v": 2350616170, "key": 0, "osmid": [ 226201474, 226201804, 226201628 ], "highway": [ "residential" ], "oneway": false, "reversed": "False", "length": 115.58628016914463, "lanes": null, "name": null, "ref": null, "bridge": null, "maxspeed": null, "tunnel": "yes", "priority": 1 }, "geometry": { "type": "LineString", "coordinates": [ [ 141.9159512, 43.4404901 ], [ 141.9158876, 43.4399402 ], [ 141.9159999, 43.4399206 ], [ 141.9163821, 43.4398701 ], [ 141.916546899999986, 43.4398478 ] ] } },
{ "type": "Feature", "properties": { "u": 2350616274, "v": 1938413494, "key": 0, "osmid": "183466045", "highway": [ "tertiary" ], "oneway": false, "reversed": "True", "length": 184.91034586677426, "lanes": null, "name": null, "ref": null, "bridge": null, "maxspeed": null, "tunnel": null, "priority": 2 }, "geometry": { "type": "LineString", "coordinates": [ [ 141.8852288, 43.4412213 ], [ 141.8857308, 43.4428438 ] ] } },
{ "type": "Feature", "properties": { "u": 2350616274, "v": 2350616143, "key": 0, "osmid": "183466045", "highway": [ "tertiary" ], "oneway": false, "reversed": "False", "length": 189.33487886583094, "lanes": null, "name": null, "ref": null, "bridge": null, "maxspeed": null, "tunnel": null, "priority": 2 }, "geometry": { "type": "LineString", "coordinates": [ [ 141.8852288, 43.4412213 ], [ 141.885206399999987, 43.4411421 ], [ 141.8847576, 43.4395533 ] ] } },
{ "type": "Feature", "properties": { "u": 2350616274, "v": 2350616363, "key": 0, "osmid": "226201712", "highway": [ "residential" ], "oneway": false, "reversed": "True", "length": 568.12131881532719, "lanes": null, "name": null, "ref": null, "bridge": null, "maxspeed": null, "tunnel": null, "priority": 1 }, "geometry": { "type": "LineString", "coordinates": [ [ 141.8852288, 43.4412213 ], [ 141.8807469, 43.4419304 ], [ 141.8806549, 43.4419512 ], [ 141.8805882, 43.4418902 ], [ 141.8783905, 43.4422269 ] ] } },
{ "type": "Feature", "properties": { "u": 2350616285, "v": 2350616170, "key": 0, "osmid": "226201495", "highway": [ "residential" ], "oneway": false, "reversed": "False", "length": 177.03383104154884, "lanes": null, "name": null, "ref": null, "bridge": null, "maxspeed": null, "tunnel": null, "priority": 1 }, "geometry": { "type": "LineString", "coordinates": [ [ 141.9167823, 43.4414307 ], [ 141.916546899999986, 43.4398478 ] ] } },
{ "type": "Feature", "properties": { "u": 2350616285, "v": 2350616299, "key": 0, "osmid": [ 226201600, 226201579, 226201560 ], "highway": [ "residential" ], "oneway": false, "reversed": "True", "length": 54.945881498671952, "lanes": null, "name": null, "ref": null, "bridge": null, "maxspeed": null, "tunnel": "yes", "priority": 1 }, "geometry": { "type": "LineString", "coordinates": [ [ 141.9167823, 43.4414307 ], [ 141.9166295, 43.4414522 ], [ 141.916294, 43.4415129 ], [ 141.916118399999988, 43.4415387 ] ] } },
{ "type": "Feature", "properties": { "u": 2350616285, "v": 2350616440, "key": 0, "osmid": "226201800", "highway": [ "residential" ], "oneway": false, "reversed": "True", "length": 190.8895615350707, "lanes": null, "name": null, "ref": null, "bridge": null, "maxspeed": null, "tunnel": null, "priority": 1 }, "geometry": { "type": "LineString", "coordinates": [ [ 141.9167823, 43.4414307 ], [ 141.916850399999987, 43.4418718 ], [ 141.9169081, 43.4419522 ], [ 141.9170854, 43.4422084 ], [ 141.917231, 43.4430976 ] ] } },
{ "type": "Feature", "properties": { "u": 2350616299, "v": 2350616327, "key": 0, "osmid": "226201518", "highway": [ "residential" ], "oneway": false, "reversed": "False", "length": 176.06544869002647, "lanes": null, "name": null, "ref": null, "bridge": null, "maxspeed": null, "tunnel": null, "priority": 1 }, "geometry": { "type": "LineString", "coordinates": [ [ 141.916118399999988, 43.4415387 ], [ 141.913981400000011, 43.4418543 ] ] } },
{ "type": "Feature", "properties": { "u": 2350616299, "v": 2350616229, "key": 0, "osmid": "226201804", "highway": [ "residential" ], "oneway": false, "reversed": "False", "length": 117.3779942434366, "lanes": null, "name": null, "ref": null, "bridge": null, "maxspeed": null, "tunnel": null, "priority": 1 }, "geometry": { "type": "LineString", "coordinates": [ [ 141.916118399999988, 43.4415387 ], [ 141.9159512, 43.4404901 ] ] } },
{ "type": "Feature", "properties": { "u": 2350616299, "v": 2350616285, "key": 0, "osmid": [ 226201560, 226201600, 226201579 ], "highway": [ "residential" ], "oneway": false, "reversed": "False", "length": 54.945881498671952, "lanes": null, "name": null, "ref": null, "bridge": null, "maxspeed": null, "tunnel": "yes", "priority": 1 }, "geometry": { "type": "LineString", "coordinates": [ [ 141.916118399999988, 43.4415387 ], [ 141.916294, 43.4415129 ], [ 141.9166295, 43.4414522 ], [ 141.9167823, 43.4414307 ] ] } },
{ "type": "Feature", "properties": { "u": 2350616321, "v": 2350616676, "key": 0, "osmid": "33995218", "highway": [ "trunk" ], "oneway": true, "reversed": "False", "length": 565.34035196813852, "lanes": "2", "name": "国道12号", "ref": "12", "bridge": null, "maxspeed": null, "tunnel": null, "priority": 4 }, "geometry": { "type": "LineString", "coordinates": [ [ 141.8924833, 43.4417799 ], [ 141.8939224, 43.4467556 ] ] } },
{ "type": "Feature", "properties": { "u": 2350616327, "v": 3010041381, "key": 0, "osmid": "183466226", "highway": [ "tertiary" ], "oneway": false, "reversed": "False", "length": 118.07998618488845, "lanes": null, "name": null, "ref": null, "bridge": null, "maxspeed": null, "tunnel": null, "priority": 2 }, "geometry": { "type": "LineString", "coordinates": [ [ 141.913981400000011, 43.4418543 ], [ 141.9136878, 43.440814 ] ] } },
{ "type": "Feature", "properties": { "u": 2350616327, "v": 2350616487, "key": 0, "osmid": "183466226", "highway": [ "tertiary" ], "oneway": false, "reversed": "True", "length": 191.84593801401687, "lanes": null, "name": null, "ref": null, "bridge": null, "maxspeed": null, "tunnel": null, "priority": 2 }, "geometry": { "type": "LineString", "coordinates": [ [ 141.913981400000011, 43.4418543 ], [ 141.914467, 43.4435432 ] ] } },
{ "type": "Feature", "properties": { "u": 2350616327, "v": 2350616299, "key": 0, "osmid": "226201518", "highway": [ "residential" ], "oneway": false, "reversed": "True", "length": 176.06544869002647, "lanes": null, "name": null, "ref": null, "bridge": null, "maxspeed": null, "tunnel": null, "priority": 1 }, "geometry": { "type": "LineString", "coordinates": [ [ 141.913981400000011, 43.4418543 ], [ 141.916118399999988, 43.4415387 ] ] } },
{ "type": "Feature", "properties": { "u": 2350616327, "v": 2350616425, "key": 0, "osmid": "226201480", "highway": [ "residential" ], "oneway": false, "reversed": "False", "length": 560.71187153091591, "lanes": null, "name": null, "ref": null, "bridge": null, "maxspeed": null, "tunnel": null, "priority": 1 }, "geometry": { "type": "LineString", "coordinates": [ [ 141.913981400000011, 43.4418543 ], [ 141.911357400000014, 43.4422745 ], [ 141.9071966, 43.4429314 ] ] } },
{ "type": "Feature", "properties": { "u": 2350616358, "v": 3010041384, "key": 0, "osmid": "226201494", "highway": [ "tertiary" ], "oneway": false, "reversed": "False", "length": 34.941304283554572, "lanes": null, "name": null, "ref": null, "bridge": null, "maxspeed": null, "tunnel": null, "priority": 2 }, "geometry": { "type": "LineString", "coordinates": [ [ 141.920522799999986, 43.4422948 ], [ 141.9206106, 43.4426025 ] ] } },
{ "type": "Feature", "properties": { "u": 2350616358, "v": 2350615774, "key": 0, "osmid": "226201461", "highway": [ "tertiary" ], "oneway": false, "reversed": "False", "length": 534.88166452966391, "lanes": null, "name": null, "ref": null, "bridge": null, "maxspeed": null, "tunnel": null, "priority": 2 }, "geometry": { "type": "LineString", "coordinates": [ [ 141.920522799999986, 43.4422948 ], [ 141.9202713, 43.4414393 ], [ 141.919139699999988, 43.4375905 ] ] } },
{ "type": "Feature", "properties": { "u": 2350616363, "v": 2350616409, "key": 0, "osmid": "226201549", "highway": [ "residential" ], "oneway": false, "reversed": "True", "length": 279.90222002565241, "lanes": null, "name": null, "ref": null, "bridge": null, "maxspeed": null, "tunnel": null, "priority": 1 }, "geometry": { "type": "LineString", "coordinates": [ [ 141.8783905, 43.4422269 ], [ 141.875004100000012, 43.4427663 ] ] } },
{ "type": "Feature", "properties": { "u": 2350616363, "v": 2350616274, "key": 0, "osmid": "226201712", "highway": [ "residential" ], "oneway": false, "reversed": "False", "length": 568.12131881532719, "lanes": null, "name": null, "ref": null, "bridge": null, "maxspeed": null, "tunnel": null, "priority": 1 }, "geometry": { "type": "LineString", "coordinates": [ [ 141.8783905, 43.4422269 ], [ 141.8805882, 43.4418902 ], [ 141.8806549, 43.4419512 ], [ 141.8807469, 43.4419304 ], [ 141.8852288, 43.4412213 ] ] } },
{ "type": "Feature", "properties": { "u": 2350616365, "v": 2350616691, "key": 0, "osmid": "226201689", "highway": [ "residential" ], "oneway": false, "reversed": "True", "length": 563.50186122532386, "lanes": null, "name": null, "ref": null, "bridge": null, "maxspeed": null, "tunnel": null, "priority": 1 }, "geometry": { "type": "LineString", "coordinates": [ [ 141.889321200000012, 43.4423023 ], [ 141.8899283, 43.4447094 ], [ 141.8906871, 43.4472714 ] ] } },
{ "type": "Feature", "properties": { "u": 2350616409, "v": 2350616363, "key": 0, "osmid": "226201549", "highway": [ "residential" ], "oneway": false, "reversed": "False", "length": 279.90222002565241, "lanes": null, "name": null, "ref": null, "bridge": null, "maxspeed": null, "tunnel": null, "priority": 1 }, "geometry": { "type": "LineString", "coordinates": [ [ 141.875004100000012, 43.4427663 ], [ 141.8783905, 43.4422269 ] ] } },
{ "type": "Feature", "properties": { "u": 2350616409, "v": 2350616571, "key": 0, "osmid": "226201534", "highway": [ "residential" ], "oneway": false, "reversed": "True", "length": 190.71832099717975, "lanes": null, "name": null, "ref": null, "bridge": null, "maxspeed": null, "tunnel": null, "priority": 1 }, "geometry": { "type": "LineString", "coordinates": [ [ 141.875004100000012, 43.4427663 ], [ 141.8753974, 43.444159 ], [ 141.8753677, 43.4443329 ], [ 141.8754001, 43.4444488 ] ] } },
{ "type": "Feature", "properties": { "u": 2350616409, "v": 2350616165, "key": 0, "osmid": "226201663", "highway": [ "residential" ], "oneway": false, "reversed": "True", "length": 503.1883006044867, "lanes": null, "name": null, "ref": null, "bridge": null, "maxspeed": null, "tunnel": null, "priority": 1 }, "geometry": { "type": "LineString", "coordinates": [ [ 141.875004100000012, 43.4427663 ], [ 141.873357, 43.442989 ], [ 141.872394, 43.4397549 ] ] } },
{ "type": "Feature", "properties": { "u": 2350616425, "v": 2350616586, "key": 0, "osmid": "806280802", "highway": [ "secondary" ], "oneway": false, "reversed": "False", "length": 192.0340786319309, "lanes": null, "name": "砂川奈井江美唄線", "ref": "1130", "bridge": null, "maxspeed": null, "tunnel": null, "priority": 2 }, "geometry": { "type": "LineString", "coordinates": [ [ 141.9071966, 43.4429314 ], [ 141.9076967, 43.4446198 ] ] } },
{ "type": "Feature", "properties": { "u": 2350616425, "v": 2350616153, "key": 0, "osmid": "806280802", "highway": [ "secondary" ], "oneway": false, "reversed": "True", "length": 372.31921420552271, "lanes": null, "name": "砂川奈井江美唄線", "ref": "1130", "bridge": null, "maxspeed": null, "tunnel": null, "priority": 2 }, "geometry": { "type": "LineString", "coordinates": [ [ 141.9071966, 43.4429314 ], [ 141.9062471, 43.4396548 ] ] } },
{ "type": "Feature", "properties": { "u": 2350616425, "v": 2350616327, "key": 0, "osmid": "226201480", "highway": [ "residential" ], "oneway": false, "reversed": "True", "length": 560.71187153091591, "lanes": null, "name": null, "ref": null, "bridge": null, "maxspeed": null, "tunnel": null, "priority": 1 }, "geometry": { "type": "LineString", "coordinates": [ [ 141.9071966, 43.4429314 ], [ 141.911357400000014, 43.4422745 ], [ 141.913981400000011, 43.4418543 ] ] } },
{ "type": "Feature", "properties": { "u": 2350616440, "v": 2350616285, "key": 0, "osmid": "226201800", "highway": [ "residential" ], "oneway": false, "reversed": "False", "length": 190.8895615350707, "lanes": null, "name": null, "ref": null, "bridge": null, "maxspeed": null, "tunnel": null, "priority": 1 }, "geometry": { "type": "LineString", "coordinates": [ [ 141.917231, 43.4430976 ], [ 141.9170854, 43.4422084 ], [ 141.9169081, 43.4419522 ], [ 141.916850399999987, 43.4418718 ], [ 141.9167823, 43.4414307 ] ] } },
{ "type": "Feature", "properties": { "u": 2350616487, "v": 2350616327, "key": 0, "osmid": "183466226", "highway": [ "tertiary" ], "oneway": false, "reversed": "False", "length": 191.84593801401687, "lanes": null, "name": null, "ref": null, "bridge": null, "maxspeed": null, "tunnel": null, "priority": 2 }, "geometry": { "type": "LineString", "coordinates": [ [ 141.914467, 43.4435432 ], [ 141.913981400000011, 43.4418543 ] ] } },
{ "type": "Feature", "properties": { "u": 2350616487, "v": 2350616631, "key": 0, "osmid": "183466226", "highway": [ "tertiary" ], "oneway": false, "reversed": "True", "length": 191.47777116584774, "lanes": null, "name": null, "ref": null, "bridge": null, "maxspeed": null, "tunnel": null, "priority": 2 }, "geometry": { "type": "LineString", "coordinates": [ [ 141.914467, 43.4435432 ], [ 141.9149827, 43.445224 ] ] } },
{ "type": "Feature", "properties": { "u": 2350616518, "v": 3010041384, "key": 0, "osmid": "226201494", "highway": [ "tertiary" ], "oneway": false, "reversed": "True", "length": 124.64176641044583, "lanes": null, "name": null, "ref": null, "bridge": null, "maxspeed": null, "tunnel": null, "priority": 2 }, "geometry": { "type": "LineString", "coordinates": [ [ 141.921017299999988, 43.4436776 ], [ 141.9209745, 43.4436318 ], [ 141.920947500000011, 43.4435899 ], [ 141.9209124, 43.4435413 ], [ 141.9208863, 43.443489 ], [ 141.9206106, 43.4426025 ] ] } },
{ "type": "Feature", "properties": { "u": 2350616518, "v": 2350616523, "key": 0, "osmid": "226201757", "highway": [ "tertiary" ], "oneway": false, "reversed": "False", "length": 44.527926667878582, "lanes": null, "name": null, "ref": null, "bridge": null, "maxspeed": null, "tunnel": null, "priority": 2 }, "geometry": { "type": "LineString", "coordinates": [ [ 141.921017299999988, 43.4436776 ], [ 141.9211166, 43.443731 ], [ 141.921183, 43.4437595 ], [ 141.9212657, 43.4437934 ], [ 141.9215136, 43.4438394 ] ] } },
{ "type": "Feature", "properties": { "u": 2350616523, "v": 2350616535, "key": 0, "osmid": "226201757", "highway": [ "tertiary" ], "oneway": false, "reversed": "False", "length": 189.13984185577789, "lanes": null, "name": null, "ref": null, "bridge": null, "maxspeed": null, "tunnel": null, "priority": 2 }, "geometry": { "type": "LineString", "coordinates": [ [ 141.9215136, 43.4438394 ], [ 141.9238377, 43.4440538 ] ] } },
{ "type": "Feature", "properties": { "u": 2350616523, "v": 2350616518, "key": 0, "osmid": "226201757", "highway": [ "tertiary" ], "oneway": false, "reversed": "True", "length": 44.527926667878589, "lanes": null, "name": null, "ref": null, "bridge": null, "maxspeed": null, "tunnel": null, "priority": 2 }, "geometry": { "type": "LineString", "coordinates": [ [ 141.9215136, 43.4438394 ], [ 141.9212657, 43.4437934 ], [ 141.921183, 43.4437595 ], [ 141.9211166, 43.443731 ], [ 141.921017299999988, 43.4436776 ] ] } },
{ "type": "Feature", "properties": { "u": 2350616531, "v": 2350616713, "key": 0, "osmid": [ 226201378, 226201386, 857252472, 226201388, 226201367, 226201368, 857252473, 857252474, 226201371, 226201372, 160697311 ], "highway": [ "primary" ], "oneway": false, "reversed": [ false, true ], "length": 3258.9892385994872, "lanes": "2", "name": "赤平奈井江線", "ref": "114", "bridge": "yes", "maxspeed": null, "tunnel": null, "priority": 3 }, "geometry": { "type": "LineString", "coordinates": [ [ 141.9400239, 43.4439103 ], [ 141.942426899999987, 43.4435809 ], [ 141.942742399999986, 43.4435489 ], [ 141.9433362, 43.4434683 ], [ 141.9435064, 43.4434452 ], [ 141.9437283, 43.4434255 ], [ 141.9439724, 43.4434189 ], [ 141.944236100000012, 43.4434258 ], [ 141.946039899999988, 43.4435198 ], [ 141.9464738, 43.4435902 ], [ 141.946777700000013, 43.4436829 ], [ 141.947093599999988, 43.443821 ], [ 141.947964500000012, 43.4442757 ], [ 141.9482753, 43.444438 ], [ 141.948626, 43.4446206 ], [ 141.9507879, 43.4456893 ], [ 141.9510066, 43.4457914 ], [ 141.951568900000012, 43.4459988 ], [ 141.9533269, 43.4467089 ], [ 141.9550319, 43.447413 ], [ 141.9562454, 43.4480036 ], [ 141.956516, 43.4480863 ], [ 141.9567279, 43.4481287 ], [ 141.956921599999987, 43.448158 ], [ 141.957573599999989, 43.4481623 ], [ 141.9579532, 43.4481626 ], [ 141.9582359, 43.4481389 ], [ 141.958476, 43.4481342 ], [ 141.9587381, 43.4481927 ], [ 141.958945, 43.4482853 ], [ 141.9591955, 43.448458 ], [ 141.9596089, 43.448766 ], [ 141.9598042, 43.4489098 ], [ 141.9600587, 43.4490282 ], [ 141.960420199999987, 43.4491891 ], [ 141.96094020000001, 43.4494624 ], [ 141.961460499999987, 43.4497396 ], [ 141.9618203, 43.4499068 ], [ 141.962053, 43.449956 ], [ 141.9625479, 43.4500361 ], [ 141.9647081, 43.4503797 ], [ 141.9651557, 43.4504341 ], [ 141.9653314, 43.4504641 ], [ 141.965500100000014, 43.4504999 ], [ 141.9656391, 43.4505324 ], [ 141.9658411, 43.4505852 ], [ 141.9666626, 43.4508008 ], [ 141.96681670000001, 43.4508386 ], [ 141.9669939, 43.4508725 ], [ 141.9671569, 43.4508923 ], [ 141.967357, 43.4509066 ], [ 141.9675307, 43.4509108 ], [ 141.9691834, 43.4509178 ], [ 141.9693892, 43.4509171 ], [ 141.9695556, 43.4509102 ], [ 141.969753, 43.4508886 ], [ 141.9736327, 43.4500923 ], [ 141.97384, 43.4500311 ], [ 141.9739835, 43.4499772 ], [ 141.974103899999989, 43.4499205 ], [ 141.9741958, 43.449862 ], [ 141.9760341, 43.4484551 ], [ 141.976163500000013, 43.4483712 ], [ 141.9762954, 43.4483115 ], [ 141.9763685, 43.4482929 ] ] } },
{ "type": "Feature", "properties": { "u": 2350616531, "v": 2350616649, "key": 0, "osmid": [ 226201376, 226201380, 226201381, 226201382, 226201383, 226201387, 857252474, 857252475, 857252476, 857252477, 226201374 ], "highway": [ "primary" ], "oneway": false, "reversed": [ false, true ], "length": 808.41879476639588, "lanes": "2", "name": "赤平奈井江線", "ref": "114", "bridge": "yes", "maxspeed": null, "tunnel": null, "priority": 3 }, "geometry": { "type": "LineString", "coordinates": [ [ 141.9400239, 43.4439103 ], [ 141.939929400000011, 43.4439273 ], [ 141.939503, 43.4439863 ], [ 141.9387941, 43.4441132 ], [ 141.938456800000012, 43.4441572 ], [ 141.936476199999987, 43.4444059 ], [ 141.9361041, 43.4444552 ], [ 141.935337, 43.4445664 ], [ 141.9342934, 43.4447177 ], [ 141.9339917, 43.444769 ], [ 141.933704299999988, 43.4448413 ], [ 141.9334485, 43.4449207 ], [ 141.9330302, 43.4450589 ], [ 141.9317366, 43.4454444 ], [ 141.931565299999988, 43.4454923 ], [ 141.9310222, 43.4456695 ], [ 141.930431700000014, 43.4458589 ] ] } },
{ "type": "Feature", "properties": { "u": 2350616535, "v": 2350616550, "key": 0, "osmid": "226201637", "highway": [ "tertiary" ], "oneway": false, "reversed": "True", "length": 107.10149435835886, "lanes": null, "name": null, "ref": null, "bridge": null, "maxspeed": null, "tunnel": null, "priority": 2 }, "geometry": { "type": "LineString", "coordinates": [ [ 141.9238377, 43.4440538 ], [ 141.925139699999988, 43.4442385 ] ] } },
{ "type": "Feature", "properties": { "u": 2350616535, "v": 2350616523, "key": 0, "osmid": "226201757", "highway": [ "tertiary" ], "oneway": false, "reversed": "True", "length": 189.13984185577789, "lanes": null, "name": null, "ref": null, "bridge": null, "maxspeed": null, "tunnel": null, "priority": 2 }, "geometry": { "type": "LineString", "coordinates": [ [ 141.9238377, 43.4440538 ], [ 141.9215136, 43.4438394 ] ] } },
{ "type": "Feature", "properties": { "u": 2350616550, "v": 2350616535, "key": 0, "osmid": "226201637", "highway": [ "tertiary" ], "oneway": false, "reversed": "False", "length": 107.10149435835886, "lanes": null, "name": null, "ref": null, "bridge": null, "maxspeed": null, "tunnel": null, "priority": 2 }, "geometry": { "type": "LineString", "coordinates": [ [ 141.925139699999988, 43.4442385 ], [ 141.9238377, 43.4440538 ] ] } },
{ "type": "Feature", "properties": { "u": 2350616550, "v": 2350616649, "key": 0, "osmid": "226201397", "highway": [ "tertiary" ], "oneway": false, "reversed": "True", "length": 486.38791468404941, "lanes": null, "name": null, "ref": null, "bridge": null, "maxspeed": null, "tunnel": null, "priority": 2 }, "geometry": { "type": "LineString", "coordinates": [ [ 141.925139699999988, 43.4442385 ], [ 141.9280839, 43.4446417 ], [ 141.928512399999988, 43.4446992 ], [ 141.928852799999987, 43.4447745 ], [ 141.929134800000014, 43.4448629 ], [ 141.9293764, 43.444966 ], [ 141.929624600000011, 43.4451152 ], [ 141.9298516, 43.4452823 ], [ 141.9301214, 43.4454328 ], [ 141.930431700000014, 43.4458589 ] ] } },
{ "type": "Feature", "properties": { "u": 2350616571, "v": 2350616409, "key": 0, "osmid": "226201534", "highway": [ "residential" ], "oneway": false, "reversed": "False", "length": 190.71832099717975, "lanes": null, "name": null, "ref": null, "bridge": null, "maxspeed": null, "tunnel": null, "priority": 1 }, "geometry": { "type": "LineString", "coordinates": [ [ 141.8754001, 43.4444488 ], [ 141.8753677, 43.4443329 ], [ 141.8753974, 43.444159 ], [ 141.875004100000012, 43.4427663 ] ] } },
{ "type": "Feature", "properties": { "u": 2350616571, "v": 2350616686, "key": 0, "osmid": "226201877", "highway": [ "residential" ], "oneway": false, "reversed": "True", "length": 657.41884714721232, "lanes": null, "name": null, "ref": null, "bridge": null, "maxspeed": null, "tunnel": null, "priority": 1 }, "geometry": { "type": "LineString", "coordinates": [ [ 141.8754001, 43.4444488 ], [ 141.87554, 43.44498 ], [ 141.8757128, 43.4456559 ], [ 141.875851, 43.445921 ], [ 141.876396199999988, 43.4477075 ], [ 141.876443099999989, 43.447723 ], [ 141.8798538, 43.4471879 ] ] } },
{ "type": "Feature", "properties": { "u": 2350616586, "v": 2350616664, "key": 0, "osmid": "806280802", "highway": [ "secondary" ], "oneway": false, "reversed": "False", "length": 167.45141435052838, "lanes": null, "name": "砂川奈井江美唄線", "ref": "1130", "bridge": null, "maxspeed": null, "tunnel": null, "priority": 2 }, "geometry": { "type": "LineString", "coordinates": [ [ 141.9076967, 43.4446198 ], [ 141.9081095, 43.4460956 ] ] } },
{ "type": "Feature", "properties": { "u": 2350616586, "v": 2350616425, "key": 0, "osmid": "806280802", "highway": [ "secondary" ], "oneway": false, "reversed": "True", "length": 192.0340786319309, "lanes": null, "name": "砂川奈井江美唄線", "ref": "1130", "bridge": null, "maxspeed": null, "tunnel": null, "priority": 2 }, "geometry": { "type": "LineString", "coordinates": [ [ 141.9076967, 43.4446198 ], [ 141.9071966, 43.4429314 ] ] } },
{ "type": "Feature", "properties": { "u": 2350616631, "v": 2350616487, "key": 0, "osmid": "183466226", "highway": [ "tertiary" ], "oneway": false, "reversed": "False", "length": 191.47777116584774, "lanes": null, "name": null, "ref": null, "bridge": null, "maxspeed": null, "tunnel": null, "priority": 2 }, "geometry": { "type": "LineString", "coordinates": [ [ 141.9149827, 43.445224 ], [ 141.914467, 43.4435432 ] ] } },
{ "type": "Feature", "properties": { "u": 2350616631, "v": 1938413596, "key": 0, "osmid": [ 183465944, 183466226, 183465896 ], "highway": "['tertiary' 'unclassified']", "oneway": false, "reversed": "True", "length": 574.35394260569524, "lanes": null, "name": null, "ref": null, "bridge": "yes", "maxspeed": null, "tunnel": null, "priority": 2 }, "geometry": { "type": "LineString", "coordinates": [ [ 141.9149827, 43.445224 ], [ 141.9153661, 43.4465394 ], [ 141.9153676, 43.4468902 ], [ 141.9153088, 43.4471565 ], [ 141.915248600000012, 43.4473639 ], [ 141.9151387, 43.447666 ], [ 141.9150574, 43.4478082 ], [ 141.9149682, 43.447889 ], [ 141.9148472, 43.4479827 ], [ 141.9146925, 43.4480361 ], [ 141.9144906, 43.4480735 ], [ 141.913339400000012, 43.4481503 ], [ 141.913074200000011, 43.4482095 ], [ 141.9128665, 43.4483141 ], [ 141.9127413, 43.4484209 ], [ 141.9126541, 43.4485318 ], [ 141.9125965, 43.4486579 ], [ 141.9125879, 43.4488372 ], [ 141.9126488, 43.4490423 ] ] } },
{ "type": "Feature", "properties": { "u": 2350616631, "v": 2350616664, "key": 0, "osmid": "226201797", "highway": [ "residential" ], "oneway": false, "reversed": "False", "length": 574.14049072871114, "lanes": null, "name": null, "ref": null, "bridge": null, "maxspeed": null, "tunnel": null, "priority": 1 }, "geometry": { "type": "LineString", "coordinates": [ [ 141.9149827, 43.445224 ], [ 141.908406, 43.4462679 ], [ 141.9081095, 43.4460956 ] ] } },
{ "type": "Feature", "properties": { "u": 2350616635, "v": 2350616778, "key": 0, "osmid": "226201764", "highway": [ "residential" ], "oneway": false, "reversed": "False", "length": 565.82938127975285, "lanes": null, "name": null, "ref": null, "bridge": null, "maxspeed": null, "tunnel": null, "priority": 1 }, "geometry": { "type": "LineString", "coordinates": [ [ 141.902632, 43.4453963 ], [ 141.9028655, 43.4462666 ], [ 141.903153300000014, 43.447356 ], [ 141.9040784, 43.4503749 ] ] } },
{ "type": "Feature", "properties": { "u": 2350616644, "v": 2350616785, "key": 0, "osmid": "226201442", "highway": [ "tertiary" ], "oneway": false, "reversed": "False", "length": 567.66466522842529, "lanes": null, "name": null, "ref": null, "bridge": null, "maxspeed": null, "tunnel": null, "priority": 2 }, "geometry": { "type": "LineString", "coordinates": [ [ 141.900886899999989, 43.4456704 ], [ 141.9023291, 43.450667 ] ] } },
{ "type": "Feature", "properties": { "u": 2350616649, "v": 2350616550, "key": 0, "osmid": "226201397", "highway": [ "tertiary" ], "oneway": false, "reversed": "False", "length": 486.38791468404941, "lanes": null, "name": null, "ref": null, "bridge": null, "maxspeed": null, "tunnel": null, "priority": 2 }, "geometry": { "type": "LineString", "coordinates": [ [ 141.930431700000014, 43.4458589 ], [ 141.9301214, 43.4454328 ], [ 141.9298516, 43.4452823 ], [ 141.929624600000011, 43.4451152 ], [ 141.9293764, 43.444966 ], [ 141.929134800000014, 43.4448629 ], [ 141.928852799999987, 43.4447745 ], [ 141.928512399999988, 43.4446992 ], [ 141.9280839, 43.4446417 ], [ 141.925139699999988, 43.4442385 ] ] } },
{ "type": "Feature", "properties": { "u": 2350616649, "v": 2350616531, "key": 0, "osmid": [ 226201376, 226201380, 226201381, 226201382, 226201383, 226201387, 857252474, 857252475, 857252476, 857252477, 226201374 ], "highway": [ "primary" ], "oneway": false, "reversed": [ false, true ], "length": 808.41879476639554, "lanes": "2", "name": "赤平奈井江線", "ref": "114", "bridge": "yes", "maxspeed": null, "tunnel": null, "priority": 3 }, "geometry": { "type": "LineString", "coordinates": [ [ 141.930431700000014, 43.4458589 ], [ 141.9310222, 43.4456695 ], [ 141.931565299999988, 43.4454923 ], [ 141.9317366, 43.4454444 ], [ 141.9330302, 43.4450589 ], [ 141.9334485, 43.4449207 ], [ 141.933704299999988, 43.4448413 ], [ 141.9339917, 43.444769 ], [ 141.9342934, 43.4447177 ], [ 141.935337, 43.4445664 ], [ 141.9361041, 43.4444552 ], [ 141.936476199999987, 43.4444059 ], [ 141.938456800000012, 43.4441572 ], [ 141.9387941, 43.4441132 ], [ 141.939503, 43.4439863 ], [ 141.939929400000011, 43.4439273 ], [ 141.9400239, 43.4439103 ] ] } },
{ "type": "Feature", "properties": { "u": 2350616649, "v": 1938413555, "key": 0, "osmid": [ 226201370, 857252477, 183465910 ], "highway": [ "primary" ], "oneway": false, "reversed": [ false, true ], "length": 486.28700800673357, "lanes": "2", "name": "赤平奈井江線", "ref": "114", "bridge": "yes", "maxspeed": null, "tunnel": null, "priority": 3 }, "geometry": { "type": "LineString", "coordinates": [ [ 141.930431700000014, 43.4458589 ], [ 141.9300709, 43.4459619 ], [ 141.929594, 43.4460941 ], [ 141.9288666, 43.4463108 ], [ 141.927879, 43.44659 ], [ 141.9278023, 43.4466139 ], [ 141.927709599999986, 43.4466378 ], [ 141.9273182, 43.4467257 ], [ 141.925092400000011, 43.4471385 ], [ 141.924715, 43.4472116 ] ] } },
{ "type": "Feature", "properties": { "u": 2350616664, "v": 2350616586, "key": 0, "osmid": "806280802", "highway": [ "secondary" ], "oneway": false, "reversed": "True", "length": 167.45141435052838, "lanes": null, "name": "砂川奈井江美唄線", "ref": "1130", "bridge": null, "maxspeed": null, "tunnel": null, "priority": 2 }, "geometry": { "type": "LineString", "coordinates": [ [ 141.9081095, 43.4460956 ], [ 141.9076967, 43.4446198 ] ] } },
{ "type": "Feature", "properties": { "u": 2350616664, "v": 2350616631, "key": 0, "osmid": "226201797", "highway": [ "residential" ], "oneway": false, "reversed": "True", "length": 574.14049072871114, "lanes": null, "name": null, "ref": null, "bridge": null, "maxspeed": null, "tunnel": null, "priority": 1 }, "geometry": { "type": "LineString", "coordinates": [ [ 141.9081095, 43.4460956 ], [ 141.908406, 43.4462679 ], [ 141.9149827, 43.445224 ] ] } },
{ "type": "Feature", "properties": { "u": 2350616664, "v": 862583771, "key": 0, "osmid": [ 436199696, 806280802, 436199695 ], "highway": [ "secondary" ], "oneway": false, "reversed": "False", "length": 398.24001882144455, "lanes": null, "name": "砂川奈井江美唄線", "ref": "1130", "bridge": "yes", "maxspeed": null, "tunnel": null, "priority": 2 }, "geometry": { "type": "LineString", "coordinates": [ [ 141.9081095, 43.4460956 ], [ 141.9081549, 43.4462438 ], [ 141.908234, 43.4465157 ], [ 141.90916, 43.4495949 ] ] } },
{ "type": "Feature", "properties": { "u": 2350616676, "v": 389414190, "key": 0, "osmid": "33995218", "highway": [ "trunk" ], "oneway": true, "reversed": "False", "length": 565.24099033358902, "lanes": "2", "name": "国道12号", "ref": "12", "bridge": null, "maxspeed": null, "tunnel": null, "priority": 4 }, "geometry": { "type": "LineString", "coordinates": [ [ 141.8939224, 43.4467556 ], [ 141.895425, 43.4517205 ] ] } },
{ "type": "Feature", "properties": { "u": 2350616686, "v": 2350616571, "key": 0, "osmid": "226201877", "highway": [ "residential" ], "oneway": false, "reversed": "False", "length": 657.41884714721232, "lanes": null, "name": null, "ref": null, "bridge": null, "maxspeed": null, "tunnel": null, "priority": 1 }, "geometry": { "type": "LineString", "coordinates": [ [ 141.8798538, 43.4471879 ], [ 141.876443099999989, 43.447723 ], [ 141.876396199999988, 43.4477075 ], [ 141.875851, 43.445921 ], [ 141.8757128, 43.4456559 ], [ 141.87554, 43.44498 ], [ 141.8754001, 43.4444488 ] ] } },
{ "type": "Feature", "properties": { "u": 2350616691, "v": 2350616365, "key": 0, "osmid": "226201689", "highway": [ "residential" ], "oneway": false, "reversed": "False", "length": 563.50186122532386, "lanes": null, "name": null, "ref": null, "bridge": null, "maxspeed": null, "tunnel": null, "priority": 1 }, "geometry": { "type": "LineString", "coordinates": [ [ 141.8906871, 43.4472714 ], [ 141.8899283, 43.4447094 ], [ 141.889321200000012, 43.4423023 ] ] } },
{ "type": "Feature", "properties": { "u": 2350616713, "v": 2350616531, "key": 0, "osmid": [ 226201378, 226201386, 226201388, 226201368, 226201367, 857252472, 857252473, 857252474, 226201371, 226201372, 160697311 ], "highway": [ "primary" ], "oneway": false, "reversed": [ false, true ], "length": 3258.9892385994876, "lanes": "2", "name": "赤平奈井江線", "ref": "114", "bridge": "yes", "maxspeed": null, "tunnel": null, "priority": 3 }, "geometry": { "type": "LineString", "coordinates": [ [ 141.9763685, 43.4482929 ], [ 141.9762954, 43.4483115 ], [ 141.976163500000013, 43.4483712 ], [ 141.9760341, 43.4484551 ], [ 141.9741958, 43.449862 ], [ 141.974103899999989, 43.4499205 ], [ 141.9739835, 43.4499772 ], [ 141.97384, 43.4500311 ], [ 141.9736327, 43.4500923 ], [ 141.969753, 43.4508886 ], [ 141.9695556, 43.4509102 ], [ 141.9693892, 43.4509171 ], [ 141.9691834, 43.4509178 ], [ 141.9675307, 43.4509108 ], [ 141.967357, 43.4509066 ], [ 141.9671569, 43.4508923 ], [ 141.9669939, 43.4508725 ], [ 141.96681670000001, 43.4508386 ], [ 141.9666626, 43.4508008 ], [ 141.9658411, 43.4505852 ], [ 141.9656391, 43.4505324 ], [ 141.965500100000014, 43.4504999 ], [ 141.9653314, 43.4504641 ], [ 141.9651557, 43.4504341 ], [ 141.9647081, 43.4503797 ], [ 141.9625479, 43.4500361 ], [ 141.962053, 43.449956 ], [ 141.9618203, 43.4499068 ], [ 141.961460499999987, 43.4497396 ], [ 141.96094020000001, 43.4494624 ], [ 141.960420199999987, 43.4491891 ], [ 141.9600587, 43.4490282 ], [ 141.9598042, 43.4489098 ], [ 141.9596089, 43.448766 ], [ 141.9591955, 43.448458 ], [ 141.958945, 43.4482853 ], [ 141.9587381, 43.4481927 ], [ 141.958476, 43.4481342 ], [ 141.9582359, 43.4481389 ], [ 141.9579532, 43.4481626 ], [ 141.957573599999989, 43.4481623 ], [ 141.956921599999987, 43.448158 ], [ 141.9567279, 43.4481287 ], [ 141.956516, 43.4480863 ], [ 141.9562454, 43.4480036 ], [ 141.9550319, 43.447413 ], [ 141.9533269, 43.4467089 ], [ 141.951568900000012, 43.4459988 ], [ 141.9510066, 43.4457914 ], [ 141.9507879, 43.4456893 ], [ 141.948626, 43.4446206 ], [ 141.9482753, 43.444438 ], [ 141.947964500000012, 43.4442757 ], [ 141.947093599999988, 43.443821 ], [ 141.946777700000013, 43.4436829 ], [ 141.9464738, 43.4435902 ], [ 141.946039899999988, 43.4435198 ], [ 141.944236100000012, 43.4434258 ], [ 141.9439724, 43.4434189 ], [ 141.9437283, 43.4434255 ], [ 141.9435064, 43.4434452 ], [ 141.9433362, 43.4434683 ], [ 141.942742399999986, 43.4435489 ], [ 141.942426899999987, 43.4435809 ], [ 141.9400239, 43.4439103 ] ] } },
{ "type": "Feature", "properties": { "u": 2350616733, "v": 4329566704, "key": 0, "osmid": "435239702", "highway": [ "primary" ], "oneway": false, "reversed": "False", "length": 35.036665780451351, "lanes": "2", "name": "赤平奈井江線", "ref": "114", "bridge": null, "maxspeed": null, "tunnel": null, "priority": 3 }, "geometry": { "type": "LineString", "coordinates": [ [ 141.914597500000013, 43.4487494 ], [ 141.9150218, 43.4486831 ] ] } },
{ "type": "Feature", "properties": { "u": 2350616733, "v": 2350616841, "key": 0, "osmid": "226201427", "highway": [ "tertiary" ], "oneway": false, "reversed": "False", "length": 589.73692675788084, "lanes": null, "name": null, "ref": null, "bridge": null, "maxspeed": null, "tunnel": null, "priority": 2 }, "geometry": { "type": "LineString", "coordinates": [ [ 141.914597500000013, 43.4487494 ], [ 141.9149472, 43.4492639 ], [ 141.915123, 43.4495674 ], [ 141.9154643, 43.4504015 ], [ 141.915534900000011, 43.4505106 ], [ 141.9156312, 43.4506377 ], [ 141.9158081, 43.4507784 ], [ 141.9161928, 43.4509728 ], [ 141.916391, 43.4510719 ], [ 141.916585, 43.4511754 ], [ 141.916725500000013, 43.451298 ], [ 141.9168216, 43.4514531 ], [ 141.9168984, 43.4516801 ], [ 141.917414, 43.4534626 ] ] } },
{ "type": "Feature", "properties": { "u": 2350616733, "v": 1938413596, "key": 0, "osmid": [ 429849734, 33995222, 435239702 ], "highway": [ "primary" ], "oneway": false, "reversed": "True", "length": 160.65823648416077, "lanes": "2", "name": "赤平奈井江線", "ref": "114", "bridge": "yes", "maxspeed": null, "tunnel": null, "priority": 3 }, "geometry": { "type": "LineString", "coordinates": [ [ 141.914597500000013, 43.4487494 ], [ 141.913637099999988, 43.4488911 ], [ 141.913552399999986, 43.4489036 ], [ 141.9129512, 43.4489907 ], [ 141.9126488, 43.4490423 ] ] } },
{ "type": "Feature", "properties": { "u": 2350616778, "v": 862583771, "key": 0, "osmid": "33995222", "highway": [ "primary" ], "oneway": false, "reversed": "False", "length": 419.2801607275635, "lanes": "2", "name": "赤平奈井江線", "ref": "114", "bridge": null, "maxspeed": null, "tunnel": null, "priority": 3 }, "geometry": { "type": "LineString", "coordinates": [ [ 141.9040784, 43.4503749 ], [ 141.90916, 43.4495949 ] ] } },
{ "type": "Feature", "properties": { "u": 2350616778, "v": 2350616785, "key": 0, "osmid": "33995222", "highway": [ "primary" ], "oneway": false, "reversed": "True", "length": 144.89798131519098, "lanes": "2", "name": "赤平奈井江線", "ref": "114", "bridge": null, "maxspeed": null, "tunnel": null, "priority": 3 }, "geometry": { "type": "LineString", "coordinates": [ [ 141.9040784, 43.4503749 ], [ 141.9023291, 43.450667 ] ] } },
{ "type": "Feature", "properties": { "u": 2350616778, "v": 2350616635, "key": 0, "osmid": "226201764", "highway": [ "residential" ], "oneway": false, "reversed": "True", "length": 565.82938127975274, "lanes": null, "name": null, "ref": null, "bridge": null, "maxspeed": null, "tunnel": null, "priority": 1 }, "geometry": { "type": "LineString", "coordinates": [ [ 141.9040784, 43.4503749 ], [ 141.903153300000014, 43.447356 ], [ 141.9028655, 43.4462666 ], [ 141.902632, 43.4453963 ] ] } },
{ "type": "Feature", "properties": { "u": 2350616785, "v": 2350616778, "key": 0, "osmid": "33995222", "highway": [ "primary" ], "oneway": false, "reversed": "False", "length": 144.89798131519098, "lanes": "2", "name": "赤平奈井江線", "ref": "114", "bridge": null, "maxspeed": null, "tunnel": null, "priority": 3 }, "geometry": { "type": "LineString", "coordinates": [ [ 141.9023291, 43.450667 ], [ 141.9040784, 43.4503749 ] ] } },
{ "type": "Feature", "properties": { "u": 2350616785, "v": 2350616644, "key": 0, "osmid": "226201442", "highway": [ "tertiary" ], "oneway": false, "reversed": "True", "length": 567.66466522842529, "lanes": null, "name": null, "ref": null, "bridge": null, "maxspeed": null, "tunnel": null, "priority": 2 }, "geometry": { "type": "LineString", "coordinates": [ [ 141.9023291, 43.450667 ], [ 141.900886899999989, 43.4456704 ] ] } },
{ "type": "Feature", "properties": { "u": 2350616785, "v": 2350616862, "key": 0, "osmid": "226201489", "highway": [ "tertiary" ], "oneway": false, "reversed": "False", "length": 561.44948217055025, "lanes": null, "name": null, "ref": null, "bridge": null, "maxspeed": null, "tunnel": null, "priority": 2 }, "geometry": { "type": "LineString", "coordinates": [ [ 141.9023291, 43.450667 ], [ 141.903805299999988, 43.4556012 ] ] } },
{ "type": "Feature", "properties": { "u": 2350616785, "v": 389414188, "key": 0, "osmid": [ 33995220, 33995221, 33995222 ], "highway": [ "primary" ], "oneway": false, "reversed": "True", "length": 558.17560398819035, "lanes": "2", "name": "赤平奈井江線", "ref": "114", "bridge": "yes", "maxspeed": null, "tunnel": null, "priority": 3 }, "geometry": { "type": "LineString", "coordinates": [ [ 141.9023291, 43.450667 ], [ 141.8983828, 43.4512638 ], [ 141.8970123, 43.4514783 ], [ 141.8955627, 43.4517009 ] ] } },
{ "type": "Feature", "properties": { "u": 2350616807, "v": 2350616832, "key": 0, "osmid": "226201705", "highway": [ "residential" ], "oneway": false, "reversed": "False", "length": 187.73632165948291, "lanes": null, "name": null, "ref": null, "bridge": null, "maxspeed": null, "tunnel": null, "priority": 1 }, "geometry": { "type": "LineString", "coordinates": [ [ 141.92163450000001, 43.4511198 ], [ 141.9218903, 43.4514906 ], [ 141.9222197, 43.4527416 ] ] } },
{ "type": "Feature", "properties": { "u": 2350616832, "v": 2350616807, "key": 0, "osmid": "226201705", "highway": [ "residential" ], "oneway": false, "reversed": "True", "length": 187.73632165948291, "lanes": null, "name": null, "ref": null, "bridge": null, "maxspeed": null, "tunnel": null, "priority": 1 }, "geometry": { "type": "LineString", "coordinates": [ [ 141.9222197, 43.4527416 ], [ 141.9218903, 43.4514906 ], [ 141.92163450000001, 43.4511198 ] ] } },
{ "type": "Feature", "properties": { "u": 2350616833, "v": 1938413567, "key": 0, "osmid": "183466045", "highway": [ "tertiary" ], "oneway": false, "reversed": "False", "length": 564.04911462629263, "lanes": null, "name": null, "ref": null, "bridge": null, "maxspeed": null, "tunnel": null, "priority": 2 }, "geometry": { "type": "LineString", "coordinates": [ [ 141.8886125, 43.4527723 ], [ 141.887175, 43.4478082 ] ] } },
{ "type": "Feature", "properties": { "u": 2350616833, "v": 2350616847, "key": 0, "osmid": "183466045", "highway": [ "tertiary" ], "oneway": false, "reversed": "True", "length": 192.53377895635387, "lanes": null, "name": null, "ref": null, "bridge": null, "maxspeed": null, "tunnel": null, "priority": 2 }, "geometry": { "type": "LineString", "coordinates": [ [ 141.8886125, 43.4527723 ], [ 141.8891133, 43.4544652 ] ] } },
{ "type": "Feature", "properties": { "u": 2350616833, "v": 2350616838, "key": 0, "osmid": "226201538", "highway": [ "tertiary" ], "oneway": false, "reversed": "True", "length": 279.7930852912271, "lanes": null, "name": null, "ref": null, "bridge": null, "maxspeed": null, "tunnel": null, "priority": 2 }, "geometry": { "type": "LineString", "coordinates": [ [ 141.8886125, 43.4527723 ], [ 141.8852262, 43.4533094 ] ] } },
{ "type": "Feature", "properties": { "u": 2350616833, "v": 3010041398, "key": 0, "osmid": "226201569", "highway": [ "tertiary" ], "oneway": false, "reversed": "True", "length": 289.12223132167861, "lanes": null, "name": null, "ref": null, "bridge": null, "maxspeed": null, "tunnel": null, "priority": 2 }, "geometry": { "type": "LineString", "coordinates": [ [ 141.8886125, 43.4527723 ], [ 141.892117500000012, 43.452237 ] ] } },
{ "type": "Feature", "properties": { "u": 2350616838, "v": 2350616833, "key": 0, "osmid": "226201538", "highway": [ "tertiary" ], "oneway": false, "reversed": "False", "length": 279.7930852912271, "lanes": null, "name": null, "ref": null, "bridge": null, "maxspeed": null, "tunnel": null, "priority": 2 }, "geometry": { "type": "LineString", "coordinates": [ [ 141.8852262, 43.4533094 ], [ 141.8886125, 43.4527723 ] ] } },
{ "type": "Feature", "properties": { "u": 2350616838, "v": 2350616843, "key": 0, "osmid": "226201576", "highway": [ "tertiary" ], "oneway": false, "reversed": "True", "length": 282.13816373597319, "lanes": null, "name": null, "ref": null, "bridge": null, "maxspeed": null, "tunnel": null, "priority": 2 }, "geometry": { "type": "LineString", "coordinates": [ [ 141.8852262, 43.4533094 ], [ 141.8818099, 43.4538457 ] ] } },
{ "type": "Feature", "properties": { "u": 2350616838, "v": 2350616865, "key": 0, "osmid": "226201645", "highway": [ "residential" ], "oneway": false, "reversed": "True", "length": 375.83878635031363, "lanes": null, "name": null, "ref": null, "bridge": null, "maxspeed": null, "tunnel": null, "priority": 1 }, "geometry": { "type": "LineString", "coordinates": [ [ 141.8852262, 43.4533094 ], [ 141.8861662, 43.4566198 ] ] } },
{ "type": "Feature", "properties": { "u": 2350616840, "v": 2350616866, "key": 0, "osmid": "33995218", "highway": [ "trunk" ], "oneway": true, "reversed": "False", "length": 375.80802169572337, "lanes": "2", "name": "国道12号", "ref": "12", "bridge": null, "maxspeed": null, "tunnel": null, "priority": 4 }, "geometry": { "type": "LineString", "coordinates": [ [ 141.895894199999987, 43.4533844 ], [ 141.8968639, 43.45669 ] ] } },
{ "type": "Feature", "properties": { "u": 2350616840, "v": 2350616845, "key": 0, "osmid": "226201754", "highway": [ "residential" ], "oneway": false, "reversed": "True", "length": 270.88116554035685, "lanes": null, "name": null, "ref": null, "bridge": null, "maxspeed": null, "tunnel": null, "priority": 1 }, "geometry": { "type": "LineString", "coordinates": [ [ 141.895894199999987, 43.4533844 ], [ 141.8926114, 43.4538898 ] ] } },
{ "type": "Feature", "properties": { "u": 2350616841, "v": 2350616850, "key": 0, "osmid": "226201516", "highway": [ "tertiary" ], "oneway": false, "reversed": "True", "length": 561.48388264256607, "lanes": null, "name": null, "ref": null, "bridge": null, "maxspeed": null, "tunnel": null, "priority": 2 }, "geometry": { "type": "LineString", "coordinates": [ [ 141.917414, 43.4534626 ], [ 141.9106172, 43.4545367 ] ] } },
{ "type": "Feature", "properties": { "u": 2350616841, "v": 2350616733, "key": 0, "osmid": "226201427", "highway": [ "tertiary" ], "oneway": false, "reversed": "True", "length": 589.73692675788084, "lanes": null, "name": null, "ref": null, "bridge": null, "maxspeed": null, "tunnel": null, "priority": 2 }, "geometry": { "type": "LineString", "coordinates": [ [ 141.917414, 43.4534626 ], [ 141.9168984, 43.4516801 ], [ 141.9168216, 43.4514531 ], [ 141.916725500000013, 43.451298 ], [ 141.916585, 43.4511754 ], [ 141.916391, 43.4510719 ], [ 141.9161928, 43.4509728 ], [ 141.9158081, 43.4507784 ], [ 141.9156312, 43.4506377 ], [ 141.915534900000011, 43.4505106 ], [ 141.9154643, 43.4504015 ], [ 141.915123, 43.4495674 ], [ 141.9149472, 43.4492639 ], [ 141.914597500000013, 43.4487494 ] ] } },
{ "type": "Feature", "properties": { "u": 2350616843, "v": 2350616838, "key": 0, "osmid": "226201576", "highway": [ "tertiary" ], "oneway": false, "reversed": "False", "length": 282.13816373597319, "lanes": null, "name": null, "ref": null, "bridge": null, "maxspeed": null, "tunnel": null, "priority": 2 }, "geometry": { "type": "LineString", "coordinates": [ [ 141.8818099, 43.4538457 ], [ 141.8852262, 43.4533094 ] ] } },
{ "type": "Feature", "properties": { "u": 2350616845, "v": 2350616840, "key": 0, "osmid": "226201754", "highway": [ "residential" ], "oneway": false, "reversed": "False", "length": 270.88116554035685, "lanes": null, "name": null, "ref": null, "bridge": null, "maxspeed": null, "tunnel": null, "priority": 1 }, "geometry": { "type": "LineString", "coordinates": [ [ 141.8926114, 43.4538898 ], [ 141.895894199999987, 43.4533844 ] ] } },
{ "type": "Feature", "properties": { "u": 2350616845, "v": 2350616847, "key": 0, "osmid": "226201754", "highway": [ "residential" ], "oneway": false, "reversed": "True", "length": 289.52217529746918, "lanes": null, "name": null, "ref": null, "bridge": null, "maxspeed": null, "tunnel": null, "priority": 1 }, "geometry": { "type": "LineString", "coordinates": [ [ 141.8926114, 43.4538898 ], [ 141.8891133, 43.4544652 ] ] } },
{ "type": "Feature", "properties": { "u": 2350616847, "v": 2350616833, "key": 0, "osmid": "183466045", "highway": [ "tertiary" ], "oneway": false, "reversed": "False", "length": 192.53377895635387, "lanes": null, "name": null, "ref": null, "bridge": null, "maxspeed": null, "tunnel": null, "priority": 2 }, "geometry": { "type": "LineString", "coordinates": [ [ 141.8891133, 43.4544652 ], [ 141.8886125, 43.4527723 ] ] } },
{ "type": "Feature", "properties": { "u": 2350616847, "v": 2350616864, "key": 0, "osmid": "183466045", "highway": [ "tertiary" ], "oneway": false, "reversed": "True", "length": 185.39035524231821, "lanes": null, "name": null, "ref": null, "bridge": null, "maxspeed": null, "tunnel": null, "priority": 2 }, "geometry": { "type": "LineString", "coordinates": [ [ 141.8891133, 43.4544652 ], [ 141.889599299999986, 43.4560947 ] ] } },
{ "type": "Feature", "properties": { "u": 2350616847, "v": 2350616845, "key": 0, "osmid": "226201754", "highway": [ "residential" ], "oneway": false, "reversed": "False", "length": 289.52217529746918, "lanes": null, "name": null, "ref": null, "bridge": null, "maxspeed": null, "tunnel": null, "priority": 1 }, "geometry": { "type": "LineString", "coordinates": [ [ 141.8891133, 43.4544652 ], [ 141.8926114, 43.4538898 ] ] } },
{ "type": "Feature", "properties": { "u": 2350616850, "v": 2350616841, "key": 0, "osmid": "226201516", "highway": [ "tertiary" ], "oneway": false, "reversed": "False", "length": 561.48388264256607, "lanes": null, "name": null, "ref": null, "bridge": null, "maxspeed": null, "tunnel": null, "priority": 2 }, "geometry": { "type": "LineString", "coordinates": [ [ 141.9106172, 43.4545367 ], [ 141.917414, 43.4534626 ] ] } },
{ "type": "Feature", "properties": { "u": 2350616850, "v": 862583771, "key": 0, "osmid": [ 761607736, 761607737, 436199696 ], "highway": [ "secondary" ], "oneway": false, "reversed": "True", "length": 561.97143093257284, "lanes": null, "name": "砂川奈井江美唄線", "ref": "1130", "bridge": "yes", "maxspeed": null, "tunnel": null, "priority": 2 }, "geometry": { "type": "LineString", "coordinates": [ [ 141.9106172, 43.4545367 ], [ 141.909463499999987, 43.4506901 ], [ 141.909297, 43.4501183 ], [ 141.90916, 43.4495949 ] ] } },
{ "type": "Feature", "properties": { "u": 2350616862, "v": 2350616785, "key": 0, "osmid": "226201489", "highway": [ "tertiary" ], "oneway": false, "reversed": "True", "length": 561.44948217055025, "lanes": null, "name": null, "ref": null, "bridge": null, "maxspeed": null, "tunnel": null, "priority": 2 }, "geometry": { "type": "LineString", "coordinates": [ [ 141.903805299999988, 43.4556012 ], [ 141.9023291, 43.450667 ] ] } },
{ "type": "Feature", "properties": { "u": 2350616864, "v": 2350616847, "key": 0, "osmid": "183466045", "highway": [ "tertiary" ], "oneway": false, "reversed": "False", "length": 185.39035524231821, "lanes": null, "name": null, "ref": null, "bridge": null, "maxspeed": null, "tunnel": null, "priority": 2 }, "geometry": { "type": "LineString", "coordinates": [ [ 141.889599299999986, 43.4560947 ], [ 141.8891133, 43.4544652 ] ] } },
{ "type": "Feature", "properties": { "u": 2350616864, "v": 1726858734, "key": 0, "osmid": "183466045", "highway": [ "tertiary" ], "oneway": false, "reversed": "True", "length": 187.45507629962739, "lanes": null, "name": null, "ref": null, "bridge": null, "maxspeed": null, "tunnel": null, "priority": 2 }, "geometry": { "type": "LineString", "coordinates": [ [ 141.889599299999986, 43.4560947 ], [ 141.8900942, 43.4577418 ] ] } },
{ "type": "Feature", "properties": { "u": 2350616864, "v": 2350616865, "key": 0, "osmid": "226201635", "highway": [ "residential" ], "oneway": false, "reversed": "False", "length": 283.19192168206041, "lanes": null, "name": null, "ref": null, "bridge": null, "maxspeed": null, "tunnel": null, "priority": 1 }, "geometry": { "type": "LineString", "coordinates": [ [ 141.889599299999986, 43.4560947 ], [ 141.8861662, 43.4566198 ] ] } },
{ "type": "Feature", "properties": { "u": 2350616865, "v": 2350616868, "key": 0, "osmid": "226201456", "highway": [ "residential" ], "oneway": false, "reversed": "False", "length": 284.49222647274013, "lanes": null, "name": null, "ref": null, "bridge": null, "maxspeed": null, "tunnel": null, "priority": 1 }, "geometry": { "type": "LineString", "coordinates": [ [ 141.8861662, 43.4566198 ], [ 141.8827148, 43.4571386 ] ] } },
{ "type": "Feature", "properties": { "u": 2350616865, "v": 2350616864, "key": 0, "osmid": "226201635", "highway": [ "residential" ], "oneway": false, "reversed": "True", "length": 283.19192168206041, "lanes": null, "name": null, "ref": null, "bridge": null, "maxspeed": null, "tunnel": null, "priority": 1 }, "geometry": { "type": "LineString", "coordinates": [ [ 141.8861662, 43.4566198 ], [ 141.889599299999986, 43.4560947 ] ] } },
{ "type": "Feature", "properties": { "u": 2350616865, "v": 2350616838, "key": 0, "osmid": "226201645", "highway": [ "residential" ], "oneway": false, "reversed": "False", "length": 375.83878635031363, "lanes": null, "name": null, "ref": null, "bridge": null, "maxspeed": null, "tunnel": null, "priority": 1 }, "geometry": { "type": "LineString", "coordinates": [ [ 141.8861662, 43.4566198 ], [ 141.8852262, 43.4533094 ] ] } },
{ "type": "Feature", "properties": { "u": 2350616866, "v": 2350616867, "key": 0, "osmid": "226201613", "highway": [ "tertiary" ], "oneway": false, "reversed": "False", "length": 10.665310389325455, "lanes": null, "name": null, "ref": null, "bridge": null, "maxspeed": null, "tunnel": null, "priority": 2 }, "geometry": { "type": "LineString", "coordinates": [ [ 141.8968639, 43.45669 ], [ 141.8969931, 43.4566699 ] ] } },
{ "type": "Feature", "properties": { "u": 2350616866, "v": 3010041399, "key": 0, "osmid": "226201613", "highway": [ "tertiary" ], "oneway": false, "reversed": "True", "length": 272.03828164491307, "lanes": null, "name": null, "ref": null, "bridge": null, "maxspeed": null, "tunnel": null, "priority": 2 }, "geometry": { "type": "LineString", "coordinates": [ [ 141.8968639, 43.45669 ], [ 141.8935682, 43.457202 ] ] } },
{ "type": "Feature", "properties": { "u": 2350616867, "v": 389414188, "key": 0, "osmid": "33995217", "highway": [ "trunk" ], "oneway": true, "reversed": "False", "length": 564.46328309956493, "lanes": "2", "name": "国道12号", "ref": "12", "bridge": null, "maxspeed": null, "tunnel": null, "priority": 4 }, "geometry": { "type": "LineString", "coordinates": [ [ 141.8969931, 43.4566699 ], [ 141.8955627, 43.4517009 ] ] } },
{ "type": "Feature", "properties": { "u": 2350616867, "v": 2350616866, "key": 0, "osmid": "226201613", "highway": [ "tertiary" ], "oneway": false, "reversed": "True", "length": 10.665310389325455, "lanes": null, "name": null, "ref": null, "bridge": null, "maxspeed": null, "tunnel": null, "priority": 2 }, "geometry": { "type": "LineString", "coordinates": [ [ 141.8969931, 43.4566699 ], [ 141.8968639, 43.45669 ] ] } },
{ "type": "Feature", "properties": { "u": 2350616868, "v": 2350616865, "key": 0, "osmid": "226201456", "highway": [ "residential" ], "oneway": false, "reversed": "True", "length": 284.49222647274013, "lanes": null, "name": null, "ref": null, "bridge": null, "maxspeed": null, "tunnel": null, "priority": 1 }, "geometry": { "type": "LineString", "coordinates": [ [ 141.8827148, 43.4571386 ], [ 141.8861662, 43.4566198 ] ] } },
{ "type": "Feature", "properties": { "u": 2350616868, "v": 1726858757, "key": 0, "osmid": [ 160638660, 183466078 ], "highway": "['tertiary' 'unclassified']", "oneway": false, "reversed": [ false, true ], "length": 596.41806367551601, "lanes": null, "name": null, "ref": null, "bridge": null, "maxspeed": null, "tunnel": null, "priority": 2 }, "geometry": { "type": "LineString", "coordinates": [ [ 141.8827148, 43.4571386 ], [ 141.883179899999988, 43.4588263 ], [ 141.8880849, 43.458057 ] ] } },
{ "type": "Feature", "properties": { "u": 2977966781, "v": 3010041376, "key": 0, "osmid": "33995217", "highway": [ "trunk" ], "oneway": true, "reversed": "False", "length": 562.93540582794537, "lanes": "2", "name": "国道12号", "ref": "12", "bridge": null, "maxspeed": null, "tunnel": null, "priority": 4 }, "geometry": { "type": "LineString", "coordinates": [ [ 141.8926227, 43.4417588 ], [ 141.891187, 43.4368047 ] ] } },
{ "type": "Feature", "properties": { "u": 3010041353, "v": 501824718, "key": 0, "osmid": "183466250", "highway": [ "primary" ], "oneway": false, "reversed": "False", "length": 155.40661946348592, "lanes": "2", "name": "江別奈井江線", "ref": "139", "bridge": null, "maxspeed": null, "tunnel": null, "priority": 3 }, "geometry": { "type": "LineString", "coordinates": [ [ 141.8535129, 43.4154977 ], [ 141.85495, 43.416427 ] ] } },
{ "type": "Feature", "properties": { "u": 3010041353, "v": 1938412075, "key": 0, "osmid": [ 1494117417, 183466250, 183466251 ], "highway": [ "primary" ], "oneway": false, "reversed": "True", "length": 264.09878127330387, "lanes": "2", "name": "江別奈井江線", "ref": "139", "bridge": "yes", "maxspeed": null, "tunnel": null, "priority": 3 }, "geometry": { "type": "LineString", "coordinates": [ [ 141.8535129, 43.4154977 ], [ 141.852469899999988, 43.4149193 ], [ 141.852337799999987, 43.4148521 ], [ 141.8516076, 43.4144782 ], [ 141.851515799999987, 43.4144273 ], [ 141.8508747, 43.4140953 ] ] } },
{ "type": "Feature", "properties": { "u": 3010041356, "v": 1938413086, "key": 0, "osmid": "815757988", "highway": [ "trunk" ], "oneway": false, "reversed": "False", "length": 102.30285194543232, "lanes": "2", "name": "国道12号", "ref": "12", "bridge": null, "maxspeed": null, "tunnel": null, "priority": 4 }, "geometry": { "type": "LineString", "coordinates": [ [ 141.8879131, 43.4259907 ], [ 141.8881747, 43.4268909 ] ] } },
{ "type": "Feature", "properties": { "u": 3010041356, "v": 8548106501, "key": 0, "osmid": "815757988", "highway": [ "trunk" ], "oneway": false, "reversed": "True", "length": 105.61070246843894, "lanes": "2", "name": "国道12号", "ref": "12", "bridge": null, "maxspeed": null, "tunnel": null, "priority": 4 }, "geometry": { "type": "LineString", "coordinates": [ [ 141.8879131, 43.4259907 ], [ 141.887643, 43.4250614 ] ] } },
{ "type": "Feature", "properties": { "u": 3010041357, "v": 2350614707, "key": 0, "osmid": "34238532", "highway": [ "secondary" ], "oneway": false, "reversed": "True", "length": 10.474260523974133, "lanes": "2", "name": "奈井江浦臼線", "ref": "278", "bridge": null, "maxspeed": null, "tunnel": null, "priority": 2 }, "geometry": { "type": "LineString", "coordinates": [ [ 141.859565, 43.4261524 ], [ 141.85943850000001, 43.4261732 ] ] } },
{ "type": "Feature", "properties": { "u": 3010041357, "v": 392663125, "key": 0, "osmid": [ 34238532, 183466254, 183466255 ], "highway": [ "secondary" ], "oneway": false, "reversed": "False", "length": 548.29166537506967, "lanes": "2", "name": "奈井江浦臼線", "ref": "278", "bridge": "yes", "maxspeed": null, "tunnel": null, "priority": 2 }, "geometry": { "type": "LineString", "coordinates": [ [ 141.859565, 43.4261524 ], [ 141.8629903, 43.4256131 ], [ 141.8630842, 43.4255986 ], [ 141.8635716, 43.4255236 ], [ 141.8637957, 43.4254891 ], [ 141.8662005, 43.4251086 ] ] } },
{ "type": "Feature", "properties": { "u": 3010041357, "v": 2350614627, "key": 0, "osmid": [ 226201698, 226201612 ], "highway": "['unclassified' 'residential']", "oneway": false, "reversed": "True", "length": 454.91362291782872, "lanes": null, "name": null, "ref": null, "bridge": null, "maxspeed": null, "tunnel": null, "priority": 1 }, "geometry": { "type": "LineString", "coordinates": [ [ 141.859565, 43.4261524 ], [ 141.8592013, 43.4249505 ], [ 141.8591417, 43.4247525 ], [ 141.858908899999989, 43.4248378 ], [ 141.855917, 43.425476 ], [ 141.855646299999989, 43.4255296 ] ] } },
{ "type": "Feature", "properties": { "u": 3010041364, "v": 1938413196, "key": 0, "osmid": "297154884", "highway": [ "residential" ], "oneway": false, "reversed": "False", "length": 174.30176012169844, "lanes": null, "name": null, "ref": null, "bridge": null, "maxspeed": null, "tunnel": null, "priority": 1 }, "geometry": { "type": "LineString", "coordinates": [ [ 141.8836021, 43.4293649 ], [ 141.8845421, 43.4292282 ], [ 141.884589299999988, 43.4291697 ], [ 141.8845102, 43.428852 ], [ 141.8845567, 43.4287825 ], [ 141.8850914, 43.4286732 ] ] } },
{ "type": "Feature", "properties": { "u": 3010041376, "v": 7838309219, "key": 0, "osmid": "33995217", "highway": [ "trunk" ], "oneway": true, "reversed": "False", "length": 133.81428236463094, "lanes": "2", "name": "国道12号", "ref": "12", "bridge": null, "maxspeed": null, "tunnel": null, "priority": 4 }, "geometry": { "type": "LineString", "coordinates": [ [ 141.891187, 43.4368047 ], [ 141.890841, 43.4356278 ] ] } },
{ "type": "Feature", "properties": { "u": 3010041379, "v": 2350616001, "key": 0, "osmid": "226201841", "highway": [ "residential" ], "oneway": false, "reversed": "False", "length": 276.82107457332148, "lanes": null, "name": null, "ref": null, "bridge": null, "maxspeed": null, "tunnel": null, "priority": 1 }, "geometry": { "type": "LineString", "coordinates": [ [ 141.8881754, 43.4390058 ], [ 141.8915335, 43.4385037 ] ] } },
{ "type": "Feature", "properties": { "u": 3010041379, "v": 2350616143, "key": 0, "osmid": "226201841", "highway": [ "residential" ], "oneway": false, "reversed": "True", "length": 282.5859377138201, "lanes": null, "name": null, "ref": null, "bridge": null, "maxspeed": null, "tunnel": null, "priority": 1 }, "geometry": { "type": "LineString", "coordinates": [ [ 141.8881754, 43.4390058 ], [ 141.8847576, 43.4395533 ] ] } },
{ "type": "Feature", "properties": { "u": 3010041381, "v": 2350616004, "key": 0, "osmid": "183466226", "highway": [ "tertiary" ], "oneway": false, "reversed": "False", "length": 254.72573901313294, "lanes": null, "name": null, "ref": null, "bridge": null, "maxspeed": null, "tunnel": null, "priority": 2 }, "geometry": { "type": "LineString", "coordinates": [ [ 141.9136878, 43.440814 ], [ 141.913029, 43.4385737 ] ] } },
{ "type": "Feature", "properties": { "u": 3010041381, "v": 2350616327, "key": 0, "osmid": "183466226", "highway": [ "tertiary" ], "oneway": false, "reversed": "True", "length": 118.07998618488845, "lanes": null, "name": null, "ref": null, "bridge": null, "maxspeed": null, "tunnel": null, "priority": 2 }, "geometry": { "type": "LineString", "coordinates": [ [ 141.9136878, 43.440814 ], [ 141.913981400000011, 43.4418543 ] ] } },
{ "type": "Feature", "properties": { "u": 3010041381, "v": 2350616229, "key": 0, "osmid": "297154877", "highway": [ "residential" ], "oneway": false, "reversed": "True", "length": 186.2561769113932, "lanes": null, "name": null, "ref": null, "bridge": null, "maxspeed": null, "tunnel": null, "priority": 1 }, "geometry": { "type": "LineString", "coordinates": [ [ 141.9136878, 43.440814 ], [ 141.9159512, 43.4404901 ] ] } },
{ "type": "Feature", "properties": { "u": 3010041384, "v": 2350616358, "key": 0, "osmid": "226201494", "highway": [ "tertiary" ], "oneway": false, "reversed": "True", "length": 34.941304283554572, "lanes": null, "name": null, "ref": null, "bridge": null, "maxspeed": null, "tunnel": null, "priority": 2 }, "geometry": { "type": "LineString", "coordinates": [ [ 141.9206106, 43.4426025 ], [ 141.920522799999986, 43.4422948 ] ] } },
{ "type": "Feature", "properties": { "u": 3010041384, "v": 2350616518, "key": 0, "osmid": "226201494", "highway": [ "tertiary" ], "oneway": false, "reversed": "False", "length": 124.64176641044583, "lanes": null, "name": null, "ref": null, "bridge": null, "maxspeed": null, "tunnel": null, "priority": 2 }, "geometry": { "type": "LineString", "coordinates": [ [ 141.9206106, 43.4426025 ], [ 141.9208863, 43.443489 ], [ 141.9209124, 43.4435413 ], [ 141.920947500000011, 43.4435899 ], [ 141.9209745, 43.4436318 ], [ 141.921017299999988, 43.4436776 ] ] } },
{ "type": "Feature", "properties": { "u": 3010041389, "v": 2977966781, "key": 0, "osmid": "33995217", "highway": [ "trunk" ], "oneway": true, "reversed": "False", "length": 565.34950073581956, "lanes": "2", "name": "国道12号", "ref": "12", "bridge": null, "maxspeed": null, "tunnel": null, "priority": 4 }, "geometry": { "type": "LineString", "coordinates": [ [ 141.894105599999989, 43.4467278 ], [ 141.8926227, 43.4417588 ] ] } },
{ "type": "Feature", "properties": { "u": 3010041398, "v": 2350616833, "key": 0, "osmid": "226201569", "highway": [ "tertiary" ], "oneway": false, "reversed": "False", "length": 289.12223132167861, "lanes": null, "name": null, "ref": null, "bridge": null, "maxspeed": null, "tunnel": null, "priority": 2 }, "geometry": { "type": "LineString", "coordinates": [ [ 141.892117500000012, 43.452237 ], [ 141.8886125, 43.4527723 ] ] } },
{ "type": "Feature", "properties": { "u": 3010041398, "v": 389414190, "key": 0, "osmid": "226201569", "highway": [ "tertiary" ], "oneway": false, "reversed": "True", "length": 273.09594576008851, "lanes": null, "name": null, "ref": null, "bridge": null, "maxspeed": null, "tunnel": null, "priority": 2 }, "geometry": { "type": "LineString", "coordinates": [ [ 141.892117500000012, 43.452237 ], [ 141.895425, 43.4517205 ] ] } },
{ "type": "Feature", "properties": { "u": 3010041399, "v": 2350616866, "key": 0, "osmid": "226201613", "highway": [ "tertiary" ], "oneway": false, "reversed": "False", "length": 272.03828164491307, "lanes": null, "name": null, "ref": null, "bridge": null, "maxspeed": null, "tunnel": null, "priority": 2 }, "geometry": { "type": "LineString", "coordinates": [ [ 141.8935682, 43.457202 ], [ 141.8968639, 43.45669 ] ] } },
{ "type": "Feature", "properties": { "u": 3010041399, "v": 1726858723, "key": 0, "osmid": "226201613", "highway": [ "tertiary" ], "oneway": false, "reversed": "True", "length": 108.30597989279241, "lanes": null, "name": null, "ref": null, "bridge": null, "maxspeed": null, "tunnel": null, "priority": 2 }, "geometry": { "type": "LineString", "coordinates": [ [ 141.8935682, 43.457202 ], [ 141.8922561, 43.4574059 ] ] } },
{ "type": "Feature", "properties": { "u": 3033240784, "v": 2350614082, "key": 0, "osmid": "226201753", "highway": [ "residential" ], "oneway": false, "reversed": "True", "length": 564.51806499893337, "lanes": null, "name": null, "ref": null, "bridge": null, "maxspeed": null, "tunnel": null, "priority": 1 }, "geometry": { "type": "LineString", "coordinates": [ [ 141.8722061, 43.4211632 ], [ 141.8708365, 43.421384 ], [ 141.8668556, 43.4219851 ], [ 141.865365200000014, 43.4222052 ] ] } },
{ "type": "Feature", "properties": { "u": 4329566704, "v": 2350616733, "key": 0, "osmid": "435239702", "highway": [ "primary" ], "oneway": false, "reversed": "True", "length": 35.036665780451351, "lanes": "2", "name": "赤平奈井江線", "ref": "114", "bridge": null, "maxspeed": null, "tunnel": null, "priority": 3 }, "geometry": { "type": "LineString", "coordinates": [ [ 141.9150218, 43.4486831 ], [ 141.914597500000013, 43.4487494 ] ] } },
{ "type": "Feature", "properties": { "u": 4329566704, "v": 1938413563, "key": 0, "osmid": [ 183465910, 435239701, 435239702 ], "highway": [ "primary" ], "oneway": false, "reversed": [ false, true ], "length": 636.29643359729153, "lanes": "2", "name": "赤平奈井江線", "ref": "114", "bridge": "yes", "maxspeed": null, "tunnel": null, "priority": 3 }, "geometry": { "type": "LineString", "coordinates": [ [ 141.9150218, 43.4486831 ], [ 141.9164939, 43.4484565 ], [ 141.9168836, 43.4484093 ], [ 141.9172471, 43.4483526 ], [ 141.917743300000012, 43.4482484 ], [ 141.917958199999987, 43.448207 ], [ 141.9184665, 43.4481249 ], [ 141.9185225, 43.4481169 ], [ 141.9199391, 43.4479149 ], [ 141.9204814, 43.4478338 ], [ 141.9208075, 43.447789 ], [ 141.9227376, 43.4475236 ] ] } },
{ "type": "Feature", "properties": { "u": 5735880188, "v": 5735880198, "key": 1, "osmid": "604517877", "highway": [ "residential" ], "oneway": false, "reversed": "True", "length": 54.878229567010905, "lanes": "1", "name": null, "ref": null, "bridge": null, "maxspeed": null, "tunnel": null, "priority": 1 }, "geometry": { "type": "LineString", "coordinates": [ [ 141.888117, 43.4231905 ], [ 141.8881939, 43.4231813 ], [ 141.8882687, 43.4231559 ], [ 141.8883122, 43.4231297 ], [ 141.8883317, 43.4230863 ], [ 141.888321499999989, 43.4230442 ], [ 141.888304, 43.4230023 ], [ 141.888256, 43.4229673 ], [ 141.888206700000012, 43.4229537 ], [ 141.8881303, 43.4229461 ], [ 141.88804780000001, 43.4229495 ] ] } },
{ "type": "Feature", "properties": { "u": 5735880198, "v": 5735880188, "key": 1, "osmid": "604517877", "highway": [ "residential" ], "oneway": false, "reversed": "False", "length": 54.878229567010912, "lanes": "1", "name": null, "ref": null, "bridge": null, "maxspeed": null, "tunnel": null, "priority": 1 }, "geometry": { "type": "LineString", "coordinates": [ [ 141.88804780000001, 43.4229495 ], [ 141.8881303, 43.4229461 ], [ 141.888206700000012, 43.4229537 ], [ 141.888256, 43.4229673 ], [ 141.888304, 43.4230023 ], [ 141.888321499999989, 43.4230442 ], [ 141.8883317, 43.4230863 ], [ 141.8883122, 43.4231297 ], [ 141.8882687, 43.4231559 ], [ 141.8881939, 43.4231813 ], [ 141.888117, 43.4231905 ] ] } },
{ "type": "Feature", "properties": { "u": 6083963825, "v": 1938412911, "key": 0, "osmid": "183465908", "highway": [ "residential" ], "oneway": false, "reversed": "False", "length": 95.687463994610596, "lanes": null, "name": null, "ref": null, "bridge": null, "maxspeed": null, "tunnel": null, "priority": 1 }, "geometry": { "type": "LineString", "coordinates": [ [ 141.8811926, 43.4252314 ], [ 141.8823519, 43.4250536 ] ] } },
{ "type": "Feature", "properties": { "u": 6083963825, "v": 1938412933, "key": 0, "osmid": "183465908", "highway": [ "residential" ], "oneway": false, "reversed": "True", "length": 50.992681985418557, "lanes": null, "name": null, "ref": null, "bridge": null, "maxspeed": null, "tunnel": null, "priority": 1 }, "geometry": { "type": "LineString", "coordinates": [ [ 141.8811926, 43.4252314 ], [ 141.8805754, 43.4253282 ] ] } },
{ "type": "Feature", "properties": { "u": 6083963825, "v": 6083963827, "key": 0, "osmid": "647932232", "highway": [ "residential" ], "oneway": false, "reversed": "False", "length": 142.91919836565384, "lanes": null, "name": null, "ref": null, "bridge": null, "maxspeed": null, "tunnel": null, "priority": 1 }, "geometry": { "type": "LineString", "coordinates": [ [ 141.8811926, 43.4252314 ], [ 141.8810695, 43.4248127 ], [ 141.8822222, 43.4246287 ] ] } },
{ "type": "Feature", "properties": { "u": 6083963827, "v": 6083963825, "key": 0, "osmid": "647932232", "highway": [ "residential" ], "oneway": false, "reversed": "True", "length": 142.91919836565384, "lanes": null, "name": null, "ref": null, "bridge": null, "maxspeed": null, "tunnel": null, "priority": 1 }, "geometry": { "type": "LineString", "coordinates": [ [ 141.8822222, 43.4246287 ], [ 141.8810695, 43.4248127 ], [ 141.8811926, 43.4252314 ] ] } },
{ "type": "Feature", "properties": { "u": 6590120530, "v": 1938412829, "key": 0, "osmid": "183465917", "highway": [ "trunk" ], "oneway": false, "reversed": "False", "length": 66.254741848216966, "lanes": "2", "name": "国道12号", "ref": "12", "bridge": null, "maxspeed": null, "tunnel": null, "priority": 4 }, "geometry": { "type": "LineString", "coordinates": [ [ 141.88722820000001, 43.4236564 ], [ 141.887380900000011, 43.4241736 ], [ 141.8874002, 43.424239 ] ] } },
{ "type": "Feature", "properties": { "u": 6590120530, "v": 1938412708, "key": 0, "osmid": "183465917", "highway": [ "trunk" ], "oneway": false, "reversed": "True", "length": 75.749733906530878, "lanes": "2", "name": "国道12号", "ref": "12", "bridge": null, "maxspeed": null, "tunnel": null, "priority": 4 }, "geometry": { "type": "LineString", "coordinates": [ [ 141.88722820000001, 43.4236564 ], [ 141.8872039, 43.4235741 ], [ 141.8870316, 43.4229903 ] ] } },
{ "type": "Feature", "properties": { "u": 6590120530, "v": 6590120531, "key": 0, "osmid": "701723998", "highway": [ "residential" ], "oneway": false, "reversed": "False", "length": 80.840541579124078, "lanes": null, "name": null, "ref": null, "bridge": null, "maxspeed": null, "tunnel": null, "priority": 1 }, "geometry": { "type": "LineString", "coordinates": [ [ 141.88722820000001, 43.4236564 ], [ 141.887373700000012, 43.4236314 ], [ 141.8882068, 43.4235036 ] ] } },
{ "type": "Feature", "properties": { "u": 6590120531, "v": 6590120530, "key": 0, "osmid": "701723998", "highway": [ "residential" ], "oneway": false, "reversed": "True", "length": 80.840541579124078, "lanes": null, "name": null, "ref": null, "bridge": null, "maxspeed": null, "tunnel": null, "priority": 1 }, "geometry": { "type": "LineString", "coordinates": [ [ 141.8882068, 43.4235036 ], [ 141.887373700000012, 43.4236314 ], [ 141.88722820000001, 43.4236564 ] ] } },
{ "type": "Feature", "properties": { "u": 7087168128, "v": 1938412817, "key": 0, "osmid": "183466051", "highway": [ "tertiary" ], "oneway": false, "reversed": "False", "length": 4.2576469562053738, "lanes": null, "name": null, "ref": null, "bridge": null, "maxspeed": null, "tunnel": null, "priority": 2 }, "geometry": { "type": "LineString", "coordinates": [ [ 141.8837541, 43.4241243 ], [ 141.8837428, 43.4240869 ] ] } },
{ "type": "Feature", "properties": { "u": 7087168128, "v": 1938412885, "key": 0, "osmid": "183466051", "highway": [ "tertiary" ], "oneway": false, "reversed": "True", "length": 76.373507837107567, "lanes": null, "name": null, "ref": null, "bridge": null, "maxspeed": null, "tunnel": null, "priority": 2 }, "geometry": { "type": "LineString", "coordinates": [ [ 141.8837541, 43.4241243 ], [ 141.8839573, 43.4247951 ] ] } },
{ "type": "Feature", "properties": { "u": 7087194575, "v": 7087194579, "key": 0, "osmid": "758825605", "highway": [ "residential" ], "oneway": false, "reversed": "False", "length": 134.88598312144393, "lanes": null, "name": null, "ref": null, "bridge": null, "maxspeed": null, "tunnel": null, "priority": 1 }, "geometry": { "type": "LineString", "coordinates": [ [ 141.88182, 43.4232339 ], [ 141.8823365, 43.4231547 ], [ 141.8824042, 43.4231079 ], [ 141.8827588, 43.4230423 ], [ 141.88261510000001, 43.4225574 ] ] } },
{ "type": "Feature", "properties": { "u": 7087194579, "v": 1938412664, "key": 0, "osmid": "183466253", "highway": [ "primary" ], "oneway": false, "reversed": "False", "length": 54.132347045265504, "lanes": "2", "name": "江別奈井江線", "ref": "139", "bridge": null, "maxspeed": null, "tunnel": null, "priority": 3 }, "geometry": { "type": "LineString", "coordinates": [ [ 141.88261510000001, 43.4225574 ], [ 141.8832692, 43.4224511 ] ] } },
{ "type": "Feature", "properties": { "u": 7087194579, "v": 1938412699, "key": 0, "osmid": "183466253", "highway": [ "primary" ], "oneway": false, "reversed": "True", "length": 78.445512058308665, "lanes": "2", "name": "江別奈井江線", "ref": "139", "bridge": null, "maxspeed": null, "tunnel": null, "priority": 3 }, "geometry": { "type": "LineString", "coordinates": [ [ 141.88261510000001, 43.4225574 ], [ 141.88166720000001, 43.4227114 ] ] } },
{ "type": "Feature", "properties": { "u": 7087194579, "v": 7087194575, "key": 0, "osmid": "758825605", "highway": [ "residential" ], "oneway": false, "reversed": "True", "length": 134.88598312144393, "lanes": null, "name": null, "ref": null, "bridge": null, "maxspeed": null, "tunnel": null, "priority": 1 }, "geometry": { "type": "LineString", "coordinates": [ [ 141.88261510000001, 43.4225574 ], [ 141.8827588, 43.4230423 ], [ 141.8824042, 43.4231079 ], [ 141.8823365, 43.4231547 ], [ 141.88182, 43.4232339 ] ] } },
{ "type": "Feature", "properties": { "u": 7087194716, "v": 1938412885, "key": 0, "osmid": "183465908", "highway": [ "residential" ], "oneway": false, "reversed": "False", "length": 52.096408154940121, "lanes": null, "name": null, "ref": null, "bridge": null, "maxspeed": null, "tunnel": null, "priority": 1 }, "geometry": { "type": "LineString", "coordinates": [ [ 141.8833275, 43.4248965 ], [ 141.8839573, 43.4247951 ] ] } },
{ "type": "Feature", "properties": { "u": 7087194716, "v": 7087194718, "key": 0, "osmid": "183465908", "highway": [ "residential" ], "oneway": false, "reversed": "True", "length": 41.534583891332673, "lanes": null, "name": null, "ref": null, "bridge": null, "maxspeed": null, "tunnel": null, "priority": 1 }, "geometry": { "type": "LineString", "coordinates": [ [ 141.8833275, 43.4248965 ], [ 141.8828254, 43.4249774 ] ] } },
{ "type": "Feature", "properties": { "u": 7087194716, "v": 7087194717, "key": 0, "osmid": "758825637", "highway": [ "residential" ], "oneway": false, "reversed": "False", "length": 80.744844458020992, "lanes": null, "name": null, "ref": null, "bridge": null, "maxspeed": null, "tunnel": null, "priority": 1 }, "geometry": { "type": "LineString", "coordinates": [ [ 141.8833275, 43.4248965 ], [ 141.883109600000012, 43.4241878 ] ] } },
{ "type": "Feature", "properties": { "u": 7087194717, "v": 7087194716, "key": 0, "osmid": "758825637", "highway": [ "residential" ], "oneway": false, "reversed": "True", "length": 80.744844458020992, "lanes": null, "name": null, "ref": null, "bridge": null, "maxspeed": null, "tunnel": null, "priority": 1 }, "geometry": { "type": "LineString", "coordinates": [ [ 141.883109600000012, 43.4241878 ], [ 141.8833275, 43.4248965 ] ] } },
{ "type": "Feature", "properties": { "u": 7087194718, "v": 7087194716, "key": 0, "osmid": "183465908", "highway": [ "residential" ], "oneway": false, "reversed": "False", "length": 41.534583891332673, "lanes": null, "name": null, "ref": null, "bridge": null, "maxspeed": null, "tunnel": null, "priority": 1 }, "geometry": { "type": "LineString", "coordinates": [ [ 141.8828254, 43.4249774 ], [ 141.8833275, 43.4248965 ] ] } },
{ "type": "Feature", "properties": { "u": 7087194718, "v": 1938412911, "key": 0, "osmid": "183465908", "highway": [ "residential" ], "oneway": false, "reversed": "True", "length": 39.166482451939004, "lanes": null, "name": null, "ref": null, "bridge": null, "maxspeed": null, "tunnel": null, "priority": 1 }, "geometry": { "type": "LineString", "coordinates": [ [ 141.8828254, 43.4249774 ], [ 141.8823519, 43.4250536 ] ] } },
{ "type": "Feature", "properties": { "u": 7087194718, "v": 7087194719, "key": 0, "osmid": "758825638", "highway": [ "residential" ], "oneway": false, "reversed": "False", "length": 80.452151603762061, "lanes": null, "name": null, "ref": null, "bridge": null, "maxspeed": null, "tunnel": null, "priority": 1 }, "geometry": { "type": "LineString", "coordinates": [ [ 141.8828254, 43.4249774 ], [ 141.8826195, 43.4242695 ] ] } },
{ "type": "Feature", "properties": { "u": 7087194719, "v": 7087194718, "key": 0, "osmid": "758825638", "highway": [ "residential" ], "oneway": false, "reversed": "True", "length": 80.452151603762061, "lanes": null, "name": null, "ref": null, "bridge": null, "maxspeed": null, "tunnel": null, "priority": 1 }, "geometry": { "type": "LineString", "coordinates": [ [ 141.8826195, 43.4242695 ], [ 141.8828254, 43.4249774 ] ] } },
{ "type": "Feature", "properties": { "u": 7111573607, "v": 1938413432, "key": 0, "osmid": "183466051", "highway": [ "tertiary" ], "oneway": false, "reversed": "False", "length": 79.292351976913977, "lanes": null, "name": null, "ref": null, "bridge": null, "maxspeed": null, "tunnel": null, "priority": 2 }, "geometry": { "type": "LineString", "coordinates": [ [ 141.8863996, 43.4330825 ], [ 141.886199299999987, 43.4323844 ] ] } },
{ "type": "Feature", "properties": { "u": 7111573607, "v": 1938413439, "key": 0, "osmid": "183466051", "highway": [ "tertiary" ], "oneway": false, "reversed": "True", "length": 20.830778680738113, "lanes": null, "name": null, "ref": null, "bridge": null, "maxspeed": null, "tunnel": null, "priority": 2 }, "geometry": { "type": "LineString", "coordinates": [ [ 141.8863996, 43.4330825 ], [ 141.8864522, 43.4332659 ] ] } },
{ "type": "Feature", "properties": { "u": 7111573607, "v": 7111573608, "key": 0, "osmid": "761168126", "highway": [ "residential" ], "oneway": false, "reversed": "False", "length": 74.165243674299717, "lanes": null, "name": null, "ref": null, "bridge": null, "maxspeed": null, "tunnel": null, "priority": 1 }, "geometry": { "type": "LineString", "coordinates": [ [ 141.8863996, 43.4330825 ], [ 141.8872963, 43.4329381 ] ] } },
{ "type": "Feature", "properties": { "u": 7111573608, "v": 1938413430, "key": 0, "osmid": "183466015", "highway": [ "residential" ], "oneway": false, "reversed": "False", "length": 79.051315812980476, "lanes": null, "name": null, "ref": null, "bridge": null, "maxspeed": null, "tunnel": null, "priority": 1 }, "geometry": { "type": "LineString", "coordinates": [ [ 141.8872963, 43.4329381 ], [ 141.8870852, 43.4322439 ] ] } },
{ "type": "Feature", "properties": { "u": 7111573608, "v": 1938413436, "key": 0, "osmid": "183466015", "highway": [ "residential" ], "oneway": false, "reversed": "True", "length": 21.432296145159718, "lanes": null, "name": null, "ref": null, "bridge": null, "maxspeed": null, "tunnel": null, "priority": 1 }, "geometry": { "type": "LineString", "coordinates": [ [ 141.8872963, 43.4329381 ], [ 141.887353600000012, 43.4331263 ] ] } },
{ "type": "Feature", "properties": { "u": 7111573608, "v": 7111573607, "key": 0, "osmid": "761168126", "highway": [ "residential" ], "oneway": false, "reversed": "True", "length": 74.165243674299717, "lanes": null, "name": null, "ref": null, "bridge": null, "maxspeed": null, "tunnel": null, "priority": 1 }, "geometry": { "type": "LineString", "coordinates": [ [ 141.8872963, 43.4329381 ], [ 141.8863996, 43.4330825 ] ] } },
{ "type": "Feature", "properties": { "u": 7111573621, "v": 7111573622, "key": 0, "osmid": "761168130", "highway": [ "residential" ], "oneway": false, "reversed": "False", "length": 39.723523554789537, "lanes": null, "name": null, "ref": null, "bridge": null, "maxspeed": null, "tunnel": null, "priority": 1 }, "geometry": { "type": "LineString", "coordinates": [ [ 141.886788599999988, 43.4326565 ], [ 141.8866745, 43.432309 ] ] } },
{ "type": "Feature", "properties": { "u": 7111573622, "v": 7111573621, "key": 0, "osmid": "761168130", "highway": [ "residential" ], "oneway": false, "reversed": "True", "length": 39.723523554789537, "lanes": null, "name": null, "ref": null, "bridge": null, "maxspeed": null, "tunnel": null, "priority": 1 }, "geometry": { "type": "LineString", "coordinates": [ [ 141.8866745, 43.432309 ], [ 141.886788599999988, 43.4326565 ] ] } },
{ "type": "Feature", "properties": { "u": 7111632756, "v": 7111632757, "key": 0, "osmid": "761176748", "highway": [ "residential" ], "oneway": false, "reversed": "False", "length": 212.387389906935, "lanes": null, "name": null, "ref": null, "bridge": null, "maxspeed": null, "tunnel": null, "priority": 1 }, "geometry": { "type": "LineString", "coordinates": [ [ 141.8784829, 43.4303424 ], [ 141.8779485, 43.4284722 ] ] } },
{ "type": "Feature", "properties": { "u": 7111632757, "v": 1938413209, "key": 0, "osmid": "297154876", "highway": [ "tertiary" ], "oneway": false, "reversed": "False", "length": 280.3401373965994, "lanes": null, "name": null, "ref": null, "bridge": null, "maxspeed": null, "tunnel": null, "priority": 2 }, "geometry": { "type": "LineString", "coordinates": [ [ 141.8779485, 43.4284722 ], [ 141.8745554, 43.4290052 ] ] } },
{ "type": "Feature", "properties": { "u": 7111632757, "v": 7111632756, "key": 0, "osmid": "761176748", "highway": [ "residential" ], "oneway": false, "reversed": "True", "length": 212.387389906935, "lanes": null, "name": null, "ref": null, "bridge": null, "maxspeed": null, "tunnel": null, "priority": 1 }, "geometry": { "type": "LineString", "coordinates": [ [ 141.8779485, 43.4284722 ], [ 141.8784829, 43.4303424 ] ] } },
{ "type": "Feature", "properties": { "u": 7111632757, "v": 1938413164, "key": 0, "osmid": "297154876", "highway": [ "tertiary" ], "oneway": false, "reversed": "True", "length": 280.15072644103589, "lanes": null, "name": null, "ref": null, "bridge": null, "maxspeed": null, "tunnel": null, "priority": 2 }, "geometry": { "type": "LineString", "coordinates": [ [ 141.8779485, 43.4284722 ], [ 141.879299300000014, 43.42826 ], [ 141.8798935, 43.4281667 ], [ 141.8813441, 43.4279564 ] ] } },
{ "type": "Feature", "properties": { "u": 7113759937, "v": 7113759940, "key": 0, "osmid": "761400198", "highway": [ "residential" ], "oneway": false, "reversed": "False", "length": 205.05281388552663, "lanes": null, "name": null, "ref": null, "bridge": null, "maxspeed": null, "tunnel": null, "priority": 1 }, "geometry": { "type": "LineString", "coordinates": [ [ 141.8845717, 43.4170651 ], [ 141.8842439, 43.4159607 ], [ 141.8836766, 43.4160465 ], [ 141.883590199999986, 43.4157599 ] ] } },
{ "type": "Feature", "properties": { "u": 7113759940, "v": 7113759937, "key": 0, "osmid": "761400198", "highway": [ "residential" ], "oneway": false, "reversed": "True", "length": 205.05281388552663, "lanes": null, "name": null, "ref": null, "bridge": null, "maxspeed": null, "tunnel": null, "priority": 1 }, "geometry": { "type": "LineString", "coordinates": [ [ 141.883590199999986, 43.4157599 ], [ 141.8836766, 43.4160465 ], [ 141.8842439, 43.4159607 ], [ 141.8845717, 43.4170651 ] ] } },
{ "type": "Feature", "properties": { "u": 7115742060, "v": 1938412908, "key": 0, "osmid": "297154875", "highway": [ "secondary" ], "oneway": false, "reversed": "False", "length": 5.1242663075331798, "lanes": null, "name": "東奈井江奈井江停車場線", "ref": "529", "bridge": null, "maxspeed": null, "tunnel": null, "priority": 2 }, "geometry": { "type": "LineString", "coordinates": [ [ 141.9000287, 43.4250329 ], [ 141.8999674, 43.4250448 ] ] } },
{ "type": "Feature", "properties": { "u": 7115742060, "v": 1938412898, "key": 0, "osmid": "297154875", "highway": [ "secondary" ], "oneway": false, "reversed": "True", "length": 49.872934763160558, "lanes": null, "name": "東奈井江奈井江停車場線", "ref": "529", "bridge": null, "maxspeed": null, "tunnel": null, "priority": 2 }, "geometry": { "type": "LineString", "coordinates": [ [ 141.9000287, 43.4250329 ], [ 141.90063330000001, 43.4249415 ] ] } },
{ "type": "Feature", "properties": { "u": 7618659627, "v": 1938413086, "key": 0, "osmid": "183465919", "highway": [ "secondary" ], "oneway": false, "reversed": "False", "length": 39.997550263762996, "lanes": null, "name": "東奈井江奈井江停車場線", "ref": "529", "bridge": null, "maxspeed": null, "tunnel": null, "priority": 2 }, "geometry": { "type": "LineString", "coordinates": [ [ 141.888658600000014, 43.4268142 ], [ 141.8881747, 43.4268909 ] ] } },
{ "type": "Feature", "properties": { "u": 7618659627, "v": 7618659646, "key": 0, "osmid": [ 183466208, 183466022, 183465919 ], "highway": [ "secondary" ], "oneway": false, "reversed": "True", "length": 267.27544924606383, "lanes": null, "name": "東奈井江奈井江停車場線", "ref": "529", "bridge": null, "maxspeed": null, "tunnel": "yes", "priority": 2 }, "geometry": { "type": "LineString", "coordinates": [ [ 141.888658600000014, 43.4268142 ], [ 141.8896935, 43.4266497 ], [ 141.8903333, 43.426549 ], [ 141.8918951, 43.4263117 ] ] } },
{ "type": "Feature", "properties": { "u": 7618659643, "v": 1938412892, "key": 0, "osmid": "1233236614", "highway": [ "tertiary" ], "oneway": false, "reversed": "False", "length": 31.256901056172094, "lanes": null, "name": null, "ref": null, "bridge": null, "maxspeed": null, "tunnel": null, "priority": 2 }, "geometry": { "type": "LineString", "coordinates": [ [ 141.8889946, 43.4248532 ], [ 141.8886154, 43.4249095 ] ] } },
{ "type": "Feature", "properties": { "u": 7618659646, "v": 1938413029, "key": 0, "osmid": "183466208", "highway": [ "secondary" ], "oneway": false, "reversed": "True", "length": 31.623227070946196, "lanes": null, "name": "東奈井江奈井江停車場線", "ref": "529", "bridge": null, "maxspeed": null, "tunnel": null, "priority": 2 }, "geometry": { "type": "LineString", "coordinates": [ [ 141.8918951, 43.4263117 ], [ 141.8922784, 43.4262535 ] ] } },
{ "type": "Feature", "properties": { "u": 7618659646, "v": 7618659627, "key": 0, "osmid": [ 183466208, 183466022, 183465919 ], "highway": [ "secondary" ], "oneway": false, "reversed": "False", "length": 267.27544924606383, "lanes": null, "name": "東奈井江奈井江停車場線", "ref": "529", "bridge": null, "maxspeed": null, "tunnel": "yes", "priority": 2 }, "geometry": { "type": "LineString", "coordinates": [ [ 141.8918951, 43.4263117 ], [ 141.8903333, 43.426549 ], [ 141.8896935, 43.4266497 ], [ 141.888658600000014, 43.4268142 ] ] } },
{ "type": "Feature", "properties": { "u": 7838309217, "v": 1938411939, "key": 0, "osmid": [ 34238297, 682230202, 682230201 ], "highway": [ "trunk" ], "oneway": true, "reversed": "False", "length": 471.17851381430523, "lanes": "2", "name": "国道12号", "ref": "12", "bridge": "yes", "maxspeed": "50", "tunnel": null, "priority": 4 }, "geometry": { "type": "LineString", "coordinates": [ [ 141.882990799999988, 43.4090016 ], [ 141.8822045, 43.4063838 ], [ 141.88207890000001, 43.405953 ], [ 141.8817602, 43.4048596 ] ] } },
{ "type": "Feature", "properties": { "u": 7838309218, "v": 389414184, "key": 0, "osmid": "33995217", "highway": [ "trunk" ], "oneway": true, "reversed": "False", "length": 181.84029810950133, "lanes": "2", "name": "国道12号", "ref": "12", "bridge": null, "maxspeed": null, "tunnel": null, "priority": 4 }, "geometry": { "type": "LineString", "coordinates": [ [ 141.890673099999987, 43.4350566 ], [ 141.890203, 43.4334573 ] ] } },
{ "type": "Feature", "properties": { "u": 7838309219, "v": 7838309218, "key": 0, "osmid": "33995217", "highway": [ "trunk" ], "oneway": true, "reversed": "False", "length": 64.945363513486626, "lanes": "2", "name": "国道12号", "ref": "12", "bridge": null, "maxspeed": null, "tunnel": null, "priority": 4 }, "geometry": { "type": "LineString", "coordinates": [ [ 141.890841, 43.4356278 ], [ 141.890673099999987, 43.4350566 ] ] } },
{ "type": "Feature", "properties": { "u": 7838309219, "v": 2350615478, "key": 0, "osmid": "226201718", "highway": [ "residential" ], "oneway": false, "reversed": "False", "length": 12.227701282204144, "lanes": null, "name": null, "ref": null, "bridge": null, "maxspeed": null, "tunnel": null, "priority": 1 }, "geometry": { "type": "LineString", "coordinates": [ [ 141.890841, 43.4356278 ], [ 141.8906934, 43.4356524 ] ] } },
{ "type": "Feature", "properties": { "u": 7838309219, "v": 7838309220, "key": 0, "osmid": "226201718", "highway": [ "residential" ], "oneway": false, "reversed": "True", "length": 14.315862062867, "lanes": null, "name": null, "ref": null, "bridge": null, "maxspeed": null, "tunnel": null, "priority": 1 }, "geometry": { "type": "LineString", "coordinates": [ [ 141.890841, 43.4356278 ], [ 141.8910127, 43.4355957 ] ] } },
{ "type": "Feature", "properties": { "u": 7838309220, "v": 7838309219, "key": 0, "osmid": "226201718", "highway": [ "residential" ], "oneway": false, "reversed": "False", "length": 14.315862062867, "lanes": null, "name": null, "ref": null, "bridge": null, "maxspeed": null, "tunnel": null, "priority": 1 }, "geometry": { "type": "LineString", "coordinates": [ [ 141.8910127, 43.4355957 ], [ 141.890841, 43.4356278 ] ] } },
{ "type": "Feature", "properties": { "u": 8548106501, "v": 3010041356, "key": 0, "osmid": "815757988", "highway": [ "trunk" ], "oneway": false, "reversed": "False", "length": 105.61070246843894, "lanes": "2", "name": "国道12号", "ref": "12", "bridge": null, "maxspeed": null, "tunnel": null, "priority": 4 }, "geometry": { "type": "LineString", "coordinates": [ [ 141.887643, 43.4250614 ], [ 141.8879131, 43.4259907 ] ] } },
{ "type": "Feature", "properties": { "u": 8548106501, "v": 1938412892, "key": 0, "osmid": "1233236614", "highway": [ "tertiary" ], "oneway": false, "reversed": "True", "length": 80.325201537195781, "lanes": null, "name": null, "ref": null, "bridge": null, "maxspeed": null, "tunnel": null, "priority": 2 }, "geometry": { "type": "LineString", "coordinates": [ [ 141.887643, 43.4250614 ], [ 141.8886154, 43.4249095 ] ] } },
{ "type": "Feature", "properties": { "u": 8548106501, "v": 1938412829, "key": 0, "osmid": "920654523", "highway": [ "trunk" ], "oneway": false, "reversed": "True", "length": 93.525427340461931, "lanes": "2", "name": "国道12号", "ref": "12", "bridge": null, "maxspeed": null, "tunnel": null, "priority": 4 }, "geometry": { "type": "LineString", "coordinates": [ [ 141.887643, 43.4250614 ], [ 141.8874333, 43.4243512 ], [ 141.8874002, 43.424239 ] ] } },
{ "type": "Feature", "properties": { "u": 9862936066, "v": 392661608, "key": 0, "osmid": "72654659", "highway": [ "secondary" ], "oneway": false, "reversed": "True", "length": 11.774332926365735, "lanes": "2", "name": "砂川奈井江美唄線", "ref": "1130", "bridge": null, "maxspeed": null, "tunnel": null, "priority": 2 }, "geometry": { "type": "LineString", "coordinates": [ [ 141.8868587, 43.421908 ], [ 141.886714399999988, 43.4219231 ] ] } },
{ "type": "Feature", "properties": { "u": 9862936066, "v": 1938412527, "key": 0, "osmid": [ 183466232, 183466234, 72654659 ], "highway": "['tertiary' 'secondary']", "oneway": false, "reversed": "False", "length": 474.61149867630814, "lanes": "2", "name": "砂川奈井江美唄線", "ref": "1130", "bridge": null, "maxspeed": null, "tunnel": "yes", "priority": 2 }, "geometry": { "type": "LineString", "coordinates": [ [ 141.8868587, 43.421908 ], [ 141.8881992, 43.4217019 ], [ 141.8890903, 43.4215519 ], [ 141.892606699999988, 43.4210206 ] ] } },
{ "type": "Feature", "properties": { "u": 10043637938, "v": 2350612247, "key": 0, "osmid": "226201609", "highway": [ "residential" ], "oneway": false, "reversed": "True", "length": 69.867183140321401, "lanes": null, "name": null, "ref": null, "bridge": null, "maxspeed": null, "tunnel": null, "priority": 1 }, "geometry": { "type": "LineString", "coordinates": [ [ 141.8690576, 43.41143 ], [ 141.8699176, 43.4113629 ] ] } }
]
}
